-- MySQL dump 10.13  Distrib 5.6.30, for Linux (x86_64)
--
-- Host: localhost    Database: dnaliv
-- ------------------------------------------------------
-- Server version	5.6.30

/*!40101 SET @OLD_CHARACTER_SET_CLIENT=@@CHARACTER_SET_CLIENT */;
/*!40101 SET @OLD_CHARACTER_SET_RESULTS=@@CHARACTER_SET_RESULTS */;
/*!40101 SET @OLD_COLLATION_CONNECTION=@@COLLATION_CONNECTION */;
/*!40101 SET NAMES utf8 */;
/*!40103 SET @OLD_TIME_ZONE=@@TIME_ZONE */;
/*!40103 SET TIME_ZONE='+00:00' */;
/*!40014 SET @OLD_UNIQUE_CHECKS=@@UNIQUE_CHECKS, UNIQUE_CHECKS=0 */;
/*!40014 SET @OLD_FOREIGN_KEY_CHECKS=@@FOREIGN_KEY_CHECKS, FOREIGN_KEY_CHECKS=0 */;
/*!40101 SET @OLD_SQL_MODE=@@SQL_MODE, SQL_MODE='NO_AUTO_VALUE_ON_ZERO' */;
/*!40111 SET @OLD_SQL_NOTES=@@SQL_NOTES, SQL_NOTES=0 */;

--
-- Table structure for table `booking`
--

DROP TABLE IF EXISTS `booking`;
/*!40101 SET @saved_cs_client     = @@character_set_client */;
/*!40101 SET character_set_client = utf8 */;
CREATE TABLE `booking` (
  `booking_id` int(11) NOT NULL AUTO_INCREMENT,
  `sagsNo` varchar(30) NOT NULL,
  `DatoForBesoeg` datetime DEFAULT NULL,
  `DatoForBooking` datetime DEFAULT NULL,
  `status` int(1) NOT NULL,
  `created_timestamp` timestamp NOT NULL DEFAULT CURRENT_TIMESTAMP,
  `created_userName` varchar(40) DEFAULT NULL,
  `periode` int(11) NOT NULL,
  `aar_periode` int(11) NOT NULL,
  `lokalitet_id` int(11) DEFAULT NULL,
  PRIMARY KEY (`booking_id`)
) ENGINE=InnoDB AUTO_INCREMENT=254 DEFAULT CHARSET=utf8;
/*!40101 SET character_set_client = @saved_cs_client */;

--
-- Dumping data for table `booking`
--

LOCK TABLES `booking` WRITE;
/*!40000 ALTER TABLE `booking` DISABLE KEYS */;
INSERT INTO `booking` VALUES (1,'F13_009','2014-10-14 00:00:00','2014-04-08 00:00:00',-1,'2016-06-02 10:57:21',NULL,0,0,NULL),(2,'F13_016','2014-10-15 00:00:00','2014-05-21 00:00:00',-1,'2016-06-02 10:57:21',NULL,0,0,NULL),(3,'F13_026','2014-11-05 00:00:00','2014-05-27 00:00:00',-1,'2016-06-02 10:57:21',NULL,0,0,NULL),(4,'F13_028','2014-12-03 00:00:00','2014-05-28 00:00:00',-1,'2016-06-02 10:57:21',NULL,0,0,NULL),(5,'F13_032','2014-11-13 00:00:00','2014-05-29 00:00:00',-1,'2016-06-02 10:57:21',NULL,0,0,NULL),(6,'F13_041','2014-10-16 00:00:00','2014-06-26 00:00:00',-1,'2016-06-02 10:57:21',NULL,0,0,NULL),(7,'F13_044','2014-11-21 00:00:00','2014-06-26 00:00:00',-1,'2016-06-02 10:57:21',NULL,0,0,NULL),(8,'F13-029','1899-12-30 00:00:00','2014-05-28 00:00:00',-1,'2016-06-02 10:57:22',NULL,0,0,NULL),(9,'F13-030','1899-12-30 00:00:00','2014-10-01 00:00:00',-1,'2016-06-02 10:57:22',NULL,0,0,NULL),(10,'F14_005','2014-12-11 00:00:00','2014-08-11 00:00:00',-1,'2016-06-02 10:57:22',NULL,0,0,NULL),(11,'F14_009','2015-01-06 00:00:00','2014-08-18 00:00:00',-1,'2016-06-02 10:57:22',NULL,0,0,NULL),(12,'F14_010','2015-01-07 00:00:00','2014-08-18 00:00:00',-1,'2016-06-02 10:57:22',NULL,0,0,NULL),(13,'F14_012','2015-04-08 00:00:00','2014-08-19 00:00:00',-1,'2016-06-02 10:57:22',NULL,0,0,NULL),(14,'F14_013','2014-12-16 00:00:00','2014-08-20 00:00:00',-1,'2016-06-02 10:57:22',NULL,0,0,NULL),(15,'F14_018','2015-01-09 00:00:00','2014-08-31 00:00:00',-1,'2016-06-02 10:57:22',NULL,0,0,NULL),(16,'F14_019','2015-04-28 00:00:00','2014-09-07 00:00:00',-1,'2016-06-02 10:57:22',NULL,0,0,NULL),(17,'F14_023','2015-12-10 00:00:00','2014-11-03 00:00:00',-1,'2016-06-02 10:57:22',NULL,0,0,NULL),(18,'F14_027','2015-01-28 00:00:00','2014-11-19 00:00:00',-1,'2016-06-02 10:57:22',NULL,0,0,NULL),(19,'F14_032','2015-02-06 00:00:00','2014-11-27 00:00:00',-1,'2016-06-02 10:57:22',NULL,0,0,NULL),(20,'F14_037','2015-04-14 00:00:00','2015-01-04 00:00:00',-1,'2016-06-02 10:57:22',NULL,0,0,NULL),(21,'F14_038','2015-04-17 00:00:00','2015-01-04 00:00:00',-1,'2016-06-02 10:57:22',NULL,0,0,NULL),(22,'F14_040','2015-09-01 00:00:00','2015-01-08 00:00:00',-1,'2016-06-02 10:57:23',NULL,0,0,NULL),(23,'F14_047','2015-05-06 00:00:00','2015-01-13 00:00:00',-1,'2016-06-02 10:57:23',NULL,0,0,NULL),(24,'F14_050','2015-03-24 00:00:00','2015-01-13 00:00:00',-1,'2016-06-02 10:57:23',NULL,0,0,NULL),(25,'F14_066','2015-05-20 00:00:00','2015-03-11 00:00:00',-1,'2016-06-02 10:57:23',NULL,0,0,NULL),(26,'F14_068','2015-05-06 00:00:00','2015-03-19 00:00:00',-1,'2016-06-02 10:57:23',NULL,0,0,NULL),(27,'F14_080','2015-08-25 00:00:00','2015-04-08 00:00:00',-1,'2016-06-02 10:57:23',NULL,0,0,NULL),(28,'F14_083','2015-05-06 00:00:00','2015-04-16 00:00:00',-1,'2016-06-02 10:57:23',NULL,0,0,NULL),(29,'F14_085','2015-09-04 00:00:00','2015-04-20 00:00:00',-1,'2016-06-02 10:57:23',NULL,0,0,NULL),(30,'F14_094','2015-09-23 00:00:00','2015-05-13 00:00:00',-1,'2016-06-02 10:57:23',NULL,0,0,NULL),(31,'F14_096','2016-02-28 00:00:00','2015-05-19 00:00:00',-1,'2016-06-02 10:57:23',NULL,0,0,NULL),(32,'F14_109','2016-01-22 00:00:00','2015-05-19 00:00:00',-1,'2016-06-02 10:57:23',NULL,0,0,NULL),(33,'F14-001','1899-12-30 00:00:00','2014-08-04 00:00:00',-1,'2016-06-02 10:57:24',NULL,0,0,NULL),(34,'F15_001','2015-09-25 00:00:00','2015-08-04 00:00:00',-1,'2016-06-02 10:57:24',NULL,0,0,NULL),(35,'F15_003','2015-11-06 00:00:00','2015-08-10 00:00:00',-1,'2016-06-02 10:57:24',NULL,0,0,NULL),(36,'F15_006','2015-11-05 00:00:00','2015-08-12 00:00:00',-1,'2016-06-02 10:57:24',NULL,0,0,NULL),(37,'F15_009','2016-04-14 00:00:00','2015-08-14 00:00:00',-1,'2016-06-02 10:57:24',NULL,0,0,NULL),(38,'F15_012','2015-10-27 00:00:00','2015-08-17 00:00:00',-1,'2016-06-02 10:57:24',NULL,0,0,NULL),(39,'F15_016','2015-11-13 00:00:00','2015-08-19 00:00:00',-1,'2016-06-02 10:57:24',NULL,0,0,NULL),(40,'F15_018','2016-01-21 00:00:00','2015-08-21 00:00:00',-1,'2016-06-02 10:57:24',NULL,0,0,NULL),(41,'F15_024','2015-10-30 00:00:00','2015-09-06 00:00:00',-1,'2016-06-02 10:57:24',NULL,0,0,NULL),(42,'F15_025','2016-02-26 00:00:00','2015-09-08 00:00:00',-1,'2016-06-02 10:57:24',NULL,0,0,NULL),(43,'F15_027','2016-04-21 00:00:00','2015-09-28 00:00:00',-1,'2016-06-02 10:57:24',NULL,0,0,NULL),(44,'F15_035','2016-01-06 00:00:00','2015-10-24 00:00:00',-1,'2016-06-02 10:57:25',NULL,0,0,NULL),(45,'F15_036','2016-03-15 00:00:00','2015-10-26 00:00:00',-1,'2016-06-02 10:57:25',NULL,0,0,NULL),(46,'F15_044','2016-03-09 00:00:00','2015-11-17 00:00:00',-1,'2016-06-02 10:57:25',NULL,0,0,NULL),(47,'F15_050','2016-03-17 00:00:00','2015-11-17 00:00:00',-1,'2016-06-02 10:57:25',NULL,0,0,NULL),(48,'F15_053','2016-05-19 00:00:00','2015-11-17 00:00:00',-1,'2016-06-02 10:57:25',NULL,0,0,NULL),(49,'F15_060','2016-03-04 00:00:00','2015-11-19 00:00:00',-1,'2016-06-02 10:57:25',NULL,0,0,NULL),(50,'F15_062','2016-03-18 00:00:00','2015-11-22 00:00:00',-1,'2016-06-02 10:57:25',NULL,0,0,NULL),(51,'F15_065','2016-04-15 00:00:00','2015-11-26 00:00:00',-1,'2016-06-02 10:57:25',NULL,0,0,NULL),(52,'F15_084','2016-05-27 00:00:00','2016-01-18 00:00:00',-1,'2016-06-02 10:57:25',NULL,0,0,NULL),(53,'F15_085','2016-05-12 00:00:00','2016-01-25 00:00:00',-1,'2016-06-02 10:57:25',NULL,0,0,NULL),(54,'F15_089','2016-05-20 00:00:00','2016-02-12 00:00:00',-1,'2016-06-02 10:57:25',NULL,0,0,NULL),(55,'aTest01','2014-09-17 00:00:00','0000-00-00 00:00:00',1,'2016-06-02 10:57:26',NULL,0,0,NULL),(56,'aTest02','2014-09-19 00:00:00','0000-00-00 00:00:00',1,'2016-06-02 10:57:26',NULL,0,0,NULL),(57,'aTest03','2014-09-23 00:00:00','0000-00-00 00:00:00',1,'2016-06-02 10:57:26',NULL,0,0,NULL),(58,'aTest04','2014-09-24 00:00:00','0000-00-00 00:00:00',1,'2016-06-02 10:57:26',NULL,0,0,NULL),(59,'aTest05','2014-09-25 00:00:00','0000-00-00 00:00:00',1,'2016-06-02 10:57:26',NULL,0,0,NULL),(60,'aTest06','2014-09-26 00:00:00','0000-00-00 00:00:00',1,'2016-06-02 10:57:26',NULL,0,0,NULL),(61,'aTest07','2014-10-01 00:00:00','0000-00-00 00:00:00',1,'2016-06-02 10:57:26',NULL,0,0,NULL),(62,'F13_002','2014-11-28 00:00:00','2014-04-07 00:00:00',1,'2016-06-02 10:57:26',NULL,0,0,NULL),(63,'F13_003','2014-10-07 00:00:00','2014-04-07 00:00:00',1,'2016-06-02 10:57:27',NULL,0,0,NULL),(64,'F13_004','2014-10-08 00:00:00','2014-04-07 00:00:00',1,'2016-06-02 10:57:27',NULL,0,0,NULL),(65,'F13_005','2014-10-31 00:00:00','2014-04-07 00:00:00',1,'2016-06-02 10:57:27',NULL,0,0,NULL),(66,'F13_006','2014-11-04 00:00:00','2014-04-08 00:00:00',1,'2016-06-02 10:57:27',NULL,0,0,NULL),(67,'F13_007','2014-12-10 00:00:00','2014-04-08 00:00:00',1,'2016-06-02 10:57:27',NULL,0,0,NULL),(68,'F13_008','2014-10-10 00:00:00','2014-04-08 00:00:00',1,'2016-06-02 10:57:27',NULL,0,0,NULL),(69,'F13_010','2014-10-29 00:00:00','2014-04-08 00:00:00',1,'2016-06-02 10:57:27',NULL,0,0,NULL),(70,'F13_011','2015-02-05 00:00:00','2014-04-08 00:00:00',1,'2016-06-02 10:57:27',NULL,0,0,NULL),(71,'F13_012','2014-10-21 00:00:00','2014-04-08 00:00:00',1,'2016-06-02 10:57:27',NULL,0,0,NULL),(72,'F13_013','2014-11-06 00:00:00','2014-05-14 00:00:00',1,'2016-06-02 10:57:27',NULL,0,0,NULL),(73,'F13_014','2014-10-22 00:00:00','2014-05-15 00:00:00',1,'2016-06-02 10:57:27',NULL,0,0,NULL),(74,'F13_015','2014-11-07 00:00:00','2014-05-21 00:00:00',1,'2016-06-02 10:57:28',NULL,0,0,NULL),(75,'F13_017','2015-05-13 00:00:00','2014-05-21 00:00:00',1,'2016-06-02 10:57:28',NULL,0,0,NULL),(76,'F13_019','2014-10-09 00:00:00','2014-05-21 00:00:00',1,'2016-06-02 10:57:28',NULL,0,0,NULL),(77,'F13_020','2014-10-28 00:00:00','2014-05-21 00:00:00',1,'2016-06-02 10:57:28',NULL,0,0,NULL),(78,'F13_021','2015-01-13 00:00:00','2014-05-22 00:00:00',1,'2016-06-02 10:57:28',NULL,0,0,NULL),(79,'F13_022','2014-10-30 00:00:00','2014-05-23 00:00:00',1,'2016-06-02 10:57:28',NULL,0,0,NULL),(80,'F13_023','2014-11-25 00:00:00','2014-05-26 00:00:00',1,'2016-06-02 10:57:28',NULL,0,0,NULL),(81,'F13_024','2014-11-11 00:00:00','2014-05-26 00:00:00',1,'2016-06-02 10:57:28',NULL,0,0,NULL),(82,'F13_025','2014-10-24 00:00:00','2014-05-27 00:00:00',1,'2016-06-02 10:57:29',NULL,0,0,NULL),(83,'F13_027','2014-11-12 00:00:00','2014-05-28 00:00:00',1,'2016-06-02 10:57:29',NULL,0,0,NULL),(84,'F13_031','2014-11-14 00:00:00','2014-05-28 00:00:00',1,'2016-06-02 10:57:29',NULL,0,0,NULL),(85,'F13_033','2015-03-06 00:00:00','2014-06-01 00:00:00',1,'2016-06-02 10:57:29',NULL,0,0,NULL),(86,'F13_034','2014-12-04 00:00:00','2014-08-04 00:00:00',1,'2016-06-02 10:57:29',NULL,0,0,NULL),(87,'F13_035','2015-03-10 00:00:00','2014-06-17 00:00:00',1,'2016-06-02 10:57:29',NULL,0,0,NULL),(88,'F13_036','2014-12-12 00:00:00','2014-06-19 00:00:00',1,'2016-06-02 10:57:29',NULL,0,0,NULL),(89,'F13_037','2015-01-21 00:00:00','2014-06-22 00:00:00',1,'2016-06-02 10:57:29',NULL,0,0,NULL),(90,'F13_038','2014-10-23 00:00:00','2014-06-24 00:00:00',1,'2016-06-02 10:57:29',NULL,0,0,NULL),(91,'F13_039','2015-01-14 00:00:00','2014-06-24 00:00:00',1,'2016-06-02 10:57:29',NULL,0,0,NULL),(92,'F13_040','2014-11-18 00:00:00','2014-06-26 00:00:00',1,'2016-06-02 10:57:29',NULL,0,0,NULL),(93,'F13_042','2014-11-19 00:00:00','2014-06-26 00:00:00',1,'2016-06-02 10:57:29',NULL,0,0,NULL),(94,'F13_043','2015-01-20 00:00:00','2014-06-26 00:00:00',1,'2016-06-02 10:57:30',NULL,0,0,NULL),(95,'F13_045','2014-11-20 00:00:00','2014-06-26 00:00:00',1,'2016-06-02 10:57:30',NULL,0,0,NULL),(96,'F13_046_1','2015-03-11 00:00:00','2014-06-30 00:00:00',1,'2016-06-02 10:57:30',NULL,0,0,NULL),(97,'F13_046_2','2015-03-11 00:00:00','2014-06-30 00:00:00',1,'2016-06-02 10:57:30',NULL,0,0,NULL),(98,'F13_047','2015-01-15 00:00:00','2014-07-01 00:00:00',1,'2016-06-02 10:57:30',NULL,0,0,NULL),(99,'F13_048','2014-12-09 00:00:00','2014-07-02 00:00:00',1,'2016-06-02 10:57:30',NULL,0,0,NULL),(100,'F13_049','2014-11-26 00:00:00','2014-07-03 00:00:00',1,'2016-06-02 10:57:30',NULL,0,0,NULL),(101,'F13_051','2015-04-09 00:00:00','2014-07-23 00:00:00',1,'2016-06-02 10:57:30',NULL,0,0,NULL),(102,'F13_052','2014-12-02 00:00:00','2014-07-31 00:00:00',1,'2016-06-02 10:57:30',NULL,0,0,NULL),(103,'F14_002','2015-04-23 00:00:00','2014-08-06 00:00:00',1,'2016-06-02 10:57:30',NULL,0,0,NULL),(104,'F14_004','2015-01-22 00:00:00','2014-08-07 00:00:00',1,'2016-06-02 10:57:30',NULL,0,0,NULL),(105,'F14_006','2014-12-17 00:00:00','2014-06-26 00:00:00',1,'2016-06-02 10:57:30',NULL,0,0,NULL),(106,'F14_007','2015-01-08 00:00:00','2014-08-12 00:00:00',1,'2016-06-02 10:57:30',NULL,0,0,NULL),(107,'F14_008','2015-03-17 00:00:00','2014-08-14 00:00:00',1,'2016-06-02 10:57:31',NULL,0,0,NULL),(108,'F14_011','2015-01-27 00:00:00','2014-08-19 00:00:00',1,'2016-06-02 10:57:31',NULL,0,0,NULL),(109,'F14_014','2015-04-29 00:00:00','0000-00-00 00:00:00',1,'2016-06-02 10:57:31',NULL,0,0,NULL),(110,'F14_015','2015-01-16 00:00:00','2014-08-25 00:00:00',1,'2016-06-02 10:57:32',NULL,0,0,NULL),(111,'F14_016','2014-12-05 00:00:00','2014-08-26 00:00:00',1,'2016-06-02 10:57:32',NULL,0,0,NULL),(112,'F14_017','2014-12-18 00:00:00','2014-08-26 00:00:00',1,'2016-06-02 10:57:32',NULL,0,0,NULL),(113,'F14_020','2015-01-23 00:00:00','2014-09-11 00:00:00',1,'2016-06-02 10:57:32',NULL,0,0,NULL),(114,'F14_021','2015-02-20 00:00:00','2014-09-22 00:00:00',1,'2016-06-02 10:57:32',NULL,0,0,NULL),(115,'F14_022','2014-11-05 00:00:00','2014-10-10 00:00:00',1,'2016-06-02 10:57:32',NULL,0,0,NULL),(116,'F14_024','2015-02-04 00:00:00','2014-11-07 00:00:00',1,'2016-06-02 10:57:32',NULL,0,0,NULL),(117,'F14_025','2015-02-27 00:00:00','2014-11-12 00:00:00',1,'2016-06-02 10:57:32',NULL,0,0,NULL),(118,'F14_026','2015-01-29 00:00:00','2014-11-13 00:00:00',1,'2016-06-02 10:57:33',NULL,0,0,NULL),(119,'F14_028','2015-02-03 00:00:00','2014-11-19 00:00:00',1,'2016-06-02 10:57:33',NULL,0,0,NULL),(120,'F14_029','2015-04-10 00:00:00','2014-11-20 00:00:00',1,'2016-06-02 10:57:33',NULL,0,0,NULL),(121,'F14_030','2015-03-25 00:00:00','2014-11-20 00:00:00',1,'2016-06-02 10:57:33',NULL,0,0,NULL),(122,'F14_031','2015-01-07 00:00:00','2014-11-21 00:00:00',1,'2016-06-02 10:57:33',NULL,0,0,NULL),(123,'F14_033','2015-01-09 00:00:00','2014-12-05 00:00:00',1,'2016-06-02 10:57:33',NULL,0,0,NULL),(124,'F14_034','2015-02-17 00:00:00','2014-12-16 00:00:00',1,'2016-06-02 10:57:33',NULL,0,0,NULL),(125,'F14_035','2015-04-21 00:00:00','2015-01-04 00:00:00',1,'2016-06-02 10:57:33',NULL,0,0,NULL),(126,'F14_036','2015-03-20 00:00:00','2015-01-04 00:00:00',1,'2016-06-02 10:57:33',NULL,0,0,NULL),(127,'F14_039','2015-04-22 00:00:00','2015-01-04 00:00:00',1,'2016-06-02 10:57:33',NULL,0,0,NULL),(128,'F14_041','2015-04-15 00:00:00','2015-01-09 00:00:00',1,'2016-06-02 10:57:33',NULL,0,0,NULL),(129,'F14_042','2015-04-24 00:00:00','2015-01-09 00:00:00',1,'2016-06-02 10:57:33',NULL,0,0,NULL),(130,'F14_043','2015-09-02 00:00:00','2015-01-09 00:00:00',1,'2016-06-02 10:57:33',NULL,0,0,NULL),(131,'F14_044','2015-04-08 00:00:00','2015-01-12 00:00:00',1,'2016-06-02 10:57:34',NULL,0,0,NULL),(132,'F14_045','2015-04-16 00:00:00','2015-01-12 00:00:00',1,'2016-06-02 10:57:34',NULL,0,0,NULL),(133,'F14_046','2015-05-12 00:00:00','2015-01-13 00:00:00',1,'2016-06-02 10:57:34',NULL,0,0,NULL),(134,'F14_048','2015-04-30 00:00:00','0000-00-00 00:00:00',1,'2016-06-02 10:57:34',NULL,0,0,NULL),(135,'F14_049','2015-05-05 00:00:00','2015-01-13 00:00:00',1,'2016-06-02 10:57:34',NULL,0,0,NULL),(136,'F14_051','2015-05-07 00:00:00','2015-01-14 00:00:00',0,'2016-06-02 10:57:34',NULL,0,0,NULL),(137,'F14_052','2015-02-26 00:00:00','2014-11-19 00:00:00',1,'2016-06-02 10:57:34',NULL,0,0,NULL),(138,'F14_053','2015-04-17 00:00:00','2015-01-20 00:00:00',1,'2016-06-02 10:57:34',NULL,0,0,NULL),(139,'F14_054','2015-03-19 00:00:00','2015-01-20 00:00:00',1,'2016-06-02 10:57:34',NULL,0,0,NULL),(140,'F14_055','2015-02-24 00:00:00','2015-01-21 00:00:00',1,'2016-06-02 10:57:34',NULL,0,0,NULL),(141,'F14_056','2015-05-19 00:00:00','2015-01-22 00:00:00',1,'2016-06-02 10:57:35',NULL,0,0,NULL),(142,'F14_057','2015-04-28 00:00:00','2015-01-30 00:00:00',1,'2016-06-02 10:57:35',NULL,0,0,NULL),(143,'F14_058','2015-04-07 00:00:00','2015-02-02 00:00:00',1,'2016-06-02 10:57:35',NULL,0,0,NULL),(144,'F14_059','2015-12-16 00:00:00','2015-02-03 00:00:00',1,'2016-06-02 10:57:35',NULL,0,0,NULL),(145,'F14_061','2015-05-21 00:00:00','2015-02-05 00:00:00',1,'2016-06-02 10:57:35',NULL,0,0,NULL),(146,'F14_062','2015-05-08 00:00:00','2015-02-05 00:00:00',1,'2016-06-02 10:57:35',NULL,0,0,NULL),(147,'F14_063','2015-03-26 00:00:00','2015-02-06 00:00:00',1,'2016-06-02 10:57:35',NULL,0,0,NULL),(148,'F14_064','2015-05-28 00:00:00','2015-02-06 00:00:00',1,'2016-06-02 10:57:35',NULL,0,0,NULL),(149,'F14_065','2015-09-24 00:00:00','2015-02-24 00:00:00',1,'2016-06-02 10:57:35',NULL,0,0,NULL),(150,'F14_074','2015-08-28 00:00:00','2015-03-30 00:00:00',1,'2016-06-02 10:57:35',NULL,0,0,NULL),(151,'F14_075','2015-09-17 00:00:00','2015-04-06 00:00:00',1,'2016-06-02 10:57:35',NULL,0,0,NULL),(152,'F14_076','2015-09-03 00:00:00','2015-04-07 00:00:00',1,'2016-06-02 10:57:35',NULL,0,0,NULL),(153,'F14_077','2015-09-08 00:00:00','2015-04-07 00:00:00',1,'2016-06-02 10:57:35',NULL,0,0,NULL),(154,'F14_078','2015-10-23 00:00:00','2015-04-08 00:00:00',1,'2016-06-02 10:57:36',NULL,0,0,NULL),(155,'F14_079','2015-05-22 00:00:00','2015-04-08 00:00:00',1,'2016-06-02 10:57:36',NULL,0,0,NULL),(156,'F14_081','2015-09-09 00:00:00','2015-04-15 00:00:00',1,'2016-06-02 10:57:36',NULL,0,0,NULL),(157,'F14_082','2015-08-26 00:00:00','2015-04-16 00:00:00',1,'2016-06-02 10:57:36',NULL,0,0,NULL),(158,'F14_084','2015-10-01 00:00:00','2015-04-20 00:00:00',1,'2016-06-02 10:57:36',NULL,0,0,NULL),(159,'F14_086','2015-06-03 00:00:00','2015-04-20 00:00:00',1,'2016-06-02 10:57:36',NULL,0,0,NULL),(160,'F14_086_2','2015-06-03 00:00:00','2015-04-20 00:00:00',1,'2016-06-02 10:57:36',NULL,0,0,NULL),(161,'F14_087','2015-12-17 00:00:00','2015-04-21 00:00:00',1,'2016-06-02 10:57:36',NULL,0,0,NULL),(162,'F14_088','2015-10-02 00:00:00','2015-04-23 00:00:00',1,'2016-06-02 10:57:36',NULL,0,0,NULL),(163,'F14_089','2016-01-20 00:00:00','2015-04-24 00:00:00',1,'2016-06-02 10:57:36',NULL,0,0,NULL),(164,'F14_090','2015-09-18 00:00:00','2015-04-29 00:00:00',1,'2016-06-02 10:57:37',NULL,0,0,NULL),(165,'F14_091','2015-09-10 00:00:00','2015-04-29 00:00:00',1,'2016-06-02 10:57:37',NULL,0,0,NULL),(166,'F14_092','2015-08-27 00:00:00','2015-04-29 00:00:00',1,'2016-06-02 10:57:37',NULL,0,0,NULL),(167,'F14_093','2015-05-29 00:00:00','2015-05-04 00:00:00',1,'2016-06-02 10:57:37',NULL,0,0,NULL),(168,'F14_095','2015-11-20 00:00:00','2015-05-16 00:00:00',1,'2016-06-02 10:57:37',NULL,0,0,NULL),(169,'F14_097','2015-09-11 00:00:00','2015-05-22 00:00:00',1,'2016-06-02 10:57:37',NULL,0,0,NULL),(170,'F14_098','2015-11-11 00:00:00','2015-05-27 00:00:00',1,'2016-06-02 10:57:37',NULL,0,0,NULL),(171,'F14_099','2015-09-16 00:00:00','2015-05-30 00:00:00',1,'2016-06-02 10:57:37',NULL,0,0,NULL),(172,'F14_100','2015-09-22 00:00:00','2015-06-10 00:00:00',1,'2016-06-02 10:57:37',NULL,0,0,NULL),(173,'F14_101','2015-10-29 00:00:00','2015-06-12 00:00:00',0,'2016-06-02 10:57:37',NULL,0,0,NULL),(174,'F14_102','2015-12-02 00:00:00','2015-06-14 00:00:00',1,'2016-06-02 10:57:37',NULL,0,0,NULL),(175,'F14_103','2016-01-29 00:00:00','2015-06-16 00:00:00',1,'2016-06-02 10:57:38',NULL,0,0,NULL),(176,'F14_104','2016-04-20 00:00:00','2015-06-17 00:00:00',1,'2016-06-02 10:57:38',NULL,0,0,NULL),(177,'F14_105','2016-04-12 00:00:00','2015-06-23 00:00:00',1,'2016-06-02 10:57:38',NULL,0,0,NULL),(178,'F14_106','2015-08-25 00:00:00','2015-06-25 00:00:00',1,'2016-06-02 10:57:38',NULL,0,0,NULL),(179,'F14_107','2015-10-06 00:00:00','2015-06-25 00:00:00',1,'2016-06-02 10:57:38',NULL,0,0,NULL),(180,'F14_108','2015-09-30 00:00:00','2015-06-28 00:00:00',1,'2016-06-02 10:57:38',NULL,0,0,NULL),(181,'F14_110','2015-10-07 00:00:00','2015-06-30 00:00:00',1,'2016-06-02 10:57:38',NULL,0,0,NULL),(182,'F15_002','2016-02-11 00:00:00','2015-08-07 00:00:00',1,'2016-06-02 10:57:38',NULL,0,0,NULL),(183,'F15_005','2015-11-19 00:00:00','2015-08-11 00:00:00',1,'2016-06-02 10:57:38',NULL,0,0,NULL),(184,'F15_007','2015-09-29 00:00:00','2015-08-12 00:00:00',1,'2016-06-02 10:57:38',NULL,0,0,NULL),(185,'F15_008','2015-11-24 00:00:00','2015-08-13 00:00:00',1,'2016-06-02 10:57:38',NULL,0,0,NULL),(186,'F15_010','2016-04-19 00:00:00','2015-08-15 00:00:00',1,'2016-06-02 10:57:38',NULL,0,0,NULL),(187,'F15_011','2016-02-05 00:00:00','2015-08-17 00:00:00',1,'2016-06-02 10:57:39',NULL,0,0,NULL),(188,'F15_013','2016-01-27 00:00:00','2015-08-17 00:00:00',1,'2016-06-02 10:57:39',NULL,0,0,NULL),(189,'F15_014','2016-01-28 00:00:00','2015-08-17 00:00:00',1,'2016-06-02 10:57:39',NULL,0,0,NULL),(190,'F15_017','2015-09-25 00:00:00','2015-08-19 00:00:00',1,'2016-06-02 10:57:39',NULL,0,0,NULL),(191,'F15_019','2015-10-08 00:00:00','2015-08-26 00:00:00',1,'2016-06-02 10:57:39',NULL,0,0,NULL),(192,'F15_020','2015-11-10 00:00:00','2015-08-27 00:00:00',1,'2016-06-02 10:57:39',NULL,0,0,NULL),(193,'F15_021','2015-12-11 00:00:00','2015-08-31 00:00:00',1,'2016-06-02 10:57:39',NULL,0,0,NULL),(194,'F15_022','2015-11-17 00:00:00','2015-09-02 00:00:00',1,'2016-06-02 10:57:39',NULL,0,0,NULL),(195,'F15_023','2015-11-12 00:00:00','2015-09-03 00:00:00',1,'2016-06-02 10:57:39',NULL,0,0,NULL),(196,'F15_026','2015-12-09 00:00:00','2015-09-28 00:00:00',1,'2016-06-02 10:57:39',NULL,0,0,NULL),(197,'F15_028','2015-11-06 00:00:00','2015-10-07 00:00:00',1,'2016-06-02 10:57:40',NULL,0,0,NULL),(198,'F15_029','2016-02-24 00:00:00','2015-10-13 00:00:00',1,'2016-06-02 10:57:40',NULL,0,0,NULL),(199,'F15_030','2015-11-05 00:00:00','2015-10-20 00:00:00',1,'2016-06-02 10:57:40',NULL,0,0,NULL),(200,'F15_031','2015-11-18 00:00:00','2015-10-20 00:00:00',1,'2016-06-02 10:57:40',NULL,0,0,NULL),(201,'F15_032','2016-01-08 00:00:00','2015-10-21 00:00:00',1,'2016-06-02 10:57:40',NULL,0,0,NULL),(202,'F15_033','2016-04-26 00:00:00','2015-10-21 00:00:00',1,'2016-06-02 10:57:40',NULL,0,0,NULL),(203,'F15_034','2016-04-28 00:00:00','2015-10-23 00:00:00',1,'2016-06-02 10:57:40',NULL,0,0,NULL),(204,'F15_037','2016-04-07 00:00:00','2015-10-28 00:00:00',1,'2016-06-02 10:57:40',NULL,0,0,NULL),(205,'F15_038','2015-11-25 00:00:00','2015-11-04 00:00:00',1,'2016-06-02 10:57:40',NULL,0,0,NULL),(206,'F15_039','2016-04-08 00:00:00','2015-11-12 00:00:00',1,'2016-06-02 10:57:40',NULL,0,0,NULL),(207,'F15_040','2016-03-10 00:00:00','2015-11-17 00:00:00',1,'2016-06-02 10:57:40',NULL,0,0,NULL),(208,'F15_042','2016-02-03 00:00:00','2015-11-17 00:00:00',1,'2016-06-02 10:57:41',NULL,0,0,NULL),(209,'F15_043','2016-03-30 00:00:00','2015-11-17 00:00:00',1,'2016-06-02 10:57:41',NULL,0,0,NULL),(210,'F15_046','2016-04-06 00:00:00','2015-11-17 00:00:00',1,'2016-06-02 10:57:41',NULL,0,0,NULL),(211,'F15_048','2016-04-29 00:00:00','2015-11-17 00:00:00',1,'2016-06-02 10:57:41',NULL,0,0,NULL),(212,'F15_049','2016-02-25 00:00:00','2015-11-17 00:00:00',1,'2016-06-02 10:57:41',NULL,0,0,NULL),(213,'F15_051','2016-04-27 00:00:00','2015-11-17 00:00:00',1,'2016-06-02 10:57:41',NULL,0,0,NULL),(214,'F15_052','2016-03-02 00:00:00','2015-11-17 00:00:00',1,'2016-06-02 10:57:41',NULL,0,0,NULL),(215,'F15_054','2016-05-11 00:00:00','2015-11-17 00:00:00',1,'2016-06-02 10:57:42',NULL,0,0,NULL),(216,'F15_055','2016-03-08 00:00:00','2015-11-17 00:00:00',1,'2016-06-02 10:57:42',NULL,0,0,NULL),(217,'F15_056','2016-01-07 00:00:00','2015-11-17 00:00:00',1,'2016-06-02 10:57:42',NULL,0,0,NULL),(218,'F15_057','2016-05-18 00:00:00','2015-11-17 00:00:00',1,'2016-06-02 10:57:42',NULL,0,0,NULL),(219,'F15_058','2016-02-09 00:00:00','2015-11-19 00:00:00',1,'2016-06-02 10:57:42',NULL,0,0,NULL),(220,'F15_059','2016-04-01 00:00:00','2015-11-19 00:00:00',1,'2016-06-02 10:57:43',NULL,0,0,NULL),(221,'F15_061','2016-03-03 00:00:00','2015-11-20 00:00:00',1,'2016-06-02 10:57:43',NULL,0,0,NULL),(222,'F15_063','2016-04-05 00:00:00','2015-11-24 00:00:00',1,'2016-06-02 10:57:43',NULL,0,0,NULL),(223,'F15_064','2016-01-19 00:00:00','2015-11-24 00:00:00',1,'2016-06-02 10:57:43',NULL,0,0,NULL),(224,'F15_066','2016-02-02 00:00:00','2015-11-27 00:00:00',1,'2016-06-02 10:57:43',NULL,0,0,NULL),(225,'F15_067','2016-01-12 00:00:00','2015-11-30 00:00:00',1,'2016-06-02 10:57:43',NULL,0,0,NULL),(226,'F15_068','2016-05-03 00:00:00','2015-12-03 00:00:00',1,'2016-06-02 10:57:43',NULL,0,0,NULL),(227,'F15_069','2016-05-04 00:00:00','2015-12-03 00:00:00',1,'2016-06-02 10:57:43',NULL,0,0,NULL),(228,'F15_070','2016-02-03 00:00:00','2015-12-07 00:00:00',1,'2016-06-02 10:57:44',NULL,0,0,NULL),(229,'F15_071','2016-01-15 00:00:00','2015-12-07 00:00:00',1,'2016-06-02 10:57:44',NULL,0,0,NULL),(230,'F15_072','2016-03-09 00:00:00','2015-12-23 00:00:00',1,'2016-06-02 10:57:44',NULL,0,0,NULL),(231,'F15_073','2016-03-31 00:00:00','2015-12-28 00:00:00',1,'2016-06-02 10:57:44',NULL,0,0,NULL),(232,'F15_074','2016-03-29 00:00:00','2016-01-03 00:00:00',1,'2016-06-02 10:57:44',NULL,0,0,NULL),(233,'F15_075','2016-02-23 00:00:00','2016-01-05 00:00:00',1,'2016-06-02 10:57:44',NULL,0,0,NULL),(234,'F15_076','2016-03-18 00:00:00','2016-01-05 00:00:00',1,'2016-06-02 10:57:44',NULL,0,0,NULL),(235,'F15_077','2016-05-10 00:00:00','2016-01-05 00:00:00',1,'2016-06-02 10:57:44',NULL,0,0,NULL),(236,'F15_078','2016-03-15 00:00:00','2016-01-06 00:00:00',1,'2016-06-02 10:57:44',NULL,0,0,NULL),(237,'F15_079','2016-05-17 00:00:00','2016-01-07 00:00:00',1,'2016-06-02 10:57:45',NULL,0,0,NULL),(238,'F15_080','2016-01-26 00:00:00','2016-01-05 00:00:00',1,'2016-06-02 10:57:45',NULL,0,0,NULL),(239,'F15_081','2016-01-21 00:00:00','2015-05-19 00:00:00',1,'2016-06-02 10:57:45',NULL,0,0,NULL),(240,'F15_082','2016-03-11 00:00:00','2016-01-12 00:00:00',1,'2016-06-02 10:57:45',NULL,0,0,NULL),(241,'F15_083','2016-05-13 00:00:00','2016-01-13 00:00:00',1,'2016-06-02 10:57:45',NULL,0,0,NULL),(242,'F15_086','2016-05-25 00:00:00','2016-01-25 00:00:00',1,'2016-06-02 10:57:45',NULL,0,0,NULL),(243,'F15_087','2016-04-14 00:00:00','2016-01-26 00:00:00',1,'2016-06-02 10:57:45',NULL,0,0,NULL),(244,'F15_088','2016-04-15 00:00:00','2016-02-02 00:00:00',1,'2016-06-02 10:57:45',NULL,0,0,NULL),(245,'F15_090','2016-06-09 00:00:00','2016-03-02 00:00:00',1,'2016-06-02 10:57:45',NULL,0,0,NULL),(246,'F15_091','2016-04-21 00:00:00','2016-03-23 00:00:00',1,'2016-06-02 10:57:45',NULL,0,0,NULL),(247,'F15_092','2016-06-14 00:00:00','2016-03-31 00:00:00',1,'2016-06-02 10:57:45',NULL,0,0,NULL),(248,'F15_093','2016-05-27 00:00:00','2016-04-11 00:00:00',1,'2016-06-02 10:57:45',NULL,0,0,NULL),(249,'F15_094','2016-05-12 00:00:00','2016-04-20 00:00:00',1,'2016-06-02 10:57:46',NULL,0,0,NULL),(250,'F15_095','2016-06-07 00:00:00','2016-05-24 00:00:00',1,'2016-06-02 10:57:46',NULL,0,0,NULL),(251,'F15_096','2016-06-08 00:00:00','2016-05-25 00:00:00',1,'2016-06-02 10:57:46',NULL,0,0,NULL),(252,'F15_097','2016-06-10 00:00:00','2016-05-25 00:00:00',1,'2016-06-02 10:57:46',NULL,0,0,NULL),(253,'N/A','2016-05-24 00:00:00','2016-04-04 00:00:00',1,'2016-06-02 10:57:46',NULL,0,0,NULL);
/*!40000 ALTER TABLE `booking` ENABLE KEYS */;
UNLOCK TABLES;

--
-- Table structure for table `fag`
--

DROP TABLE IF EXISTS `fag`;
/*!40101 SET @saved_cs_client     = @@character_set_client */;
/*!40101 SET character_set_client = utf8 */;
CREATE TABLE `fag` (
  `fag_id` int(11) NOT NULL AUTO_INCREMENT,
  `fag_navn` varchar(100) NOT NULL,
  PRIMARY KEY (`fag_id`)
) ENGINE=InnoDB AUTO_INCREMENT=9 DEFAULT CHARSET=utf8;
/*!40101 SET character_set_client = @saved_cs_client */;

--
-- Dumping data for table `fag`
--

LOCK TABLES `fag` WRITE;
/*!40000 ALTER TABLE `fag` DISABLE KEYS */;
INSERT INTO `fag` VALUES (1,'Natur og teknik'),(2,'Biologi'),(3,'Geografi'),(4,'Fysik/Kemi'),(5,'Naturvidenskabeligt grundforløb'),(6,'Naturgeografi'),(7,'Bioteknologi'),(8,'Andet (uddyb i kommentar)');
/*!40000 ALTER TABLE `fag` ENABLE KEYS */;
UNLOCK TABLES;

--
-- Table structure for table `indsamler`
--

DROP TABLE IF EXISTS `indsamler`;
/*!40101 SET @saved_cs_client     = @@character_set_client */;
/*!40101 SET character_set_client = utf8 */;
CREATE TABLE `indsamler` (
  `indsamler_id` int(11) NOT NULL AUTO_INCREMENT,
  `navn` int(11) NOT NULL,
  `email` int(11) NOT NULL,
  `telefon` int(11) NOT NULL,
  PRIMARY KEY (`indsamler_id`)
) ENGINE=InnoDB DEFAULT CHARSET=utf8;
/*!40101 SET character_set_client = @saved_cs_client */;

--
-- Dumping data for table `indsamler`
--

LOCK TABLES `indsamler` WRITE;
/*!40000 ALTER TABLE `indsamler` DISABLE KEYS */;
/*!40000 ALTER TABLE `indsamler` ENABLE KEYS */;
UNLOCK TABLES;

--
-- Table structure for table `klasse`
--

DROP TABLE IF EXISTS `klasse`;
/*!40101 SET @saved_cs_client     = @@character_set_client */;
/*!40101 SET character_set_client = utf8 */;
CREATE TABLE `klasse` (
  `klasse_id` int(11) NOT NULL AUTO_INCREMENT,
  `EANblanket` varchar(100) DEFAULT NULL,
  `booking_id` int(11) NOT NULL,
  `lokalitet_id` int(11) DEFAULT NULL,
  `status` int(1) NOT NULL,
  `institutionsnavn` varchar(100) NOT NULL,
  `adresse` varchar(100) NOT NULL,
  `postnr` varchar(4) NOT NULL,
  `by` varchar(30) NOT NULL,
  `kommune` varchar(25) NOT NULL,
  `region` varchar(25) NOT NULL,
  `klassetrin` varchar(50) NOT NULL,
  `fag` varchar(50) NOT NULL,
  `laererNavn` varchar(50) NOT NULL,
  `laererTlf` varchar(50) NOT NULL,
  `laererEmail` varchar(50) NOT NULL,
  `antalElever` int(11) NOT NULL,
  `antalLaerer` int(11) NOT NULL,
  `KuvertProeverAfsendt` tinyint(1) NOT NULL,
  `Proevermodtaget` tinyint(1) NOT NULL,
  `SendtInfoMailTilLaerer` tinyint(4) DEFAULT NULL,
  `UdtraekFraFiskedatabasen` tinyint(4) DEFAULT NULL,
  `DatoForBesoeg` datetime NOT NULL,
  `DatoForBooking` datetime NOT NULL,
  `DatoForEkst` datetime NOT NULL,
  PRIMARY KEY (`klasse_id`),
  KEY `projekt_id` (`booking_id`)
) ENGINE=InnoDB AUTO_INCREMENT=288 DEFAULT CHARSET=utf8;
/*!40101 SET character_set_client = @saved_cs_client */;

--
-- Dumping data for table `klasse`
--

LOCK TABLES `klasse` WRITE;
/*!40000 ALTER TABLE `klasse` DISABLE KEYS */;
INSERT INTO `klasse` VALUES (1,'NA',1,NULL,-1,'Gefion Gymnasium','Øster Voldgade 10','1350','','København','Hovedstaden','3.g.','Biologi','Nanna Danneskiold-Samsøe','','nds@gefion-gym.dk',27,0,0,0,0,NULL,'2014-10-14 00:00:00','2014-04-08 00:00:00','0000-00-00 00:00:00'),(2,'NA',2,NULL,-1,'Sankt Annæ Gymnasium','Sjælør Boulevard 135','2500','','København','Hovedstaden','2.g.','Bioteknologi','Hans Marker','','hm@sag.dk',16,0,0,0,0,NULL,'2014-10-15 00:00:00','2014-05-21 00:00:00','0000-00-00 00:00:00'),(3,'NA',3,NULL,-1,'Gefion Gymnasium','Øster Voldgade 10','1350','','København','Hovedstaden','2.g.','Biologi','Thomas Kristiansen','','tkr@gefion-gym.dk',30,0,0,0,0,NULL,'2014-11-05 00:00:00','2014-05-27 00:00:00','0000-00-00 00:00:00'),(4,'NA',4,NULL,-1,'Grindsted Gymnasium & HF','Tinghusgade 20','7200','','Billund','Syddanmark','3.g.','Biologi','Heidi Nystrand','','hn@ggnet.dk',28,0,0,0,0,NULL,'2014-12-03 00:00:00','2014-05-28 00:00:00','0000-00-00 00:00:00'),(5,'NA',5,NULL,-1,'Slagelse Gymnasium','Willemoesvej 2a','4200','','Slagelse','Sjælland','2.g.','Biologi','Kate Beck Jacobsen','','kj@slagelse-gym.dk',22,1,0,0,0,NULL,'2014-11-13 00:00:00','2014-05-29 00:00:00','0000-00-00 00:00:00'),(6,'NA',6,NULL,-1,'Allerød Gymnasium','Rådhusvej 6','3450','','Allerød','Hovedstaden','2.g.','Biologi','Malthe Lund','','malthelund@gmail.com',27,0,0,0,0,NULL,'2014-10-16 00:00:00','2014-06-26 00:00:00','0000-00-00 00:00:00'),(7,'NA',7,NULL,-1,'Allerød Gymnasium','Rådhusvej 6','3450','','Allerød','Hovedstaden','3.g.','Biologi','Max Torbensen','','maxtorbensen@hotmail.com',12,1,0,0,0,NULL,'2014-11-21 00:00:00','2014-06-26 00:00:00','0000-00-00 00:00:00'),(8,'NA',8,NULL,-1,'Grindsted Gymnasium & HF','Tinghusgade 20','7200','','Billund','Syddanmark','3.g.','Biologi','Heidi Nystrand','','hn@ggnet.dk',28,1,0,0,0,NULL,'1899-12-30 00:00:00','2014-05-28 00:00:00','0000-00-00 00:00:00'),(9,'NA',9,NULL,-1,'Grindsted Gymnasium & HF','Tinghusgade 20','7200','','Billund','Syddanmark','3.g.','Biologi','Heidi Nystrand','','hn@ggnet.dk',28,1,0,0,0,NULL,'1899-12-30 00:00:00','2014-10-01 00:00:00','0000-00-00 00:00:00'),(10,'NA',10,NULL,-1,'Gladsaxe Gymnasium','Buddinge Hovedgade 81','2860','','Gladsaxe','Hovedstaden','3.g.','Bioteknologi','Martina Koch og Allan G. Olsen','','MaK@gladgym.dk',26,2,0,0,0,NULL,'2014-12-11 00:00:00','2014-08-11 00:00:00','0000-00-00 00:00:00'),(11,'NA',11,NULL,-1,'Helsingør Gymnasium','Borgmester P. Christensensvej 3','3000','','Helsingør','Hovedstaden','3.g.','Biologi','Ole Carsten Pedersen','','oc@hels-gym.dk',23,1,0,0,0,NULL,'2015-01-06 00:00:00','2014-08-18 00:00:00','0000-00-00 00:00:00'),(12,'NA',12,NULL,-1,'Helsingør Gymnasium','Borgmester P. Christensensvej 3','3000','','Helsingør','Hovedstaden','3.g.','Biologi','Maria Steinhausen','','st@hels-gym.dk',24,1,0,0,0,NULL,'2015-01-07 00:00:00','2014-08-18 00:00:00','0000-00-00 00:00:00'),(13,'NA',13,NULL,-1,'Nørre Gymnasium','Mørkhøjvej 78','2700','','København','Hovedstaden','1.g.','Biologi','Dorte Gedde','','dg@norreg.dk',28,1,0,0,0,NULL,'2015-04-08 00:00:00','2014-08-19 00:00:00','0000-00-00 00:00:00'),(14,'NA',14,NULL,-1,'Helsingør Gymnasium','Borgmester P. Christensensvej 3','3000','','Helsingør','Hovedstaden','2.g.','Bioteknologi','Stine Weber','','sw@hels-gym.dk',28,2,0,0,0,NULL,'2014-12-16 00:00:00','2014-08-20 00:00:00','0000-00-00 00:00:00'),(15,'NA',15,NULL,-1,'Midtsjællands Gymnasieskole','Ahorn Alle 11','4100','','Ringsted','Sjælland','3.g.','Biologi','Pernille Lærkedal Sørensen','','ps@msg-gym.dk',15,1,0,0,0,NULL,'2015-01-09 00:00:00','2014-08-31 00:00:00','0000-00-00 00:00:00'),(16,'NA',16,NULL,-1,'Vordingborg Gymnasium & HF','Chr. Richardtsvej 45','4760','','Vordingborg','Sjælland','2.g.','Biologi/Biotek','Åse Uttenthal','','aau@vordingborg-gym.dk',30,2,0,0,0,NULL,'2015-04-28 00:00:00','2014-09-07 00:00:00','0000-00-00 00:00:00'),(17,'NA',17,NULL,-1,'Espergærde Gymnasium og HF','Gymnasievej 2','3060','','Helsingør','Hovedstaden','2.g.','Biologi','Katrine Skjøth','40786427','katrineskjoeth@yahoo.dk',28,1,0,0,0,NULL,'2015-12-10 00:00:00','2014-11-03 00:00:00','0000-00-00 00:00:00'),(18,'NA',18,NULL,-1,'Helsingør Gymnasium','Borgmester P. Christensensvej 3','3000','','Helsingør','Hovedstaden','3.g.','Biologi','Maria Steinhausen','20810825','st@hels-gym.dk',21,2,0,0,0,NULL,'2015-01-28 00:00:00','2014-11-19 00:00:00','0000-00-00 00:00:00'),(19,'NA',19,NULL,-1,'Bagsværd kostskole og Gymnasium','Aldershvilevej 138','2880','','Gladsaxe','Hovedstaden','2.g.','Bioteknologi','Kirsten Thøgersen','30668133','kt@bagkost.dk',23,1,0,0,0,NULL,'2015-02-06 00:00:00','2014-11-27 00:00:00','0000-00-00 00:00:00'),(20,'NA',20,NULL,-1,'Køge Private Realskole, Gymnasium','Ølby Center 50','4600','','Køge','Sjælland','1.g.','Biologi','Marie Kvist Bondesen','30283077','mariebondesen@gmail.com',15,1,0,0,0,NULL,'2015-04-14 00:00:00','2015-01-04 00:00:00','0000-00-00 00:00:00'),(21,'NA',21,NULL,-1,'Køge Private Realskole, Gymnasium','Ølby Center 50','4600','','Køge','Sjælland','1.g.','Biologi','Marie Kvist Bondesen','30283077','mariebondesen@gmail.com',15,1,0,0,0,NULL,'2015-04-17 00:00:00','2015-01-04 00:00:00','0000-00-00 00:00:00'),(22,'NA',22,NULL,-1,'Viborg Gymnasium og HF','Skaldehøjvej 12','8800','','Viborg','Midtjylland','3.g.','Bioteknologi','Ulla Hjorth','29898048','uh@vghf.dk',15,1,0,0,0,NULL,'2015-09-01 00:00:00','2015-01-08 00:00:00','0000-00-00 00:00:00'),(23,'NA',23,NULL,-1,'Vordingborg Gymnasium & HF','Chr. Richardtsvej 45','4760','','Vordingborg','Sjælland','3.g.','Biologi','Jeppe Mordhorst','40685274','jm@vordingborg-gym.dk',15,1,0,0,0,NULL,'2015-05-06 00:00:00','2015-01-13 00:00:00','0000-00-00 00:00:00'),(24,'NA',24,NULL,-1,'Institut for skole og læring','Nyelandsvej 27-29','2000','','Frederiksberg','Hovedstaden','','Lærerstuderende','Henrik Levinsen','41411142','hele@phmetropol.dk',22,1,0,0,0,NULL,'2015-03-24 00:00:00','2015-01-13 00:00:00','0000-00-00 00:00:00'),(25,'NA',25,NULL,-1,'Birkerød Gymnasium - HF - IB & Kostskole','Søndervangen 56','3460','','Rudersdal','Hovedstaden','2.g.','Biologi','Christina Høier Ricke','61696739','cr@birke-gym.dk',26,1,0,0,0,NULL,'2015-05-20 00:00:00','2015-03-11 00:00:00','0000-00-00 00:00:00'),(26,'NA',26,NULL,-1,'Aurehøj Gymnasium','Skolevej 7','2820','','Gentofte','Hovedstaden','2.g.','Biologi','Anne Winther Jørgensen',' ','aj@aurehoej.dk',8,1,0,0,0,NULL,'2015-05-06 00:00:00','2015-03-19 00:00:00','0000-00-00 00:00:00'),(27,'NA',27,NULL,-1,'Tårnby Gymnasium & HF','Tejn alle 5','2770','','Tårnby','Hovedstaden','3.g.','Bioteknologi','Ingelise Drozd Lund','20438015','il@tgy.dk',18,1,0,0,0,NULL,'2015-08-25 00:00:00','2015-04-08 00:00:00','0000-00-00 00:00:00'),(28,'NA',28,NULL,-1,'Rødovre Gymnasium','Hendriksholms Boulevard 28','2610','','Rødovre','Hovedstaden','1.g.','Biologi','Liane Gerup Damsø','29866967','liane.damsoe@skolekom.dk',28,2,0,0,0,NULL,'2015-05-06 00:00:00','2015-04-16 00:00:00','0000-00-00 00:00:00'),(29,'NA',29,NULL,-1,'Allerød Gymnasium','Rådhusvej 6','3450','','Allerød','Hovedstaden','2.g.','Bioteknologi','Louise Lund Bækgaard','26152562','louise.lund.baekgaard@skolekom.dk',23,1,0,0,0,NULL,'2015-09-04 00:00:00','2015-04-20 00:00:00','0000-00-00 00:00:00'),(30,'NA',29,NULL,-1,'Allerød Gymnasium','Rådhusvej 6','3450','','Allerød','Hovedstaden','2.g.','Bioteknologi','Louise Lund Bækgaard','26152562','louise.lund.baekgaard@skolekom.dk',0,0,0,0,0,NULL,'2015-09-04 00:00:00','2015-04-20 00:00:00','0000-00-00 00:00:00'),(31,'NA',30,NULL,-1,'Næstved Gymnasium og HF','Nygårdsvej 43','4700','','Næstved','Sjælland','3.g.','Biologi','Thomas Bang','28891969','tb@ngh.nu',25,1,0,0,0,NULL,'2015-09-23 00:00:00','2015-05-13 00:00:00','0000-00-00 00:00:00'),(32,'NA',31,NULL,-1,'Nørresundby Gymnasium & HF','Studievej 14','9400','','Aalborg','Nordjylland','3.g.','Bioteknologi','Dorte Schartau Rasmussen','21765353','dra@nghf.dk',15,2,0,0,0,NULL,'2016-02-28 00:00:00','2015-05-19 00:00:00','0000-00-00 00:00:00'),(33,'NA',32,NULL,-1,'Nørresundby Gymnasium & HF','Studievej 14','9400','','Aalborg','Nordjylland','3.g.','Bioteknologi','Dorte Schartau Rasmussen','21765353','dra@nghf.dk',15,2,0,0,0,NULL,'2016-01-22 00:00:00','2015-05-19 00:00:00','0000-00-00 00:00:00'),(34,'NA',32,NULL,-1,'Nørresundby Gymnasium & HF','Studievej 14','9400','','Aalborg','Nordjylland','3.g.','Bioteknologi','Dorte Schartau Rasmussen','21765353','dra@nghf.dk',15,2,0,0,0,NULL,'2016-01-22 00:00:00','2015-05-19 00:00:00','0000-00-00 00:00:00'),(35,'NA',33,NULL,-1,'Grindsted Gymnasium & HF','Tinghusgade 20','7200','','Billund','Syddanmark','3.g.','Bioteknologi','Anja Lykke Hundebøll Nielsen','22819393','ah@ggnet.dk',16,1,0,0,0,NULL,'1899-12-30 00:00:00','2014-08-04 00:00:00','0000-00-00 00:00:00'),(36,'NA',34,NULL,-1,'Slagelse Gymnasium','Willemoesvej 2a','4200','','Slagelse','Sjælland','3.g.','Biologi','Trine Nielsen','28970393','te@slagelse-gym.dk',26,1,0,0,0,NULL,'2015-09-25 00:00:00','2015-08-04 00:00:00','0000-00-00 00:00:00'),(37,'NA',35,NULL,-1,'Viby Gymnasium','Søndervangs Alle 45','8260','','Aarhus','Nordjylland','3.g.','Bioteknologi','Katrine Pedersen','25611514','Kp@vibygym.dk',15,1,0,0,0,NULL,'2015-11-06 00:00:00','2015-08-10 00:00:00','0000-00-00 00:00:00'),(38,'NA',36,NULL,-1,'Viby Gymnasium','Søndervangs Alle 45','8260','','Aarhus','Nordjylland','3.g.','Bioteknologi','Katrine Pedersen','25611514','kp@vibygym.dk',15,1,0,0,0,NULL,'2015-11-05 00:00:00','2015-08-12 00:00:00','0000-00-00 00:00:00'),(39,'NA',37,NULL,-1,'Gribskov Gymnasium','Østergade 52','3200','','Gribskov','Hovedstaden','3.g.','Biologi','Morten Wermer','24677788','mw@gribskovgymnasium.dk',20,1,0,0,0,NULL,'2016-04-14 00:00:00','2015-08-14 00:00:00','0000-00-00 00:00:00'),(40,'NA',38,NULL,-1,'Høje-Taastrup Gymnasium','Frøgård Alle 2','2630','','Høje-Taastrup','Hovedstaden','2.g.','Biologi','Anders Jensen','28251979','anders@rapanden.dk',26,1,0,0,0,NULL,'2015-10-27 00:00:00','2015-08-17 00:00:00','0000-00-00 00:00:00'),(41,'NA',39,NULL,-1,'Frederiksberg Gymnasium','Falkoner Plads 2','2000','','Frederiksberg','Hovedstaden','3.g.','Biologi','Peter Toft','30258217','pt@frederiksberggymnasium.dk',20,1,0,0,0,NULL,'2015-11-13 00:00:00','2015-08-19 00:00:00','0000-00-00 00:00:00'),(42,'NA',40,NULL,-1,'Roskilde Gymnasium','Domkirkepladsen','4000','','Roskilde','Sjælland','2.g.','Biologi','Karina Lærkedal Sørensen','29909774','rgks@roskilde-gym.dk',0,0,0,0,0,NULL,'2016-01-21 00:00:00','2015-08-21 00:00:00','0000-00-00 00:00:00'),(43,'NA',40,NULL,-1,'Roskilde Gymnasium','Domkirkepladsen','4000','','Roskilde','Sjælland','2.g.','Biologi','Karina Lærkedal Sørensen','29909774','rgks@roskilde-gym.dk',28,1,0,0,0,NULL,'2016-01-21 00:00:00','2015-08-21 00:00:00','0000-00-00 00:00:00'),(44,'NA',41,NULL,-1,'Rosborg Gymnasium & HF','Vestre Engvej 61','7100','','Vejle','Syddanmark','3.g.','Biologi','Lone Kjærby Rasmussen','27771452','lr@rosborg-gym.dk',21,1,0,0,0,NULL,'2015-10-30 00:00:00','2015-09-06 00:00:00','0000-00-00 00:00:00'),(45,'NA',42,NULL,-1,'Øregård Gymnasium','Gersonsvej 32','2900','','Gentofte','Hovedstaden','3.g.','Biologi','Vibeke Tromholt','30383038','vt@oregard.dk',26,1,0,0,0,NULL,'2016-02-26 00:00:00','2015-09-08 00:00:00','0000-00-00 00:00:00'),(46,'NA',43,NULL,-1,'Espergærde Gymnasium og HF','Gymnasievej 2','3060','','Helsingør','Hovedstaden','2.g.','Biologi','Katrine Skjøth','40786427','katrineskjoeth@yahoo.dk',28,1,0,0,0,NULL,'2016-04-21 00:00:00','2015-09-28 00:00:00','0000-00-00 00:00:00'),(47,'NA',44,NULL,-1,'Gladsaxe Gymnasium','Buddinge Hovedgade 81','2860','','Gladsaxe','Hovedstaden','3.g.','Biologi','Allan Gylling Olsen','31500392','ao@gladgym.dk',15,1,0,0,0,NULL,'2016-01-06 00:00:00','2015-10-24 00:00:00','0000-00-00 00:00:00'),(48,'NA',45,NULL,-1,'Gammel Hellerup Gymnasium','Svanemøllevej 87','2900','','Gentofte','Hovedstaden','1.g.','Bioteknologi','Bo Kildeager','29117481','bk@ghg.dk',28,1,0,0,0,NULL,'2016-03-15 00:00:00','2015-10-26 00:00:00','0000-00-00 00:00:00'),(49,'NA',46,NULL,-1,'Rysensteen Gymnasium','Tietgensgade 74','1704','','København','Hovedstaden','3.g.','Bioteknologi','Jan Andersen','53743576','ja@rysensteen.dk',28,1,0,0,0,NULL,'2016-03-09 00:00:00','2015-11-17 00:00:00','0000-00-00 00:00:00'),(50,'NA',47,NULL,-1,'Ribe Katedralskole','Puggaaardsgade 22','6760','','Esbjerg','Syddanmark','1.g.','Biologi','Hanne Skalborg Jensen','23644884','hs@ribekatedralskole.dk',25,1,0,0,0,NULL,'2016-03-17 00:00:00','2015-11-17 00:00:00','0000-00-00 00:00:00'),(51,'NA',48,NULL,-1,'Rungsted Gymnasium','Stadion Alle 14','2960','','Hørsholm','Hovedstaden','1.g.','Bioteknologi','Charlotte puge','26813503','Cpuge@hotmail.com',15,1,0,0,0,NULL,'2016-05-19 00:00:00','2015-11-17 00:00:00','0000-00-00 00:00:00'),(52,'NA',49,NULL,-1,'Virum Gymnasium','Fuglsangvej 66','2830','','Lyngby-Taarbæk','Hovedstaden','2.g.','Biologi','Annegrete Rømer','51898486','annegrete_r@yahoo.dk',21,2,0,0,0,NULL,'2016-03-04 00:00:00','2015-11-19 00:00:00','0000-00-00 00:00:00'),(53,'NA',50,NULL,-1,'Gribskov Gymnasium','Østergade 52','3200','','Gribskov','Hovedstaden','3.g.','Biologi','Rudi Pedersen','29850957','RP@gribskovgymnasium.dk',17,1,0,0,0,NULL,'2016-03-18 00:00:00','2015-11-22 00:00:00','0000-00-00 00:00:00'),(54,'NA',51,NULL,-1,'Solrød Gymnasium','Solrød Center 2','2680','','Solrød','Sjælland','2.g.','Biologi','Laura Dall Køhler','31230190','sglk@solgym.dk',30,1,0,0,0,NULL,'2016-04-15 00:00:00','2015-11-26 00:00:00','0000-00-00 00:00:00'),(55,'NA',52,NULL,-1,'Vordingborg Gymnasium & HF','Chr. Richardtsvej 45','4760','','Vordingborg','Sjælland','2.g.','Bioteknologi','Jeppe Mordhorst','40685274','jm@vordingborg-gym.dk',28,2,0,0,0,NULL,'2016-05-27 00:00:00','2016-01-18 00:00:00','0000-00-00 00:00:00'),(56,'NA',53,NULL,-1,'Gribskov Gymnasium','Østergade 52','3200','','Gribskov','Hovedstaden','3.g.','Biologi','Morten Wermer','24677788','mw@gribskovgymnasium.dk',20,1,0,0,0,NULL,'2016-05-12 00:00:00','2016-01-25 00:00:00','0000-00-00 00:00:00'),(57,'NA',54,NULL,-1,'Kalundborg Gymnasium og HF','J. Hagemann-Petersens Allé 4','4400','','Kalundborg','Sjælland','2.g.','Biologi','Thomas Møller','41827082','tm@kalgym.dk',28,1,0,0,0,NULL,'2016-05-20 00:00:00','2016-02-12 00:00:00','0000-00-00 00:00:00'),(58,'NA',55,NULL,1,'Gammel Hellerup Gymnasium','Svanemøllevej 87','2900','','Gentofte','Hovedstaden','2.g.','Bioteknologi','Bo Kildeager','','bk@ghg.dk',30,1,0,0,0,NULL,'2014-09-17 00:00:00','0000-00-00 00:00:00','0000-00-00 00:00:00'),(59,'NA',56,NULL,1,'Gammel Hellerup Gymnasium','Svanemøllevej 87','2900','','Gentofte','Hovedstaden','3.g.','Biologi','Trine Iversen','','ti@ghg.dk',31,1,0,0,0,NULL,'2014-09-19 00:00:00','0000-00-00 00:00:00','0000-00-00 00:00:00'),(60,'NA',57,NULL,1,'Falkonergårdens Gymnasium og HF-Kursus','Sønderjyllands Alle 25','2000','','Frederiksberg','Hovedstaden','3.g.','Biologi','Morten Green Skaarup','','mg@falgoo.dk',17,1,0,0,0,NULL,'2014-09-23 00:00:00','0000-00-00 00:00:00','0000-00-00 00:00:00'),(61,'NA',58,NULL,1,'Falkonergårdens Gymnasium og HF-Kursus','Sønderjyllands Alle 25','2000','','Frederiksberg','Hovedstaden','3.g.','Biologi','Signe Markman','','sg@falko.dk',24,1,0,0,0,NULL,'2014-09-24 00:00:00','0000-00-00 00:00:00','0000-00-00 00:00:00'),(62,'NA',59,NULL,1,'Gammel Hellerup Gymnasium','Svanemøllevej 87','2900','','Gentofte','Hovedstaden','3.g.','Biologi','Signe Vie','','sv@ghg.dk',22,1,0,0,0,NULL,'2014-09-25 00:00:00','0000-00-00 00:00:00','0000-00-00 00:00:00'),(63,'NA',60,NULL,1,'Falkonergårdens Gymnasium og HF-Kursus','Sønderjyllands Alle 25','2000','','Frederiksberg','Hovedstaden','3.g.','Biologi','Hanne Strunge','','hs@falgoo.dk',16,1,0,0,0,NULL,'2014-09-26 00:00:00','0000-00-00 00:00:00','0000-00-00 00:00:00'),(64,'NA',61,NULL,1,'Ørestad Gymnasium','Ørestads Boulevard 75','2300','','Gribskov','Hovedstaden','3.g.','Bioteknologi','Jan Østrup','','jan@oegnet.dk',21,1,0,0,0,NULL,'2014-10-01 00:00:00','0000-00-00 00:00:00','0000-00-00 00:00:00'),(65,'Regnskab',62,NULL,1,'Gribskov Gymnasium','Østergade 52','3200','','Gribskov','Hovedstaden','2.g.','Biologi','Rudi Pedersen','','rudi.pedersen@skolekom.dk',19,1,0,0,0,NULL,'2014-11-28 00:00:00','2014-04-07 00:00:00','0000-00-00 00:00:00'),(66,'Regnskab',63,NULL,1,'Gefion Gymnasium','Øster Voldgade 10','1350','','København','Hovedstaden','3.g.','Biologi','Eva Fredtoft','','efr@gefion-gym.dk',11,1,0,0,0,NULL,'2014-10-07 00:00:00','2014-04-07 00:00:00','0000-00-00 00:00:00'),(67,'NA',64,NULL,1,'Ribe Katedralskole','Puggaaardsgade 22','6760','','Esbjerg','Syddanmark','3.g.','Biologi','Annemette Witt','','AM@ribekatedralskole.dk',0,0,0,0,0,NULL,'2014-10-08 00:00:00','2014-04-07 00:00:00','0000-00-00 00:00:00'),(68,'NA',64,NULL,1,'Ribe Katedralskole','Puggaaardsgade 22','6760','','Esbjerg','Syddanmark','3.g.','Biologi','Annemette Witt','','AM@ribekatedralskole.dk',0,0,0,0,0,NULL,'2014-10-08 00:00:00','2014-04-07 00:00:00','0000-00-00 00:00:00'),(69,'Regnskab',64,NULL,1,'Ribe Katedralskole','Puggaaardsgade 22','6760','','Esbjerg','Syddanmark','3.g.','Biologi','Annemette Witt','','AM@ribekatedralskole.dk',13,1,0,0,0,NULL,'2014-10-08 00:00:00','2014-04-07 00:00:00','0000-00-00 00:00:00'),(70,'NA',65,NULL,1,'Allerød Gymnasium','Rådhusvej 6','3450','','Allerød','Hovedstaden','3.g.','Biologi','Vagn Rasmussen','','vra@mail.dk',0,0,0,0,0,NULL,'2014-10-31 00:00:00','2014-04-07 00:00:00','0000-00-00 00:00:00'),(71,'NA',65,NULL,1,'Allerød Gymnasium','Rådhusvej 6','3450','','Allerød','Hovedstaden','3.g.','Biologi','Vagn Rasmussen','','vra@mail.dk',0,0,0,0,0,NULL,'2014-10-31 00:00:00','2014-04-07 00:00:00','0000-00-00 00:00:00'),(72,'Regnskab',65,NULL,1,'Allerød Gymnasium','Rådhusvej 6','3450','','Allerød','Hovedstaden','3.g.','Biologi','Vagn Rasmussen','','vra@mail.dk',25,1,0,0,0,NULL,'2014-10-31 00:00:00','2014-04-07 00:00:00','0000-00-00 00:00:00'),(73,'Regnskab',66,NULL,1,'Frederiksborg Gymnasium og HF','Carlsbergvej 15','3400','','Hillerød','Hovedstaden','3.g.','Biologi','Torsten Ingerslev','','torsten.ingerslev@gmail.com',25,1,0,0,0,NULL,'2014-11-04 00:00:00','2014-04-08 00:00:00','0000-00-00 00:00:00'),(74,'Regnskab',67,NULL,1,'Roskilde Katedralskole','Holbækvej 59','4000','','Roskilde','Sjælland','2.g.','Bioteknologi','Mogens Ellebæk','','Mogens.Ellebaek@rks-gym.dk',30,1,0,0,0,NULL,'2014-12-10 00:00:00','2014-04-08 00:00:00','0000-00-00 00:00:00'),(75,'Regnskab',68,NULL,1,'Gefion Gymnasium','Øster Voldgade 10','1350','','København','Hovedstaden','2.g.','Bioteknologi','Nanna Danneskiold-Samsøe','','nds@gefion-gym.dk',22,1,0,0,0,NULL,'2014-10-10 00:00:00','2014-04-08 00:00:00','0000-00-00 00:00:00'),(76,'Regnskab',69,NULL,1,'Gefion Gymnasium','Øster Voldgade 10','1350','','København','Hovedstaden','3.g.','Biologi','Nanna Danneskiold-Samsøe','','nds@gefion-gym.dk',27,1,0,0,0,NULL,'2014-10-29 00:00:00','2014-04-08 00:00:00','0000-00-00 00:00:00'),(77,'Regnskab',70,NULL,1,'Gentofte HF','Dahlensstræde 5','2820','','Gentofte','Hovedstaden','2.g.','Biologi','Jens Gerup Nielsen','21167761','jens.liane@mail.dk',24,1,0,0,0,NULL,'2015-02-05 00:00:00','2014-04-08 00:00:00','0000-00-00 00:00:00'),(78,'NA',71,NULL,1,'Borupgaard Gymnasium','Lautruphøj 9','2750','','Ballerup','Hovedstaden','2.g.','Biologi','Peter Sjøholm','','sj@boag.nu',0,0,0,0,0,NULL,'2014-10-21 00:00:00','2014-04-08 00:00:00','0000-00-00 00:00:00'),(79,'Regnskab',71,NULL,1,'Borupgaard Gymnasium','Lautruphøj 9','2750','','Ballerup','Hovedstaden','2.g.','Biologi','Peter Sjøholm','','sj@boag.nu',28,1,0,0,0,NULL,'2014-10-21 00:00:00','2014-04-08 00:00:00','0000-00-00 00:00:00'),(80,'Regnskab',72,NULL,1,'Gefion Gymnasium','Øster Voldgade 10','1350','','København','Hovedstaden','3.g.','Bioteknologi','Linda Schneider','','lsc@gefion-gym.dk',29,1,0,0,0,NULL,'2014-11-06 00:00:00','2014-05-14 00:00:00','0000-00-00 00:00:00'),(81,'Regnskab',73,NULL,1,'Espergærde Gymnasium og HF','Gymnasievej 2','3060','','Helsingør','Hovedstaden','3.g.','Biologi','Kirsten Hede','','he@eg-gym.dk',26,1,0,0,0,NULL,'2014-10-22 00:00:00','2014-05-15 00:00:00','0000-00-00 00:00:00'),(82,'Regnskab',74,NULL,1,'Roskilde Gymnasium','Domkirkepladsen','4000','','Roskilde','Sjælland','2.g.','Bioteknologi','Ida Thingstrup','','rgit@roskilde-gym.dk',19,1,0,0,0,NULL,'2014-11-07 00:00:00','2014-05-21 00:00:00','0000-00-00 00:00:00'),(83,'NA',75,NULL,1,'Sankt Annæ Gymnasium','Sjælør Boulevard 135','2500','','København','Hovedstaden','1.g.','Bioteknologi','Hans Marker','','hm@sag.dk',0,0,0,0,0,NULL,'2015-05-13 00:00:00','2014-05-21 00:00:00','0000-00-00 00:00:00'),(84,'Regnskab',75,NULL,1,'Sankt Annæ Gymnasium','Sjælør Boulevard 135','2500','','København','Hovedstaden','1.g.','Bioteknologi','Hans Marker','','hm@sag.dk',15,1,0,0,0,NULL,'2015-05-13 00:00:00','2014-05-21 00:00:00','0000-00-00 00:00:00'),(85,'NA',76,NULL,1,'Allerød Gymnasium','Rådhusvej 6','3450','','Allerød','Hovedstaden','2.g.','Biologi','Birgitte Stokbro','','birgittestokbro@gmail.com',0,1,0,0,0,NULL,'2014-10-09 00:00:00','2014-05-21 00:00:00','0000-00-00 00:00:00'),(86,'NA',76,NULL,1,'Allerød Gymnasium','Rådhusvej 6','3450','','Allerød','Hovedstaden','2.g.','Biologi','Birgitte Stokbro','','birgittestokbro@gmail.com',0,1,0,0,0,NULL,'2014-10-09 00:00:00','2014-05-21 00:00:00','0000-00-00 00:00:00'),(87,'Regnskab',76,NULL,1,'Allerød Gymnasium','Rådhusvej 6','3450','','Allerød','Hovedstaden','2.g.','Biologi','Birgitte Stokbro','','birgittestokbro@gmail.com',29,1,0,0,0,NULL,'2014-10-09 00:00:00','2014-05-21 00:00:00','0000-00-00 00:00:00'),(88,'Regnskab',77,NULL,1,'Christianshavns Gymnasium','Prinsessegade 35','1422','','København','Hovedstaden','3.g.','Bioteknologi','Jette Feld','','jf@cg-gym.dk',11,1,0,0,0,NULL,'2014-10-28 00:00:00','2014-05-21 00:00:00','0000-00-00 00:00:00'),(89,'Regnskab',78,NULL,1,'Gladsaxe Gymnasium','Buddinge Hovedgade 81','2860','','Gladsaxe','Hovedstaden','2.g.','Bioteknologi','Natacha Bjerre','','natachabjerre@gmail.com',30,1,0,0,0,NULL,'2015-01-13 00:00:00','2014-05-22 00:00:00','0000-00-00 00:00:00'),(90,'Regnskab',79,NULL,1,'Birkerød Gymnasium - HF - IB & Kostskole','Søndervangen 56','3460','','Rudersdal','Hovedstaden','2.g.','Biologi','Morten Eskildsen','','me@birke-gym.dk',23,1,0,0,0,NULL,'2014-10-30 00:00:00','2014-05-23 00:00:00','0000-00-00 00:00:00'),(91,'Regnskab',80,NULL,1,'Frederiksberg Gymnasium','Falkoner Plads 2','2000','','Frederiksberg','Hovedstaden','2.g.','Biologi','Camilla Christensen','','camch63@gmail.com',22,1,0,0,0,NULL,'2014-11-25 00:00:00','2014-05-26 00:00:00','0000-00-00 00:00:00'),(92,'Regnskab',81,NULL,1,'Selandia, HTX','Willemoesvej 4','4200','','Slagelse','Sjælland','3.g.','Bioteknologi','Frederikke Tom-Petersen','','frto@sceu.dk',27,1,0,0,0,NULL,'2014-11-11 00:00:00','2014-05-26 00:00:00','0000-00-00 00:00:00'),(93,'Regnskab',82,NULL,1,'Birkerød Gymnasium - HF - IB & Kostskole','Søndervangen 56','3460','','Rudersdal','Hovedstaden','3.g.','Biologi','Christina Høier Ricke','','cr@birke-gym.dk',24,1,0,0,0,NULL,'2014-10-24 00:00:00','2014-05-27 00:00:00','0000-00-00 00:00:00'),(94,'Regnskab',83,NULL,1,'Stenhus Gymnasium & HF','Stenhusvej 20','4300','','Holbæk','Sjælland','3.g.','Biologi','Johannes Worm','','biosof@gmail.com',28,1,0,0,0,NULL,'2014-11-12 00:00:00','2014-05-28 00:00:00','0000-00-00 00:00:00'),(95,'Regnskab',84,NULL,1,'Grindsted Gymnasium & HF','Tinghusgade 20','7200','','Billund','Syddanmark','3.g.','Biologi','Heidi Nystrand','','hn@ggnet.dk',13,1,0,0,0,NULL,'2014-11-14 00:00:00','2014-05-28 00:00:00','0000-00-00 00:00:00'),(96,'Regnskab',85,NULL,1,'Svendborg Gymnasium & HF','A.P. Møllersvej 35','5700','','Svendborg','Syddanmark','2.g.','Biologi','Mette Lise Gade Nielsen','','mn@svendborg-gym.dk',28,1,0,0,0,NULL,'2015-03-06 00:00:00','2014-06-01 00:00:00','0000-00-00 00:00:00'),(97,'Regnskab',86,NULL,1,'Grindsted Gymnasium & HF','Tinghusgade 20','7200','','Billund','Syddanmark','3.g.','Biologi','Anja Lykke Hundebøll Nielsen','22819393','ah@ggnet.dk',12,1,0,0,0,NULL,'2014-12-04 00:00:00','2014-08-04 00:00:00','0000-00-00 00:00:00'),(98,'Regnskab',86,NULL,1,'Grindsted Gymnasium & HF','Tinghusgade 20','7200','','Billund','Syddanmark','3.g.','Biologi','Heidi Nystrand','','hn@ggnet.dk',12,1,0,0,0,NULL,'2014-12-04 00:00:00','2014-06-03 00:00:00','0000-00-00 00:00:00'),(99,'Regnskab',87,NULL,1,'Greve Gymnasium','Rådhusholmen 12','2670','','Greve','Sjælland','3.g.','Biologi','Lone Vinkel','','gglav@greve-gym.dk',21,1,0,0,0,NULL,'2015-03-10 00:00:00','2014-06-17 00:00:00','0000-00-00 00:00:00'),(100,'Regnskab',88,NULL,1,'FYNs HF-kursus','Hunderupvej 17','5000','','Odense','Syddanmark','2.g.','Biologi','Mariann Rasmussen','','mrm@vucfyn.dk',10,1,0,0,0,NULL,'2014-12-12 00:00:00','2014-06-19 00:00:00','0000-00-00 00:00:00'),(101,'Regnskab',89,NULL,1,'Greve Gymnasium','Rådhusholmen 12','2670','','Greve','Sjælland','3.g.','Bioteknologi','Vibeke Birkmann','','ggvbi@greve-gym.dk',28,2,0,0,0,NULL,'2015-01-21 00:00:00','2014-06-22 00:00:00','0000-00-00 00:00:00'),(102,'Regnskab',90,NULL,1,'Københavns VUC','Vognmagergade 8','1120','','København','Hovedstaden','2.g.','Biologi','Bent Nielsen','','bn@kvuc.dk',25,1,0,0,0,NULL,'2014-10-23 00:00:00','2014-06-24 00:00:00','0000-00-00 00:00:00'),(103,'Regnskab',91,NULL,1,'Høje-Taastrup Gymnasium','Frøgård Alle 2','2630','','Høje-Taastrup','Hovedstaden','2.g.','Biologi','Søren Vienberg','','soeren_vienberg@yahoo.com',15,1,0,0,0,NULL,'2015-01-14 00:00:00','2014-06-24 00:00:00','0000-00-00 00:00:00'),(104,'Regnskab',92,NULL,1,'Køge Gymnasium','Gymnasievej 2-4','4600','','Køge','Sjælland','1.g.','Bioteknologi','Marie Eiland','','kgme@kggym.dk',15,1,0,0,0,NULL,'2014-11-18 00:00:00','2014-06-26 00:00:00','0000-00-00 00:00:00'),(105,'Regnskab',93,NULL,1,'Køge Gymnasium','Gymnasievej 2-4','4600','','Køge','Sjælland','1.g.','Bioteknologi','Kristian Poulsen','','kgkp@kggym.dk',17,1,0,0,0,NULL,'2014-11-19 00:00:00','2014-06-26 00:00:00','0000-00-00 00:00:00'),(106,'Regnskab',94,NULL,1,'Køge Gymnasium','Gymnasievej 2-4','4600','','Køge','Sjælland','3.g.','Bioteknologi','Kristian Poulsen','','kgkp@kggym.dk',10,1,0,0,0,NULL,'2015-01-20 00:00:00','2014-06-26 00:00:00','0000-00-00 00:00:00'),(107,'Regnskab',95,NULL,1,'Allerød Gymnasium','Rådhusvej 6','3450','','Allerød','Hovedstaden','3.g.','Bioteknologi','Louise Lund Bækgaard','','louise.lund.baekgaard@skolekom.dk',12,1,0,0,0,NULL,'2014-11-20 00:00:00','2014-06-26 00:00:00','0000-00-00 00:00:00'),(108,'Regnskab',96,NULL,1,'Høje-Taastrup Gymnasium','Frøgård Alle 2','2630','','Høje-Taastrup','Hovedstaden','2.g.','Biologi','Thomas Warner','','tw@htgym.dk',24,2,0,0,0,NULL,'2015-03-11 00:00:00','2014-06-30 00:00:00','0000-00-00 00:00:00'),(109,'NA',97,NULL,1,'Høje-Taastrup Gymnasium','Frøgård Alle 2','2630','','Høje-Taastrup','Hovedstaden','2.g.','Biologi','Thomas Warner','','tw@htgym.dk',0,0,0,0,0,NULL,'2015-03-11 00:00:00','2014-06-30 00:00:00','0000-00-00 00:00:00'),(110,'Regnskab',98,NULL,1,'Odense Katedralskole','Jernbanegade 34','5000','','Odense','Syddanmark','3.g.','Bioteknologi','Jesper Terp','','jesper.terp.joergensen1@skolekom.dk',24,1,0,0,0,NULL,'2015-01-15 00:00:00','2014-07-01 00:00:00','0000-00-00 00:00:00'),(111,'Regnskab',99,NULL,1,'Ørestad Gymnasium','Ørestads Boulevard 75','2300','','København','Hovedstaden','2.g.','Bioteknologi','Mia Godiksen','','mtg@oegnet.dk',31,1,0,0,0,NULL,'2014-12-09 00:00:00','2014-07-02 00:00:00','0000-00-00 00:00:00'),(112,'Regnskab',100,NULL,1,'Himmelev Gymnasium','Herregårdsvej 30','4000','','Roskilde','Sjælland','3.g.','Biologi','Vibeke Almer','','Vibekealmer@gmail.com',21,1,0,0,0,NULL,'2014-11-26 00:00:00','2014-07-03 00:00:00','0000-00-00 00:00:00'),(113,'Regnskab',101,NULL,1,'Rødovre Gymnasium','Hendriksholms Boulevard 28','2610','','Rødovre','Hovedstaden','2.g.','Biologi','Liane Gerup Damsø','','liane.damsoe@skolekom.dk',28,1,0,0,0,NULL,'2015-04-09 00:00:00','2014-07-23 00:00:00','0000-00-00 00:00:00'),(114,'Regnskab',102,NULL,1,'Virum Gymnasium','Fuglsangvej 66','2830','','Lyngby-Taarbæk','Hovedstaden','3.g.','Biologi','Magnus Groes','','gr@virum-gym.dk',14,1,0,0,0,NULL,'2014-12-02 00:00:00','2014-07-31 00:00:00','0000-00-00 00:00:00'),(115,'Regnskab',103,NULL,1,'Rysensteen Gymnasium','Tietgensgade 74','1704','','København','Hovedstaden','1.g.','Bioteknologi','Søren Søgaard','','ss@rysensteen.dk',29,1,0,0,0,NULL,'2015-04-23 00:00:00','2014-08-06 00:00:00','0000-00-00 00:00:00'),(116,'Regnskab',104,NULL,1,'Stenhus Gymnasium & HF','Stenhusvej 20','4300','','Holbæk','Sjælland','3.g.','Bioteknologi','Nadja Ramseyer','','nramseyer@gmail.com',26,2,0,0,0,NULL,'2015-01-22 00:00:00','2014-08-07 00:00:00','0000-00-00 00:00:00'),(117,'Regnskab',105,NULL,1,'Allerød Gymnasium','Rådhusvej 6','3450','','Allerød','Hovedstaden','2.g.','Biologi','Malthe Lund','','malthelund@gmail.com',26,1,0,0,0,NULL,'2014-12-17 00:00:00','2014-06-26 00:00:00','0000-00-00 00:00:00'),(118,'Regnskab',106,NULL,1,'Gladsaxe Gymnasium','Buddinge Hovedgade 81','2860','','Gladsaxe','Hovedstaden','3.g.','Bioteknologi','Natacha Bjerre og Anne Christine','','natachabjerre@gmail.com',36,2,0,0,0,NULL,'2015-01-08 00:00:00','2014-08-12 00:00:00','0000-00-00 00:00:00'),(119,'Regnskab',107,NULL,1,'Odsherreds Gymnasium','Åstoftevej 34','4550','','Odsherred','Sjælland','3.g.','Bioteknologi','Klaus Karlsen','','Klaus.karlsen@skolekom.dk',21,1,0,0,0,NULL,'2015-03-17 00:00:00','2014-08-14 00:00:00','0000-00-00 00:00:00'),(120,'Regnskab',108,NULL,1,'Rungsted Gymnasium','Stadion Alle 14','2960','','Hørsholm','Hovedstaden','3.g.','Bioteknologi','Knud Johnsen','','jo@rungsted-gym.dk',10,1,0,0,0,NULL,'2015-01-27 00:00:00','2014-08-19 00:00:00','0000-00-00 00:00:00'),(121,'Regnskab',109,NULL,1,'Københavns Åbne Gymnasium','Sjælør Boulevard 133','2500','','København','Hovedstaden','1.g.','Biologi','Martin Mejlhede Jensen','','mt@kg.dk',0,0,0,0,0,NULL,'2015-04-29 00:00:00','0000-00-00 00:00:00','0000-00-00 00:00:00'),(122,'Regnskab',109,NULL,1,'Københavns Åbne Gymnasium','Sjælør Boulevard 133','2500','','København','Hovedstaden','1.g.','Biologi','Martin Mejlhede Jensen','','mt@kg.dk',28,1,0,0,0,NULL,'2015-04-29 00:00:00','2014-08-21 00:00:00','0000-00-00 00:00:00'),(123,'Regnskab',110,NULL,1,'Nørre Gymnasium','Mørkhøjvej 78','2700','','København','Hovedstaden','2.g.','Biologi','Helle Nielsen','','ni@norreg.dk',29,1,0,0,0,NULL,'2015-01-16 00:00:00','2014-08-25 00:00:00','0000-00-00 00:00:00'),(124,'Regnskab',111,NULL,1,'Erhvervsskolen Nordsjælland, HTX Hillerød','Carlsbergvej 34','3400','','Hillerød','Hovedstaden','3.g.','Biologi','Peter Rostgaard Christensen','','prc@esnord.dk',13,1,0,0,0,NULL,'2014-12-05 00:00:00','2014-08-26 00:00:00','0000-00-00 00:00:00'),(125,'Regnskab',112,NULL,1,'Gefion Gymnasium','Øster Voldgade 10','1350','','København','Hovedstaden','2.g.','Biologi','Signe Engelsen','','sen@gefion-gym.dk',30,1,0,0,0,NULL,'2014-12-18 00:00:00','2014-08-26 00:00:00','0000-00-00 00:00:00'),(126,'Regnskab',113,NULL,1,'Nørresundby Gymnasium & HF','Studievej 14','9400','','Aalborg','Nordjylland','3.g.','Bioteknologi','Karen Margrethe Melchiorsen','','kme@nghf.dk',19,1,0,0,0,NULL,'2015-01-23 00:00:00','2014-09-11 00:00:00','0000-00-00 00:00:00'),(127,'Regnskab',114,NULL,1,'Hvidovre Gymnasium & HF','Blytækkerporten 2','2650','','Hvidovre','Hovedstaden','2.g.','Biologi','Rune Runesen','','rune.runesen1@skolekom.dk',20,2,0,0,0,NULL,'2015-02-20 00:00:00','2014-09-22 00:00:00','0000-00-00 00:00:00'),(128,'Regnskab',115,NULL,1,'Rødovre Gymnasium','Hendriksholms Boulevard 28','2610','','Rødovre','Hovedstaden','3.g.','Biologi','Nathan Russell','','npf.russell@gmail.com',19,1,0,0,0,NULL,'2014-11-05 00:00:00','2014-10-10 00:00:00','0000-00-00 00:00:00'),(129,'Regnskab',116,NULL,1,'VUC Roskilde','Læderstræde 4','4000','','Roskilde','Sjælland','2.g.','Biologi','Jesper B. Petersen','60321946','rjp@vucroskilde.dk',15,1,0,0,0,NULL,'2015-02-04 00:00:00','2014-11-07 00:00:00','0000-00-00 00:00:00'),(130,'Regnskab',117,NULL,1,'Frederiksberg Gymnasium','Falkoner Plads 2','2000','','Frederiksberg','Hovedstaden','3.g.','Biologi','Peter Toft','30258217','pt@frederiksberggymnasium.dk',23,1,0,0,0,NULL,'2015-02-27 00:00:00','2014-11-12 00:00:00','0000-00-00 00:00:00'),(131,'Regnskab',118,NULL,1,'Roskilde Gymnasium','Domkirkepladsen','4000','','Roskilde','Sjælland','2.g.','Biologi','Gorm Clausen','26804725','rggc@roskilde-gym.dk',26,3,0,0,0,NULL,'2015-01-29 00:00:00','2014-11-13 00:00:00','0000-00-00 00:00:00'),(132,'Regnskab',119,NULL,1,'Helsingør Gymnasium','Borgmester P. Christensensvej 3','3000','','Helsingør','Hovedstaden','3.g.','Biologi','Maria Steinhausen','21665090','st@hels-gym.dk',15,1,0,0,0,NULL,'2015-02-03 00:00:00','2014-11-19 00:00:00','0000-00-00 00:00:00'),(133,'Regnskab',120,NULL,1,'Øregård Gymnasium','Gersonsvej 32','2900','','København','Hovedstaden','3.g.','Biologi','John hansen','30383974','johnbrut@hotmail.com',17,1,0,0,0,NULL,'2015-04-10 00:00:00','2014-11-20 00:00:00','0000-00-00 00:00:00'),(134,'Regnskab',121,NULL,1,'Øregård Gymnasium','Gersonsvej 32','2900','','Gentofte','Hovedstaden','3.g.','Biologi','Vibeke Tromholt','30383038','vt@oregard.dk',15,1,0,0,0,NULL,'2015-03-25 00:00:00','2014-11-20 00:00:00','0000-00-00 00:00:00'),(135,'Regnskab',122,NULL,1,'Vordingborg Gymnasium & HF','Chr. Richardtsvej 45','4760','','Vordingborg','Sjælland','3.g.','Bioteknologi','Nils Skov Jørgensen','29122221','nj@vordingborg-gym.dk',23,1,0,0,0,NULL,'2015-01-07 00:00:00','2014-11-21 00:00:00','0000-00-00 00:00:00'),(136,'Regnskab',123,NULL,1,'Gladsaxe Gymnasium','Buddinge Hovedgade 81','2860','','Gladsaxe','Hovedstaden','3.g.','Bioteknologi','Martina Koch og Allan G. Olsen','27570444','mak@gladgym.dk',26,2,0,0,0,NULL,'2015-01-09 00:00:00','2014-12-05 00:00:00','0000-00-00 00:00:00'),(137,'Regnskab',124,NULL,1,'Helsingør Gymnasium','Borgmester P. Christensensvej 3','3000','','Helsingør','Hovedstaden','2.g.','Bioteknologi','Stine Weber','51946203','sw@hels-gym.dk',25,2,0,0,0,NULL,'2015-02-17 00:00:00','2014-12-16 00:00:00','0000-00-00 00:00:00'),(138,'Regnskab',125,NULL,1,'Sankt Annæ Gymnasium','Sjælør Boulevard 135','2500','','København','Hovedstaden','3.g.','Bioteknologi','Mette Bohn Christiansen','20269256','mc@sag.dk',16,4,0,0,0,NULL,'2015-04-21 00:00:00','2015-01-04 00:00:00','0000-00-00 00:00:00'),(139,'Regnskab',126,NULL,1,'Nørre Gymnasium','Mørkhøjvej 78','2700','','København','Hovedstaden','2.g.','Biologi','Katie Lin Pedersen','26712621','kl@norreg.dk',21,2,0,0,0,NULL,'2015-03-20 00:00:00','2015-01-04 00:00:00','0000-00-00 00:00:00'),(140,'Regnskab',127,NULL,1,'Ørestad Gymnasium','Ørestads Boulevard 75','2300','','København','Hovedstaden','3.g.','Biologi','Sofie Bruhns','29861030','srb@oegnet.dk',24,1,0,0,0,NULL,'2015-04-22 00:00:00','2015-01-04 00:00:00','0000-00-00 00:00:00'),(141,'Regnskab',128,NULL,1,'Morsø Gymnasium','Limfjordsvej 95','7900','','Morsø','Nordjylland','3.g.','Biologi','Lene Olesen Jensen','21459353','leneviggo@mail.dk',17,2,0,0,0,NULL,'2015-04-15 00:00:00','2015-01-09 00:00:00','0000-00-00 00:00:00'),(142,'Regnskab',129,NULL,1,'Tørring Gymnasium','Kirkevej 20','7160','','Hedensted ','Midtjylland','3.g.','Biologi','Frank Grønlund Jørgensen','60607862','fg@toerring-gym.dk',24,1,0,0,0,NULL,'2015-04-24 00:00:00','2015-01-09 00:00:00','0000-00-00 00:00:00'),(143,'Regnskab',129,NULL,1,'Tørring Gymnasium','Kirkevej 20','7160','','Hedensted ','Midtjylland','3.g.','Biologi','Frank Grønlund Jørgensen','','fg@toerring-gym.dk',0,0,0,0,0,NULL,'2015-04-24 00:00:00','0000-00-00 00:00:00','0000-00-00 00:00:00'),(144,'Regnskab',130,NULL,1,'Ørestad Gymnasium','Ørestads Boulevard 75','2300','','København','Hovedstaden','3.g.','Biologi','Sofie Bruhns','29861030','srb@oegnet.dk',26,1,0,0,0,NULL,'2015-09-02 00:00:00','2015-01-09 00:00:00','0000-00-00 00:00:00'),(145,'Regnskab',131,NULL,1,'Gladsaxe Gymnasium','Buddinge Hovedgade 81','2860','','Gladsaxe','Hovedstaden','3.g.','Biologi','Natacha Bjerre og Allan Olsen','61685550','natachabjerre@gmail.com',12,2,0,0,0,NULL,'2015-04-08 00:00:00','2015-01-12 00:00:00','0000-00-00 00:00:00'),(146,'Regnskab',131,NULL,1,'Horsens Gymnasium','Højen 1','8700','','Horsens','Midtjylland','3.g.','Biologi','Rasmus Østergaard','61685550','roe@horsensgym.dk',6,2,0,0,0,NULL,'2015-04-08 00:00:00','2015-01-12 00:00:00','0000-00-00 00:00:00'),(147,'Regnskab',132,NULL,1,'Gladsaxe Gymnasium','Buddinge Hovedgade 81','2860','','Gladsaxe','Hovedstaden','3.g.','Biologi','Allan Olsen','31500392','ao@gladgym.dk',18,1,0,0,0,NULL,'2015-04-16 00:00:00','2015-01-12 00:00:00','0000-00-00 00:00:00'),(148,'Regnskab',133,NULL,1,'Vordingborg Gymnasium & HF','Chr. Richardtsvej 45','4760','','Vordingborg','Sjælland','2.g.','Biologi','Åse Uttenthal','23711143','aau@vordingborg-gym.dk',30,2,0,0,0,NULL,'2015-05-12 00:00:00','2015-01-13 00:00:00','0000-00-00 00:00:00'),(149,'Regnskab',134,NULL,1,'Høng Gymnasium og HF','Hovedgaden 2','4270','','Kalundborg','Sjælland','1.g.','Biologi','Tine Tønnes Sørensen','','ts@hoeng-gymhf.dk',4,1,0,0,0,NULL,'2015-04-30 00:00:00','0000-00-00 00:00:00','0000-00-00 00:00:00'),(150,'Regnskab',134,NULL,1,'Køge Private Realskole, Gymnasium','Ølby Center 50','4600','','Køge','Sjælland','1.g.','Biologi','Marie Kvist Bondesen','30283077','mariebondesen@gmail.com',20,1,0,0,0,NULL,'2015-04-30 00:00:00','2015-01-13 00:00:00','0000-00-00 00:00:00'),(151,'Regnskab',135,NULL,1,'Køge Private Realskole, Gymnasium','Ølby Center 50','4600','','Køge','Sjælland','1.g.','Biologi','Marie Kvist Bondesen','30283077','mariebondesen@gmail.com',16,1,0,0,0,NULL,'2015-05-05 00:00:00','2015-01-13 00:00:00','0000-00-00 00:00:00'),(152,'Regnskab',136,NULL,0,'Vordingborg Gymnasium & HF','Chr. Richardtsvej 45','4760','','Vordingborg','Sjælland','3.g.','Bioteknologi','Nils Skov Jørgensen','29122221','nj@vordingborg-gym.dk',15,1,0,0,0,NULL,'2015-05-07 00:00:00','2015-01-14 00:00:00','0000-00-00 00:00:00'),(153,'Regnskab',137,NULL,1,'Helsingør Gymnasium','Borgmester P. Christensensvej 3','3000','','Helsingør','Hovedstaden','3.g.','Biologi','Ole Carsten Pedersen','21665090','oc@hels-gym.dk',20,1,0,0,0,NULL,'2015-02-26 00:00:00','2014-11-19 00:00:00','0000-00-00 00:00:00'),(154,'Regnskab',138,NULL,1,'Nordvestsjællands HF & VUC','Slotshaven 5','4300','','Holbæk','Sjælland','2.g.','Biologi','Johnny Vingart Kjerside','24922021','jvk@nvsvuc.dk',24,1,0,0,0,NULL,'2015-04-17 00:00:00','2015-01-20 00:00:00','0000-00-00 00:00:00'),(155,'Regnskab',139,NULL,1,'TEC Lyngby','Bygning 451, Akademivej','2800','','Lyngby-Taarbæk','Hovedstaden','2.g.','Bioteknologi','Hanne Lodberg Olsen','41418968','hlo@tec.dk',24,1,0,0,0,NULL,'2015-03-19 00:00:00','2015-01-20 00:00:00','0000-00-00 00:00:00'),(156,'Regnskab',140,NULL,1,'Gladsaxe Gymnasium','Buddinge Hovedgade 81','2860','','Gladsaxe','Hovedstaden','2.g.','Biologi','Martina Koch ','27570444','martina.e.k@gmail.com',16,1,0,0,0,NULL,'2015-02-24 00:00:00','2015-01-21 00:00:00','0000-00-00 00:00:00'),(157,'NA',141,NULL,1,'Greve Gymnasium','Rådhusholmen 12','2670','','Greve','Sjælland','2.g.','Bioteknologi','Kenneth Beri Ploug','23234288','ggkbp@greve-gym.dk',0,0,0,0,0,NULL,'2015-05-19 00:00:00','2015-01-22 00:00:00','0000-00-00 00:00:00'),(158,'Regnskab',141,NULL,1,'Greve Gymnasium','Rådhusholmen 12','2670','','Greve','Sjælland','2.g.','Bioteknologi','Kenneth Beri Ploug','23234288','ggkbp@greve-gym.dk',22,2,0,0,0,NULL,'2015-05-19 00:00:00','2015-01-22 00:00:00','0000-00-00 00:00:00'),(159,'Regnskab',142,NULL,1,'Himmelev Gymnasium','Herregårdsvej 30','4000','','Roskilde','Sjælland','2.g.','Biologi','Mai Bjerg Hagens','25398979','maihagens@gmail.com',23,1,0,0,0,NULL,'2015-04-28 00:00:00','2015-01-30 00:00:00','0000-00-00 00:00:00'),(160,'Regnskab',143,NULL,1,'Egedal Gymnasium & HF','Gymnasievej 1','3660','','Egedal','Hovedstaden','3.g.','Biologi','Rikke Anker Jensen','29914554','rj@egedal-gym.dk',16,1,0,0,0,NULL,'2015-04-07 00:00:00','2015-02-02 00:00:00','0000-00-00 00:00:00'),(161,'Regnskab2',144,NULL,1,'Grindsted Gymnasium & HF','Tinghusgade 20','7200','','Billund','Syddanmark','3.g.','Bioteknologi','Anja Lykke Hundebøll Nielsen','22819393','ah@ggnet.dk',15,1,0,0,0,NULL,'2015-12-16 00:00:00','2015-02-03 00:00:00','0000-00-00 00:00:00'),(162,'Regnskab',145,NULL,1,'Christianshavns Gymnasium','Prinsessegade 35','1422','','København','Hovedstaden','2.g.','Biologi','Rasmus Andreasen','26826010','ra@cg-gym.dk',15,1,0,0,0,NULL,'2015-05-21 00:00:00','2015-02-05 00:00:00','0000-00-00 00:00:00'),(163,'Regnskab',146,NULL,1,'Gribskov Gymnasium','Østergade 52','3200','','Gribskov','Hovedstaden','3.g.','Biologi','Morten Wermer','24677788','mw@gribskovgymnasium.dk',15,1,0,0,0,NULL,'2015-05-08 00:00:00','2015-02-05 00:00:00','0000-00-00 00:00:00'),(164,'Regnskab',147,NULL,1,'Himmelev Gymnasium','Herregårdsvej 30','4000','','Roskilde','Sjælland','2.g.','Biologi','Mai Bjerg Hagens','','maihagens@gmail.com',23,1,0,0,0,NULL,'2015-03-26 00:00:00','2015-02-06 00:00:00','0000-00-00 00:00:00'),(165,'Regnskab',148,NULL,1,'Ordrup Gymnasium','Kirkevej 5','2920','','Gentofte','Hovedstaden','1.g.','Bioteknologi','Karin Frykman','22253576','karinfrykman@gmail.com',25,3,0,0,0,NULL,'2015-05-28 00:00:00','2015-02-06 00:00:00','0000-00-00 00:00:00'),(166,'Regnskab',149,NULL,1,'Hasseris Gymnasium','Hasserisvej 300','9000','','Aalborg','Nordjylland','3.g.','Biologi','Tore Rubak','61277766','tr@hasseris-gym.dk',17,1,0,0,0,NULL,'2015-09-24 00:00:00','2015-02-24 00:00:00','0000-00-00 00:00:00'),(167,'Regnskab',150,NULL,1,'Frederiksværk Gymnasium og HF','Strandgade 34','3300','','Halsnæs','Hovedstaden','2.g.','Biologi','Bente Lerner Bregnbak','21267728','bb@fvgh.dk',23,1,0,0,0,NULL,'2015-08-28 00:00:00','2015-03-30 00:00:00','0000-00-00 00:00:00'),(168,'Regnskab',151,NULL,1,'Borupgaard Gymnasium','Lautruphøj 9','2750','','Ballerup','Hovedstaden','3.g.','Bioteknologi','Jens Bøgeskov','29893667','jb@boag.nu',13,2,0,0,0,NULL,'2015-09-17 00:00:00','2015-04-06 00:00:00','0000-00-00 00:00:00'),(169,'NA',152,NULL,1,'Gefion Gymnasium','Øster Voldgade 10','1350','','København','Hovedstaden','2.g.','Bioteknologi','Birgit Eliasson','21692063','Bel@gefion-gym.dk',0,0,0,0,0,NULL,'2015-09-03 00:00:00','2015-04-07 00:00:00','0000-00-00 00:00:00'),(170,'Regnskab',152,NULL,1,'Gefion Gymnasium','Øster Voldgade 10','1350','','København','Hovedstaden','2.g.','Bioteknologi','Birgit Eliasson','21692063','Bel@gefion-gym.dk',24,2,0,0,0,NULL,'2015-09-03 00:00:00','2015-04-07 00:00:00','0000-00-00 00:00:00'),(171,'Regnskab',153,NULL,1,'Viborg Gymnasium og HF','Skaldehøjvej 12','8800','','Viborg','Midtjylland','2.g.','Bioteknologi','Astrid Siegumfeldt','25115155','as@vghf.dk',27,1,0,0,0,NULL,'2015-09-08 00:00:00','2015-04-07 00:00:00','0000-00-00 00:00:00'),(172,'NA',154,NULL,1,'Egedal Gymnasium & HF','Gymnasievej 1','3660','','Egedal','Hovedstaden','2.g.','Biologi','Rikke Anker Jensen','29914554','rj@egedal-gym.dk',0,0,0,0,0,NULL,'2015-10-23 00:00:00','2015-04-08 00:00:00','0000-00-00 00:00:00'),(173,'Regnskab',154,NULL,1,'Egedal Gymnasium & HF','Gymnasievej 1','3660','','Egedal','Hovedstaden','2.g.','Biologi','Rikke Anker Jensen','29914554','rj@egedal-gym.dk',30,2,0,0,0,NULL,'2015-10-23 00:00:00','2015-04-08 00:00:00','0000-00-00 00:00:00'),(174,'Regnskab',155,NULL,1,'Erhvervsskolen Nordsjælland, HTX Hillerød','Carlsbergvej 34','3400','','Hillerød','Hovedstaden','1.g.','Biologi','Peter Rostgaard Christensen','21515609','prc@esnord.dk',22,1,0,0,0,NULL,'2015-05-22 00:00:00','2015-04-08 00:00:00','0000-00-00 00:00:00'),(175,'Regnskab',156,NULL,1,'Høje-Taastrup Gymnasium','Frøgård Alle 2','2630','','Høje-Taastrup','Hovedstaden','2.g.','Biologi','Gudrun Beyer Poulsen','51359953','tw@htgym.dk',12,1,0,0,0,NULL,'2015-09-09 00:00:00','2015-04-15 00:00:00','0000-00-00 00:00:00'),(176,'Regnskab',156,NULL,1,'Høje-Taastrup Gymnasium','Frøgård Alle 2','2630','','Høje-Taastrup','Hovedstaden','2.g.','Biologi','Thomas Warner','51359953','tw@htgym.dk',12,1,0,0,0,NULL,'2015-09-09 00:00:00','2015-04-15 00:00:00','0000-00-00 00:00:00'),(177,'Regnskab',157,NULL,1,'Gammel Hellerup Gymnasium','Svanemøllevej 87','2900','','Gentofte','Hovedstaden','2.g.','Bioteknologi','Mie Marving','26171557','mi@ghg.dk',28,2,0,0,0,NULL,'2015-08-26 00:00:00','2015-04-16 00:00:00','0000-00-00 00:00:00'),(178,'Regnskab',158,NULL,1,'Frederiksborg Gymnasium og HF','Carlsbergvej 15','3400','','Hillerød','Hovedstaden','2.g.','Bioteknologi','Torsten Ingerslev','30741421','torsten.ingerslev@gmail.com',20,1,0,0,0,NULL,'2015-10-01 00:00:00','2015-04-20 00:00:00','0000-00-00 00:00:00'),(179,'Regnskab',159,NULL,1,'Rødovre Gymnasium','Hendriksholms Boulevard 28','2610','','Rødovre','Hovedstaden','1.g.','Bioteknologi','Liane Gerup Damsø','29866967','liane.damsoe@skolekom.dk',26,2,0,0,0,NULL,'2015-06-03 00:00:00','2015-04-20 00:00:00','0000-00-00 00:00:00'),(180,'NA',160,NULL,1,'Rødovre Gymnasium','Hendriksholms Boulevard 28','2610','','Rødovre','Hovedstaden','1.g.','Bioteknologi','Liane Gerup Damsø','29866967','liane.damsoe@skolekom.dk',0,0,0,0,0,NULL,'2015-06-03 00:00:00','2015-04-20 00:00:00','0000-00-00 00:00:00'),(181,'Regnskab2',161,NULL,1,'Helsingør Gymnasium','Borgmester P. Christensensvej 3','3000','','Helsingør','Hovedstaden','2.g.','Bioteknologi','Thea Feld Nielsen og Stine Weber','26498331','tf@hels-gym.dk',23,2,0,0,0,NULL,'2015-12-17 00:00:00','2015-04-21 00:00:00','0000-00-00 00:00:00'),(182,'NA',162,NULL,1,'Københavns VUC','Vognmagergade 8','1120','','København','Hovedstaden','2.g.','Biologi','Bent Nielsen','82326600','bn@kvuc.dk',0,0,0,0,0,NULL,'2015-10-02 00:00:00','2015-04-23 00:00:00','0000-00-00 00:00:00'),(183,'Regnskab',162,NULL,1,'Københavns VUC','Vognmagergade 8','1120','','København','Hovedstaden','2.g.','Biologi','Bent Nielsen','82326600','bn@kvuc.dk',23,1,0,0,0,NULL,'2015-10-02 00:00:00','2015-04-23 00:00:00','0000-00-00 00:00:00'),(184,'Regnskab2',163,NULL,1,'Høje-Taastrup Gymnasium','Frøgård Alle 2','2630','','Høje-Taastrup','Hovedstaden','2.g.','Biologi','Christina Bramow & Søren Vienberg','60682179','cb@htgym.dk; Soeren_vienberg@yahoo.com',29,2,0,0,0,NULL,'2016-01-20 00:00:00','2015-04-24 00:00:00','0000-00-00 00:00:00'),(185,'Regnskab',164,NULL,1,'FYNs HF-kursus','Hunderupvej 17','5000','','Odense','Syddanmark','2.g.','Biologi','Morten Jerris','61716734','mrj@vucfyn.dk',13,1,0,0,0,NULL,'2015-09-18 00:00:00','2015-04-29 00:00:00','0000-00-00 00:00:00'),(186,'Regnskab',165,NULL,1,'Allerød Gymnasium','Rådhusvej 6','3450','','Allerød','Hovedstaden','2.g.','Biologi','Vagn Rasmussen','21206073','vra@mail.dk',17,1,0,0,0,NULL,'2015-09-10 00:00:00','2015-04-29 00:00:00','0000-00-00 00:00:00'),(187,'Regnskab',166,NULL,1,'Københavns åbne Gymnasium','Sjælør Boulevard 133','2500','','København','Hovedstaden','2.g.','Biologi','Finn Vanman Jørgensen','25778059','fv@kg.dk',15,1,0,0,0,NULL,'2015-08-27 00:00:00','2015-04-29 00:00:00','0000-00-00 00:00:00'),(188,'Regnskab',167,NULL,1,'Rysensteen Gymnasium','Tietgensgade 74','1704','','København','Hovedstaden','2.g.','Bioteknologi','Kasper Kristiansen','20656667','kk@rysensteen.dk',25,2,0,0,0,NULL,'2015-05-29 00:00:00','2015-05-04 00:00:00','0000-00-00 00:00:00'),(189,'Regnskab',168,NULL,1,'Aurehøj Gymnasium','Skolevej 7','2820','','Gentofte','Hovedstaden','2.g.','Biologi','Anne Winther Jørgensen','','aj@aurehoej.dk',9,1,0,0,0,NULL,'2015-11-20 00:00:00','2015-05-16 00:00:00','0000-00-00 00:00:00'),(190,'Regnskab',168,NULL,1,'Rungsted Gymnasium','Stadion Alle 14','2960','','Hørsholm','Hovedstaden','3.g.','Biologi','Knud Johnsen','81503755','jo@rungsted-gym.dk',15,1,0,0,0,NULL,'2015-11-20 00:00:00','2015-05-16 00:00:00','0000-00-00 00:00:00'),(191,'NA',169,NULL,1,'Tårnby Gymnasium & HF','Tejn alle 5','2770','','Tårnby','Hovedstaden','3.g.','Bioteknologi','Ingelise Drozd Lund','20438015','il@tgy.dk',0,0,0,0,0,NULL,'2015-09-11 00:00:00','2015-05-22 00:00:00','0000-00-00 00:00:00'),(192,'Regnskab',169,NULL,1,'Tårnby Gymnasium & HF','Tejn alle 5','2770','','Tårnby','Hovedstaden','3.g.','Bioteknologi','Ingelise Drozd Lund','20438015','il@tgy.dk',15,1,0,0,0,NULL,'2015-09-11 00:00:00','2015-05-22 00:00:00','0000-00-00 00:00:00'),(193,'NA',170,NULL,1,'Christianshavns Gymnasium','Prinsessegade 35','1422','','København','Hovedstaden','2.g.','Bioteknologi','Jette Feld','29800128','jf@cg-gym.dk',0,0,0,0,0,NULL,'2015-11-11 00:00:00','2015-05-27 00:00:00','0000-00-00 00:00:00'),(194,'Regnskab',170,NULL,1,'Christianshavns Gymnasium','Prinsessegade 35','1422','','København','Hovedstaden','2.g.','Bioteknologi','Jette Feld','29800128','jf@cg-gym.dk',14,1,0,0,0,NULL,'2015-11-11 00:00:00','2015-05-27 00:00:00','0000-00-00 00:00:00'),(195,'Regnskab2',171,NULL,1,'Gladsaxe Gymnasium','Buddinge Hovedgade 81','2860','','Gladsaxe','Hovedstaden','2.g.','Biologi','Tobias Frykman','51222671','tobiasfrykman@gmail.com',26,1,0,0,0,NULL,'2015-09-16 00:00:00','2015-05-30 00:00:00','0000-00-00 00:00:00'),(196,'Regnskab',172,NULL,1,'Nykøbing Katedralskole','P. M. Møllersvej 3','4840','','Guldborgsund','Sjælland','3.g.','Biologi','Grete Christiansen','29648288','gc@nykgym.dk',26,2,0,0,0,NULL,'2015-09-22 00:00:00','2015-06-10 00:00:00','0000-00-00 00:00:00'),(197,'Regnskab',173,NULL,0,'Rosborg Gymnasium & HF','Vestre Engvej 61','7100','','Vejle','Syddanmark','3.g.','Biologi','Lone Kjærby Rasmussen','27771452','lr@rosborg-gym.dk',17,1,0,0,0,NULL,'2015-10-29 00:00:00','2015-06-12 00:00:00','0000-00-00 00:00:00'),(198,'Regnskab',174,NULL,1,'Ordrup Gymnasium','Kirkevej 5','2920','','Gentofte','Hovedstaden','3.g.','Biologi','Karin Frykman','22253576','karinfrykman@gmail.com',18,1,0,0,0,NULL,'2015-12-02 00:00:00','2015-06-14 00:00:00','0000-00-00 00:00:00'),(199,'Modtaget',175,NULL,1,'Gentofte HF','Dahlensstræde 5','2820','','Gentofte','Hovedstaden','2.g.','Biologi','Jens Gerup Nielsen','21167761','jens.liane@mail.dk',24,1,0,0,0,NULL,'2016-01-29 00:00:00','2015-06-16 00:00:00','0000-00-00 00:00:00'),(200,'Modtaget',176,NULL,1,'Rysensteen Gymnasium','Tietgensgade 74','1704','','København','Hovedstaden','1.g.','Bioteknologi','Søren Søgaard','53603891','ss@rysensteen.dk',29,1,0,0,0,NULL,'2016-04-20 00:00:00','2015-06-17 00:00:00','0000-00-00 00:00:00'),(201,'Modtaget',177,NULL,1,'Thisted Gymnasium','Ringvej 32','7700','','Thisted','Nordjylland','2.g.','Biologi','Pia Lassen','20627656','pl@thisted-gymnasium.dk',22,1,0,0,0,NULL,'2016-04-12 00:00:00','2015-06-23 00:00:00','0000-00-00 00:00:00'),(202,'Regnskab',178,NULL,1,'Svendborg Gymnasium & HF','A.P. Møllersvej 35','5700','','Svendborg','Syddanmark','3.g.','Bioteknologi','Peter Teglhøj','27117255','pt@svendborg-gym.dk',26,2,0,0,0,NULL,'2015-08-25 00:00:00','2015-06-25 00:00:00','0000-00-00 00:00:00'),(203,'Regnskab',179,NULL,1,'Skanderborg Gymnasium','Højvangens Torv 6','8660','','Skanderborg','Midtjylland','3.g.','Bioteknologi','Mikala Winther Voldby','30276193','vv@skanderborg-gym.dk',20,2,0,0,0,NULL,'2015-10-06 00:00:00','2015-06-25 00:00:00','0000-00-00 00:00:00'),(204,'Regnskab',180,NULL,1,'Høje-Taastrup Gymnasium','Frøgård Alle 2','2630','','Høje-Taastrup','Hovedstaden','2.g.','Biologi','Sofie Brix','53344411','Sofieab@gmail.com',15,2,0,0,0,NULL,'2015-09-30 00:00:00','2015-06-28 00:00:00','0000-00-00 00:00:00'),(205,'Regnskab',181,NULL,1,'Køge Gymnasium','Gymnasievej 2-4','4600','','Køge','Sjælland','2.g.','Biologi','Marie Eiland','27284531','kgme@kggym.dk',20,2,0,0,0,NULL,'2015-10-07 00:00:00','2015-06-30 00:00:00','0000-00-00 00:00:00'),(206,'Regnskab2',182,NULL,1,'VUC Roskilde','Læderstræde 4','4000','','Roskilde','Sjælland','2.g.','Biologi','Jesper B. Petersen','30483062','rjp@vucroskilde.dk',16,1,0,0,0,NULL,'2016-02-11 00:00:00','2015-08-07 00:00:00','0000-00-00 00:00:00'),(207,'Regnskab',183,NULL,1,'Birkerød Gymnasium - HF - IB & Kostskole','Søndervangen 56','3460','','Rudersdal','Hovedstaden','3.g.','Biologi','Christina Høier Ricke & Jette Eibye-Jacobsen','61696739','ei@birke-gym.dk',16,2,0,0,0,NULL,'2015-11-19 00:00:00','2015-08-11 00:00:00','0000-00-00 00:00:00'),(208,'NA',184,NULL,1,'Allerød Gymnasium','Rådhusvej 6','3450','','Allerød','Hovedstaden','2.g.','Bioteknologi','Louise Lund Bækgaard','26152562','louise.lund.baekaard@gmail.com',0,0,0,0,0,NULL,'2015-09-29 00:00:00','2015-08-12 00:00:00','0000-00-00 00:00:00'),(209,'Regnskab',184,NULL,1,'Allerød Gymnasium','Rådhusvej 6','3450','','Allerød','Hovedstaden','2.g.','Bioteknologi','Louise Lund Bækgaard','26152562','louise.lund.baekaard@gmail.com',20,1,0,0,0,NULL,'2015-09-29 00:00:00','2015-08-12 00:00:00','0000-00-00 00:00:00'),(210,'Regnskab',185,NULL,1,'Københavns Tekniske Skole, HTX Vibenhus','Jagtvej 163','2100','','København','Hovedstaden','2.g.','Biologi','Hanne Juhl','21424674','hju@kts.dk',23,2,0,0,0,NULL,'2015-11-24 00:00:00','2015-08-13 00:00:00','0000-00-00 00:00:00'),(211,'Modtaget',186,NULL,1,'Marselisborg Gymnasium','Birketinget 9','8000','','Aarhus','Nordjylland','3.g.','Biologi','Torben Hviid','29720358','th@marselisborg-gym.dk',21,2,0,0,0,NULL,'2016-04-19 00:00:00','2015-08-15 00:00:00','0000-00-00 00:00:00'),(212,'NA',186,NULL,1,'Marselisborg Gymnasium','Birketinget 9','8000','','Aarhus','Nordjylland','3.g.','Biologi','Torben Hviid','29720358','th@marselisborg-gym.dk',0,0,0,0,0,NULL,'2016-04-19 00:00:00','2015-08-15 00:00:00','0000-00-00 00:00:00'),(213,'Modtaget',187,NULL,1,'Gentofte HF','Dahlensstræde 5','2820','','Gentofte','Hovedstaden','1.g.','Biologi','Helle Munk Jensen','21167586','hellemunk@gmail.com',24,2,0,0,0,NULL,'2016-02-05 00:00:00','2015-08-17 00:00:00','0000-00-00 00:00:00'),(214,'Regnskab2',188,NULL,1,'Køge Gymnasium','Gymnasievej 2-4','4600','','Køge','Sjælland','1.g.','Bioteknologi','Christian Becher Clausen','61702107','kgcc@kggym.dk',31,2,0,0,0,NULL,'2016-01-27 00:00:00','2015-08-17 00:00:00','0000-00-00 00:00:00'),(215,'Regnskab2',189,NULL,1,'Køge Gymnasium','Gymnasievej 2-4','4600','','Køge','Sjælland','1.g.','Biologi','Kristian Poulsen','40348616','kgkp@kggym.dk',31,1,0,0,0,NULL,'2016-01-28 00:00:00','2015-08-17 00:00:00','0000-00-00 00:00:00'),(216,'Regnskab',190,NULL,1,'Gladsaxe Gymnasium','Buddinge Hovedgade 81','2860','','Gladsaxe','Hovedstaden','3.g.','Biologi','Tobias Frykman','51222671','tobiasfrykman@gmail.com',19,1,0,0,0,NULL,'2015-09-25 00:00:00','2015-08-19 00:00:00','0000-00-00 00:00:00'),(217,'Regnskab',191,NULL,1,'Falkonergårdens Gymnasium og HF-Kursus','Sønderjyllands Alle 25','2000','','Frederiksberg','Hovedstaden','2.g.','Biologi','Signe Markman og Morten Skaarup','26783639','signemarkman@gmail.com',29,2,0,0,0,NULL,'2015-10-08 00:00:00','2015-08-26 00:00:00','0000-00-00 00:00:00'),(218,'NA',192,NULL,1,'Espergærde Gymnasium og HF','Gymnasievej 2','3060','','Helsingør','Hovedstaden','3.g.','Biologi','Rikke Louise Rentsch','21929989','RI@eg-gym.dk',0,0,0,0,0,NULL,'2015-11-10 00:00:00','2015-08-27 00:00:00','0000-00-00 00:00:00'),(219,'Regnskab',192,NULL,1,'Espergærde Gymnasium og HF','Gymnasievej 2','3060','','Helsingør','Hovedstaden','3.g.','Biologi','Rikke Louise Rentsch','21929989','RI@eg-gym.dk',30,1,0,0,0,NULL,'2015-11-10 00:00:00','2015-08-27 00:00:00','0000-00-00 00:00:00'),(220,'Regnskab2',193,NULL,1,'Nærum Gymnasium','Nærum Hovedgade 30','2850','','Rudersdal','Hovedstaden','1.g.','Bioteknologi','Helle Jarden','40783646','hj@nagym.dk',29,1,0,0,0,NULL,'2015-12-11 00:00:00','2015-08-31 00:00:00','0000-00-00 00:00:00'),(221,'Regnskab',194,NULL,1,'Viby Gymnasium','Søndervangs Alle 45','8260','','Aarhus','Nordjylland','3.g.','Bioteknologi','Katrine Pedersen','25611514','kp@vibygym.dk',15,1,0,0,0,NULL,'2015-11-17 00:00:00','2015-09-02 00:00:00','0000-00-00 00:00:00'),(222,'Regnskab',195,NULL,1,'Vordingborg Gymnasium & HF','Chr. Richardtsvej 45','4760','','Vordingborg','Sjælland','3.g.','Biologi','Jeppe Mordhorst','40685274','jm@vordingborg-gym.dk',24,1,0,0,0,NULL,'2015-11-12 00:00:00','2015-09-03 00:00:00','0000-00-00 00:00:00'),(223,'Regnskab2',196,NULL,1,'Gladsaxe Gymnasium','Buddinge Hovedgade 81','2860','','Gladsaxe','Hovedstaden','2.g.','Biologi','Kenn Madsen','40941331','ksmadsen@msn.com',27,1,0,0,0,NULL,'2015-12-09 00:00:00','2015-09-28 00:00:00','0000-00-00 00:00:00'),(224,'Regnskab',197,NULL,1,'Borupgaard Gymnasium','Lautruphøj 9','2750','','Ballerup','Hovedstaden','3.g.','Biologi','Ditte Zimmermann','91250681','db@boag.nu',13,1,0,0,0,NULL,'2015-11-06 00:00:00','2015-10-07 00:00:00','0000-00-00 00:00:00'),(225,'Regnskab2',198,NULL,1,'Frederiksberg Gymnasium','Falkoner Plads 2','2000','','Frederiksberg','Hovedstaden','3.g.','Biologi','Peter Toft','30258217','pt@frederiksberggymnasium.dk',20,1,0,0,0,NULL,'2016-02-24 00:00:00','2015-10-13 00:00:00','0000-00-00 00:00:00'),(226,'Regnskab',199,NULL,1,'ZBC HTX Vordingborg','Chr. Richardtsvej 43','4760','','Vordingborg','Sjælland','3.g.','Bioteknologi','Eman Soubani','42446360','esou@zbc.dk',12,2,0,0,0,NULL,'2015-11-05 00:00:00','2015-10-20 00:00:00','0000-00-00 00:00:00'),(227,'NA',200,NULL,1,'Borupgaard Gymnasium','Gothersgade 130','1350','','København','Hovedstaden','3.g.','Biologi/Biotek','Caroline Ledertoug Kahn','20616020','caro_kahn@hotmail.com',1,0,0,0,0,NULL,'2015-11-18 00:00:00','2015-10-20 00:00:00','0000-00-00 00:00:00'),(228,'NA',200,NULL,1,'Frederiksværk Gymnasium og HF','Gothersgade 130','1350','','København','Hovedstaden','3.g.','Biologi/Biotek','Naja Johansen','20616020','najse11@hotmail.com',1,0,0,0,0,NULL,'2015-11-18 00:00:00','2015-10-20 00:00:00','0000-00-00 00:00:00'),(229,'NA',200,NULL,1,'Frederiksværk Gymnasium og HF','Gothersgade 130','1350','','København','Hovedstaden','3.g.','Biologi/Biotek','Tahira Shah','20616020','tahira.mshah@hotmail.com',1,0,0,0,0,NULL,'2015-11-18 00:00:00','2015-10-20 00:00:00','0000-00-00 00:00:00'),(230,'NA',200,NULL,1,'Rødovre Gymnasium','Gothersgade 130','1350','','København','Hovedstaden','3.g.','Biologi/Biotek','Ditte Grevy','20616020','dittetg@hotmail.com',1,0,0,0,0,NULL,'2015-11-18 00:00:00','2015-10-20 00:00:00','0000-00-00 00:00:00'),(231,'Kontaktet2',201,NULL,1,'Egedal Gymnasium & HF','Gymnasievej 1','3660','','Egedal','Hovedstaden','3.g.','Biologi','Malene Sloth-Brodersen','27304769','malene@sloth-brodersen.dk',21,1,0,0,0,NULL,'2016-01-08 00:00:00','2015-10-21 00:00:00','0000-00-00 00:00:00'),(232,'Modtaget',202,NULL,1,'Roskilde Gymnasium','Domkirkepladsen','4000','','Roskilde','Sjælland','1.g.','Biologi','Rune Olsen','21180778','Rune.Olsen@roskilde-gym.dk',27,1,0,0,0,NULL,'2016-04-26 00:00:00','2015-10-21 00:00:00','0000-00-00 00:00:00'),(233,'',203,NULL,1,'Borupgaard Gymnasium','Lautruphøj 9','2750','','Ballerup','Hovedstaden','2.g.','Bioteknologi','Jens Bøgeskov','29893667','jb@boag.nu',20,2,0,0,0,NULL,'2016-04-28 00:00:00','2015-10-23 00:00:00','0000-00-00 00:00:00'),(234,'Modtaget',204,NULL,1,'Allerød Gymnasium','Rådhusvej 6','3450','','Fredensborg','Hovedstaden','1.g.','Biologi','Malthe Lund og Marianne Maigaard','26364844','malthelund@gmail.com',25,2,0,0,0,NULL,'2016-04-07 00:00:00','2015-10-28 00:00:00','0000-00-00 00:00:00'),(235,'Regnskab',205,NULL,1,'Ørestad Gymnasium','Ørestads Boulevard 75','2300','','København','Hovedstaden','2.g.','Bioteknologi','Sofie Bruhns','29861030','srb@oegnet.dk',18,1,0,0,0,NULL,'2015-11-25 00:00:00','2015-11-04 00:00:00','0000-00-00 00:00:00'),(236,'Regnskab',206,NULL,1,'Ingrid Jespersens Gymnasieskole','Nordre Frihavnsgade 9','2100','','København','Hovedstaden','2.g.','Biologi','Christian Riisager-Pedersen','20119987','riisager-pedersen@hotmail.com',26,1,0,0,0,NULL,'2016-04-08 00:00:00','2015-11-12 00:00:00','0000-00-00 00:00:00'),(237,'Regnskab2',207,NULL,1,'Næstved Gymnasium og HF','Nygårdsvej 43','4700','','Næstved','Sjælland','3.g.','Biologi','Tina Christensen','27483926','tc@ngh.nu',25,1,0,0,0,NULL,'2016-03-10 00:00:00','2015-11-17 00:00:00','0000-00-00 00:00:00'),(238,'Regnskab2',208,NULL,1,'Frederiksberg Gymnasium','Falkoner Plads 2','2000','','Frederiksberg','Hovedstaden','2.g.','Biologi','Jens Vilsom Andersen','27626080','jv@frederiksberggymnasium.dk',22,1,0,0,0,NULL,'2016-02-03 00:00:00','2015-11-17 00:00:00','0000-00-00 00:00:00'),(239,'Modtaget',209,NULL,1,'Stenhus Gymnasium & HF','Stenhusvej 20','4300','','Holbæk','Sjælland','3.g.','Bioteknologi','Peter Jensen','28959901','911jensen@gmail.com',15,1,0,0,0,NULL,'2016-03-30 00:00:00','2015-11-17 00:00:00','0000-00-00 00:00:00'),(240,'Modtaget',209,NULL,1,'VUC Aarhus','Dalgas Avenue 2','8000','','Aarhus','Nordjylland','3.g.','Biologi','Michael Warrer Larsen','','MW@vucaarhus.dk',10,1,0,0,0,NULL,'2016-03-30 00:00:00','2016-02-09 00:00:00','0000-00-00 00:00:00'),(241,'Kontaktet2',210,NULL,1,'Nordsjællands Grundskole og Gymnasium','Christianshusvej 16','2970','','Hørsholm','Hovedstaden','2.g.','Biologi','Marianne Johansson','27514149','mjo@ngg.dk',25,2,0,0,0,NULL,'2016-04-06 00:00:00','2015-11-17 00:00:00','0000-00-00 00:00:00'),(242,'',211,NULL,1,'Roskilde Gymnasium','Domkirkepladsen','4000','','Roskilde','Sjælland','1.g.','Bioteknologi','Christine Brænder Almstrup','25852802','rgch@roskilde-gym.dk',28,1,0,0,0,NULL,'2016-04-29 00:00:00','2015-11-17 00:00:00','0000-00-00 00:00:00'),(243,'Regnskab2',212,NULL,1,'Kruses Gymnasium','Stavnsholtvej 29-31','3520','','Furesø','Hovedstaden','3.g.','Bioteknologi','John B. Nielsen','31191122','jbn1@mks.dk',26,1,0,0,0,NULL,'2016-02-25 00:00:00','2015-11-17 00:00:00','0000-00-00 00:00:00'),(244,'Modtaget',213,NULL,1,'Solrød Gymnasium','Solrød Center 2','2680','','Solrød','Sjælland','1.g.','Biologi','Bodil Theilade','27127093','sgbth@solgym.dk',24,1,0,0,0,NULL,'2016-04-27 00:00:00','2015-11-17 00:00:00','0000-00-00 00:00:00'),(245,'Regnskab2',214,NULL,1,'Det frie Gymnasium','Møllegade 26','2200','','København','Hovedstaden','1.g.','Biologi','Kazem Neisari','51367695','kn@detfri.dk',18,1,0,0,0,NULL,'2016-03-02 00:00:00','2015-11-17 00:00:00','0000-00-00 00:00:00'),(246,'Modtaget',215,NULL,1,'Roskilde Gymnasium','Domkirkepladsen','4000','','Roskilde','Sjælland','1.g.','Biologi','Rune Sjødahl','25678196','rgrs@roskilde-gym.dk',29,1,0,0,0,NULL,'2016-05-11 00:00:00','2015-11-17 00:00:00','0000-00-00 00:00:00'),(247,'Regnskab2',216,NULL,1,'Øregård Gymnasium','Gersonsvej 32','2900','','Gentofte','Hovedstaden','3.g.','Biologi','Morten Bøyesen','30383214','mb@oregard.dk',22,1,0,0,0,NULL,'2016-03-08 00:00:00','2015-11-17 00:00:00','0000-00-00 00:00:00'),(248,'Regnskab2',217,NULL,1,'Espergærde Gymnasium og HF','Gymnasievej 2','3060','','Helsingør','Hovedstaden','3.g.','Bioteknologi','Niels Kristian Holm','60731927','nk@eg-gym.dk',23,1,0,0,0,NULL,'2016-01-07 00:00:00','2015-11-17 00:00:00','0000-00-00 00:00:00'),(249,'',218,NULL,1,'Stenhus Gymnasium & HF','Stenhusvej 20','4300','','Holbæk','Sjælland','1.g.','Bioteknologi','Anfinn Joensen','30825556','anfinn@gmail.com',26,2,0,0,0,NULL,'2016-05-18 00:00:00','2015-11-17 00:00:00','0000-00-00 00:00:00'),(250,'Regnskab2',219,NULL,1,'Virum Gymnasium','Fuglsangvej 66','2830','','Lyngby-Taarbæk','Hovedstaden','3.g.','Bioteknologi','Dorte Kühnau','29413443','dk@edu.virum-gym.dk',27,1,0,0,0,NULL,'2016-02-09 00:00:00','2015-11-19 00:00:00','0000-00-00 00:00:00'),(251,'Modtaget',220,NULL,1,'Køge Gymnasium','Gymnasievej 2-4','4600','','Køge','Sjælland','2.g.','Biologi','Pia Myler','30272272','kgpm@kggym.dk',28,1,0,0,0,NULL,'2016-04-01 00:00:00','2015-11-19 00:00:00','0000-00-00 00:00:00'),(252,'Regnskab2',221,NULL,1,'Gladsaxe Gymnasium','Buddinge Hovedgade 81','2860','','Gladsaxe','Hovedstaden','2.g.','Biologi','Tobias Frykman','23304980','tobiasfrykman@gmail.com',18,1,0,0,0,NULL,'2016-03-03 00:00:00','2015-11-20 00:00:00','0000-00-00 00:00:00'),(253,'Regnskab2',221,NULL,1,'Nørre Gymnasium','Mørkhøjvej 78','2700','','København','Hovedstaden','3.g.','Biologi','Rikke Hagstrøm Bucholtz','61791803','rh@norreg.dk',13,1,0,0,0,NULL,'2016-03-03 00:00:00','2015-01-04 00:00:00','0000-00-00 00:00:00'),(254,'Modtaget',222,NULL,1,'HTX Gastro Science','Vigerslev Allé 18','2500','','København','Hovedstaden','1.g.','Bioteknologi','Ditte Elsborg','60883120','del@hrs.dk',15,1,0,0,0,NULL,'2016-04-05 00:00:00','2015-11-24 00:00:00','0000-00-00 00:00:00'),(255,'Regnskab2',223,NULL,1,'VUC Frederiksberg','Falstersvej 3-5','2000','','Frederiksberg','Hovedstaden','3.g.','Biologi','Thorsten Dyrby Nielsen','61995921','tdn@vuf.nu',20,1,0,0,0,NULL,'2016-01-19 00:00:00','2015-11-24 00:00:00','0000-00-00 00:00:00'),(256,'Regnskab2',224,NULL,1,'Falkonergårdens Gymnasium og HF-Kursus','Sønderjyllands Alle 25','2000','','Frederiksberg','Hovedstaden','3.g.','Biologi','Torben Roldsgaard','23707840','torbenroldsgaard@hotmail.com',20,1,0,0,0,NULL,'2016-02-02 00:00:00','2015-11-27 00:00:00','0000-00-00 00:00:00'),(257,'Regnskab2',225,NULL,1,'VUC Roskilde','Læderstræde 4','4000','','Roskilde','Sjælland','2.g.','Biologi','Sarah Kassem Kaltoft','53575904','rka@vucroskilde.dk',15,1,0,0,0,NULL,'2016-01-12 00:00:00','2015-11-30 00:00:00','0000-00-00 00:00:00'),(258,'',226,NULL,1,'Erhvervsskolen Nordsjælland, HTX Hillerød','Carlsbergvej 34','3400','','Hillerød','Hovedstaden','2.g.','Bioteknologi','Gabriel Bjerre','28570047','gbj@esnord.dk',27,1,0,0,0,NULL,'2016-05-03 00:00:00','2015-12-03 00:00:00','0000-00-00 00:00:00'),(259,'',227,NULL,1,'Erhvervsskolen Nordsjælland, HTX Hillerød','Carlsbergvej 34','3400','','Hillerød','Hovedstaden','2.g.','Biologi','Maria Rentsch','20404152','mare@esnord.dk',27,1,0,0,0,NULL,'2016-05-04 00:00:00','2015-12-03 00:00:00','0000-00-00 00:00:00'),(260,'Regnskab2',228,NULL,1,'Silkeborg Gymnasium','Oslovej 10','8600','','Silkeborg','Midtjylland','3.g.','Bioteknologi','Maiken Larsen','25135959','kl@sg.dk',27,2,0,0,0,NULL,'2016-02-03 00:00:00','2015-12-07 00:00:00','0000-00-00 00:00:00'),(261,'Modtaget',229,NULL,1,'Roskilde Gymnasium','Domkirkepladsen','4000','','Roskilde','Sjælland','2.g.','Biologi','Karina Lærkedal Sørensen','29909774','rgks@roskilde-gym.dk',25,1,0,0,0,NULL,'2016-01-15 00:00:00','2015-12-07 00:00:00','0000-00-00 00:00:00'),(262,'Regnskab2',230,NULL,1,'Næstved Gymnasium og HF','Nygårdsvej 43','4700','','Næstved','Sjælland','3.g.','Bioteknologi','Kim Bidstrup Withen','60767799','kb@ngh.nu',8,2,0,0,0,NULL,'2016-03-09 00:00:00','2015-12-23 00:00:00','0000-00-00 00:00:00'),(263,'Regnskab2',230,NULL,1,'Silkeborg Gymnasium','Oslovej 10','8600','','Silkeborg','Midtjylland','3.g.','Bioteknologi','Kim Bidstrup Withen','60767799','kb@ngh.nu',8,2,0,0,0,NULL,'2016-03-09 00:00:00','2015-12-23 00:00:00','0000-00-00 00:00:00'),(264,'Regnskab2',230,NULL,1,'Svendborg Gymnasium & HF','A.P. Møllersvej 35','5700','','Svendborg','Syddanmark','3.g.','Bioteknologi','Kim Bidstrup Withen','60767799','kb@ngh.nu',8,2,0,0,0,NULL,'2016-03-09 00:00:00','2015-12-23 00:00:00','0000-00-00 00:00:00'),(265,'Måske? Marie spurgt',231,NULL,1,'Køge Private Realskole, Gymnasium','Ølby Center 50','4600','','Køge','Sjælland','1.g.','Biologi','Marie Kvist Bondesen','30283077','mariebondesen@gmail.com',19,1,0,0,0,NULL,'2016-03-31 00:00:00','2015-12-28 00:00:00','0000-00-00 00:00:00'),(266,'Modtaget',232,NULL,1,'Gammel Hellerup Gymnasium','Svanemøllevej 87','2900','','Gentofte','Hovedstaden','1.g.','Bioteknologi','Bo Kildeager','29117481','bk@ghg.dk',17,1,0,0,0,NULL,'2016-03-29 00:00:00','2016-01-03 00:00:00','0000-00-00 00:00:00'),(267,'Modtaget',233,NULL,1,'Gladsaxe Gymnasium','Buddinge Hovedgade 81','2860','','Gladsaxe','Hovedstaden','3.g.','Biologi','Kenn Madsen','40941331','ksmadsen@msn.com',24,1,0,0,0,NULL,'2016-02-23 00:00:00','2016-01-05 00:00:00','0000-00-00 00:00:00'),(268,'Modtaget',234,NULL,1,'HF og VUC Nordsjælland','Gurrevej 90','3000','','Helsingør','Hovedstaden','2.g.','Biologi','Louise Adelhart','60870803','loa@vucns.dk',23,1,0,0,0,NULL,'2016-03-18 00:00:00','2016-01-05 00:00:00','0000-00-00 00:00:00'),(269,'Modtaget',235,NULL,1,'Birkerød Gymnasium - HF - IB & Kostskole','Søndervangen 56','3460','','Rudersdal','Hovedstaden','2.g.','Biologi','Christina Høier Ricke','61696739','cr@birke-gym.dk',23,1,0,0,0,NULL,'2016-05-10 00:00:00','2016-01-05 00:00:00','0000-00-00 00:00:00'),(270,'Regnskab2',236,NULL,1,'Gribskov Gymnasium','Østergade 52','3200','','Gribskov','Hovedstaden','3.g.','Biologi/Biotek','Niels J. Willumsen','26204431','njwillumsen@gmail.com',24,2,0,0,0,NULL,'2016-03-15 00:00:00','2016-01-06 00:00:00','0000-00-00 00:00:00'),(271,'',237,NULL,1,'Birkerød Gymnasium - HF - IB & Kostskole','Søndervangen 56','3460','','Rudersdal','Hovedstaden','2.g.','Biologi','Jette Eibye-Jacobsen','22913753','ei@birke-gym.dk',11,1,0,0,0,NULL,'2016-05-17 00:00:00','2016-01-07 00:00:00','0000-00-00 00:00:00'),(272,'Modtaget',238,NULL,1,'VUC Frederiksberg','Falstersvej 3-5','2000','','Frederiksberg','Hovedstaden','2.g.','Biologi','Tina Flensburg','22167935','tif@vuf.nu',17,1,0,0,0,NULL,'2016-01-26 00:00:00','2016-01-05 00:00:00','0000-00-00 00:00:00'),(273,'Regnskab2',239,NULL,1,'Nørresundby Gymnasium & HF','Studievej 14','9400','','Aalborg','Nordjylland','3.g.','Bioteknologi','Dorte Schartau Rasmussen','21765353','dra@nghf.dk',15,2,0,0,0,NULL,'2016-01-21 00:00:00','2015-05-19 00:00:00','0000-00-00 00:00:00'),(274,'Modtaget',240,NULL,1,'Espergærde Gymnasium og HF','Gymnasievej 2','3060','','Helsingør','Hovedstaden','1.g.','Bioteknologi','Thor Højen Wind','60604723','tw@eg-gym.dk',28,2,0,0,0,NULL,'2016-03-11 00:00:00','2016-01-12 00:00:00','0000-00-00 00:00:00'),(275,'',241,NULL,1,'Rysensteen Gymnasium','Tietgensgade 74','1704','','København','Hovedstaden','2.g.','Biologi','Marie Brøndum','60850717','br@rysensteen.dk',24,1,0,0,0,NULL,'2016-05-13 00:00:00','2016-01-13 00:00:00','0000-00-00 00:00:00'),(276,'',242,NULL,1,'CELF','Kringelborg Alle 7','4800','','Guldborgsund','Sjælland','1.g.','Bioteknologi','Ivar Dencker','51360563','ivde@celf.dk',22,2,0,0,0,NULL,'2016-05-25 00:00:00','2016-01-25 00:00:00','0000-00-00 00:00:00'),(277,'Modtaget',243,NULL,1,'Vordingborg Gymnasium & HF','Chr. Richardtsvej 45','4760','','Vordingborg','Sjælland','2.g.','Bioteknologi','Jeppe Mordhorst','40685274','jm@vordingborg-gym.dk',26,2,0,0,0,NULL,'2016-04-14 00:00:00','2016-01-26 00:00:00','0000-00-00 00:00:00'),(278,'Modtaget',244,NULL,1,'Bornholms Gymnasium','Søborgstræde 2','3700','','Bornholm','Syddanmark','1.g.','Biologi','Henrik Kofoed Svendsen','61271964','haks@cabh.dk',28,1,0,0,0,NULL,'2016-04-15 00:00:00','2016-02-02 00:00:00','0000-00-00 00:00:00'),(279,'',245,NULL,1,'Christianshavns Gymnasium','Prinsessegade 35','1422','','København','Hovedstaden','2.g.','Biologi','Troels Leuenhagen Petersen','61715506','TL@cg-gym.dk',25,1,0,0,0,NULL,'2016-06-09 00:00:00','2016-03-02 00:00:00','0000-00-00 00:00:00'),(280,'Modtaget',246,NULL,1,'Virum Gymnasium','Fuglsangvej 66','2830','','Lyngby-Taarbæk','Hovedstaden','2.g.','Biologi','Katrine Skjøth','51898486','ar@edu.virum-gym.dk',18,2,0,0,0,NULL,'2016-04-21 00:00:00','2016-03-23 00:00:00','0000-00-00 00:00:00'),(281,'',247,NULL,1,'Gladsaxe Gymnasium','Buddinge Hovedgade 81','2860','','Gladsaxe','Hovedstaden','1.g.','Biologi','Natacha Bjerre','61685550','natachabjerre@gmail.com',27,1,0,0,0,NULL,'2016-06-14 00:00:00','2016-03-31 00:00:00','0000-00-00 00:00:00'),(282,'',248,NULL,1,'Køge Gymnasium','Gymnasievej 2-4','4600','','Køge','Sjælland','2.g.','Biologi','Klaus Hermansen','20121978','kgkl@kggym.dk',26,2,0,0,0,NULL,'2016-05-27 00:00:00','2016-04-11 00:00:00','0000-00-00 00:00:00'),(283,'Ma',249,NULL,1,'Aurehøj Gymnasium','Skolevej 7','2820','','Gentofte','Hovedstaden','2.g.','Biologi','Stina Herskind','26594519','sh@aurehoej.dk',20,1,0,0,0,NULL,'2016-05-12 00:00:00','2016-04-20 00:00:00','0000-00-00 00:00:00'),(284,'',250,NULL,1,'Frederiksværk Gymnasium og HF','Strandgade 34','3300','','Halsnæs','Hovedstaden','1.g.','Biologi','Peter Holm','27642505','peveholm@gmail.com',15,1,0,0,0,NULL,'2016-06-07 00:00:00','2016-05-24 00:00:00','0000-00-00 00:00:00'),(285,'',251,NULL,1,'Slotshaven Gymnasium','Slotshaven 1','4300','','Holbæk','Sjælland','1.g.','Bioteknologi','Katrine Rostgaard','28434288','karo@slotshaven.dk',29,1,0,0,0,NULL,'2016-06-08 00:00:00','2016-05-25 00:00:00','0000-00-00 00:00:00'),(286,'',252,NULL,1,'Næstved Gymnasium og HF','Nygårdsvej 43','4700','','Næstved','Sjælland','1.g.','Biologi','Helle Stenz','21929511','hk@ngh.nu',32,2,0,0,0,NULL,'2016-06-10 00:00:00','2016-05-25 00:00:00','0000-00-00 00:00:00'),(287,'',253,NULL,1,'Eurofins','','','','','Hovedstaden','','N/A','Peter Bondgaard Mortensen','','PeterBondgaardMortensen@eurofins.dk',11,3,0,0,0,NULL,'2016-05-24 00:00:00','2016-04-04 00:00:00','0000-00-00 00:00:00');
/*!40000 ALTER TABLE `klasse` ENABLE KEYS */;
UNLOCK TABLES;

--
-- Table structure for table `klassetrin`
--

DROP TABLE IF EXISTS `klassetrin`;
/*!40101 SET @saved_cs_client     = @@character_set_client */;
/*!40101 SET character_set_client = utf8 */;
CREATE TABLE `klassetrin` (
  `klassetrin_id` int(11) NOT NULL AUTO_INCREMENT,
  `klassetrin_navn` varchar(50) NOT NULL,
  PRIMARY KEY (`klassetrin_id`)
) ENGINE=InnoDB AUTO_INCREMENT=4 DEFAULT CHARSET=utf8;
/*!40101 SET character_set_client = @saved_cs_client */;

--
-- Dumping data for table `klassetrin`
--

LOCK TABLES `klassetrin` WRITE;
/*!40000 ALTER TABLE `klassetrin` DISABLE KEYS */;
INSERT INTO `klassetrin` VALUES (1,'1.g'),(2,'2.g'),(3,'3.g');
/*!40000 ALTER TABLE `klassetrin` ENABLE KEYS */;
UNLOCK TABLES;

--
-- Table structure for table `kommentar`
--

DROP TABLE IF EXISTS `kommentar`;
/*!40101 SET @saved_cs_client     = @@character_set_client */;
/*!40101 SET character_set_client = utf8 */;
CREATE TABLE `kommentar` (
  `kommentar_id` int(11) NOT NULL AUTO_INCREMENT,
  `type_id` int(11) NOT NULL,
  `relation_id` int(11) NOT NULL,
  `kommentar` text NOT NULL,
  `created_timestamp` timestamp NOT NULL DEFAULT CURRENT_TIMESTAMP,
  `created_userName` varchar(50) NOT NULL,
  PRIMARY KEY (`kommentar_id`)
) ENGINE=InnoDB AUTO_INCREMENT=805 DEFAULT CHARSET=utf8;
/*!40101 SET character_set_client = @saved_cs_client */;

--
-- Dumping data for table `kommentar`
--

LOCK TABLES `kommentar` WRITE;
/*!40000 ALTER TABLE `kommentar` DISABLE KEYS */;
INSERT INTO `kommentar` VALUES (80,3,2,'Skal analyseres 15-01-2016','2016-05-23 10:55:28','{ Excel }'),(81,3,4,'Kan bruges af andre','2016-05-23 10:55:28','{ Excel }'),(82,3,5,'booket 12-05-2016','2016-05-23 10:55:28','{ Excel }'),(83,3,6,'Kan bruges af andre','2016-05-23 10:55:28','{ Excel }'),(84,3,7,'Kan bruges af andre. Anne C. Winther Jørgensen og 2ybi','2016-05-23 10:55:29','{ Excel }'),(85,3,8,' Ole Carsten Pedersen, Kan bruges af andre','2016-05-23 10:55:29','{ Excel }'),(86,3,10,'Niels J Willumsen, , F15_078 15-03-2016','2016-05-23 10:55:29','{ Excel }'),(87,3,11,'Vagn Rasmussen','2016-05-23 10:55:29','{ Excel }'),(88,3,12,'Vagn Rasmussen, evt bruges med holdet fra Allerød 7/4 F15_037','2016-05-23 10:55:29','{ Excel }'),(89,3,13,'Mogens Ellebæk (må bruges af andre)','2016-05-23 10:55:30','{ Excel }'),(90,3,15,'kan bruges af andre','2016-05-23 10:55:30','{ Excel }'),(91,3,16,'Kan bruges af andre','2016-05-23 10:55:30','{ Excel }'),(92,3,17,'Kan bruges af andre','2016-05-23 10:55:30','{ Excel }'),(93,3,22,'Prøven hed tidligere DL_F15_063, men blev flytte da den ikke nåede at blive ekstraheret før klassens besøg.','2016-05-23 10:55:31','{ Excel }'),(94,3,30,'Clara/Frederikke/Mehrshrshad','2016-05-23 10:55:32','{ Excel }'),(95,3,53,'Kun 50ml vand igennem filter','2016-05-23 10:55:35','{ Excel }'),(96,3,78,'Prøven er modtaget i juli, hvor der ikke var booket. ','2016-05-23 10:55:38','{ Excel }'),(97,3,157,'Prøver indsamles i uge 36 og sendes straks derefter.','2016-05-23 10:55:50','{ Excel }'),(98,3,196,'Stør','2016-05-23 10:55:57','{ Excel }'),(99,3,203,'Frøer','2016-05-23 10:55:58','{ Excel }'),(100,3,247,'4 prøver per sø koordinat (kaldet A, B, C, D)','2016-05-23 10:56:04','{ Excel }'),(101,3,248,'4 prøver per sø koordinat (kaldet A, B, C, D)','2016-05-23 10:56:04','{ Excel }'),(102,3,249,'4 prøver per sø koordinat (kaldet A, B, C, D)','2016-05-23 10:56:04','{ Excel }'),(103,3,250,'4 prøver per sø koordinat (kaldet A, B, C, D)','2016-05-23 10:56:04','{ Excel }'),(104,3,251,'2 prøver per sø koordinat (kaldet A, B)','2016-05-23 10:56:05','{ Excel }'),(105,3,252,'2 prøver per sø koordinat (kaldet A, B)','2016-05-23 10:56:05','{ Excel }'),(106,3,253,'4 prøver per sø koordinat (kaldet A, B, C, D)','2016-05-23 10:56:05','{ Excel }'),(107,3,254,'4 prøver per sø koordinat (kaldet A, B, C, D)','2016-05-23 10:56:05','{ Excel }'),(108,3,255,'4 prøver per sø koordinat (kaldet A, B, C, D)','2016-05-23 10:56:05','{ Excel }'),(109,3,256,'4 prøver per sø koordinat (kaldet A, B, C, D)','2016-05-23 10:56:06','{ Excel }'),(110,3,257,'4 prøver per sø koordinat (kaldet A, B, C, D)','2016-05-23 10:56:06','{ Excel }'),(111,3,258,'4 prøver per sø koordinat (kaldet A, B, C, D)','2016-05-23 10:56:06','{ Excel }'),(112,3,259,'4 prøver per sø koordinat (kaldet A, B, C, D)','2016-05-23 10:56:06','{ Excel }'),(113,3,260,'4 prøver per sø koordinat (kaldet A, B, C, D)','2016-05-23 10:56:06','{ Excel }'),(114,3,261,'4 prøver per sø koordinat (kaldet A, B, C, D)','2016-05-23 10:56:07','{ Excel }'),(115,3,262,'4 prøver per sø koordinat (kaldet A, B, C, D)','2016-05-23 10:56:07','{ Excel }'),(116,3,263,'4 prøver per sø koordinat (kaldet A, B, C, D)','2016-05-23 10:56:07','{ Excel }'),(117,3,264,'4 prøver per sø koordinat (kaldet A, B, C, D)','2016-05-23 10:56:07','{ Excel }'),(118,3,265,'4 prøver per sø koordinat (kaldet A, B, C, D)','2016-05-23 10:56:07','{ Excel }'),(119,3,266,'4 prøver per sø koordinat (kaldet A, B, C, D)','2016-05-23 10:56:07','{ Excel }'),(120,3,267,'4 prøver per sø koordinat (kaldet A, B, C, D)','2016-05-23 10:56:08','{ Excel }'),(121,3,268,'4 prøver per sø koordinat (kaldet A, B, C, D)','2016-05-23 10:56:08','{ Excel }'),(122,3,269,'4 prøver per sø koordinat (kaldet A, B, C, D)','2016-05-23 10:56:08','{ Excel }'),(123,3,270,'4 prøver per sø koordinat (kaldet A, B, C, D)','2016-05-23 10:56:08','{ Excel }'),(124,3,271,'4 prøver per sø koordinat (kaldet A, B, C, D)','2016-05-23 10:56:08','{ Excel }'),(125,3,272,'4 prøver per sø koordinat (kaldet A, B, C, D)','2016-05-23 10:56:09','{ Excel }'),(126,3,273,'2 prøver per sø koordinat (kaldet A, B)','2016-05-23 10:56:09','{ Excel }'),(127,3,274,'2 prøver per sø koordinat (kaldet A, B)','2016-05-23 10:56:09','{ Excel }'),(128,3,276,'500 ml gennem sterivex filter, til sammenligning med DL_SNM_2014_0002','2016-05-23 10:56:09','{ Excel }'),(129,3,321,'Der er to ens prøver. Prøven er leveret af en lærer i en spand og kørt igennem filteret af Mette','2016-05-23 10:56:15','{ Excel }'),(130,3,322,'Der er to ens prøver. Prøven er leveret af en lærer i en spand og kørt igennem filteret af Mette','2016-05-23 10:56:15','{ Excel }'),(131,3,330,'Næsten tom','2016-05-23 10:56:16','{ Excel }'),(720,2,14,'Én elev gennemgår en stor operation i ryggen 1-2 mdr inden besøget og må forventes at få lidt lang snor mht evnen til at sidde på en stol osv.','2016-06-02 10:57:22','{ Excel }'),(721,2,19,'Det er en dygtig klasse.','2016-06-02 10:57:22','{ Excel }'),(722,2,23,'Almindelig \'Papegøjeklasse\' med sproglige elever','2016-06-02 10:57:23','{ Excel }'),(723,2,24,'Det er et hold fra læreruddannelsen, der har biologi som undervisningsfag. Tager kontakt pr. mail. Vigtigt for mig at få reserveret dagen i første omgang','2016-06-02 10:57:23','{ Excel }'),(724,2,27,'Jeg har fået et vandopsamlingssæt udleveret på Big Bang konferencen. Jeg sender noget vand ind i slutningen af april.','2016-06-02 10:57:23','{ Excel }'),(725,2,39,'Evt DL_GYM_003, tidligere booking 15-9','2016-06-02 10:57:24','{ Excel }'),(726,2,41,'Klassen har biologi på B-niveau.','2016-06-02 10:57:24','{ Excel }'),(727,2,44,'Der er en hørehæmmet elev i klassen, så der vil evt. være en tolk med. Jeg har haft sendt en tilmelding før sommerferien, som jeg afbestilte igen. Jeg fik tilsendt prøverør mv. inden jeg fik afbestilt. Så hvis vi skal indsamle vandprøve, har jeg fået et kit. Vi skal rejse retur til Vejle fredag eftermiddag med DSB frirejse. Jeg har endnu ikke fået billetterne. Er der mulighed for, at vi kan starte lidt tidligere, hvis det bliver vanskeligt at få det til at hænge sammen med vores hjemrejse?','2016-06-02 10:57:24','{ Excel }'),(728,2,46,'Jeg har booket en dato den 10. december som jeg gerne vil aflyse, men jeg har i den forbindelse allerede modtaget et indsamlingskit. Mange hilsner Katrine','2016-06-02 10:57:25','{ Excel }'),(729,2,48,'Jeg skal nok have gennemgået alt det faglige relevante for klassen inden besøget. Vh Bo','2016-06-02 10:57:25','{ Excel }'),(730,2,50,'Det bliver en studieretningsklasse med Biologi på A-niveau, og matenmatik på A og kemi på B. Klassen er ikke dannet endnu. Det sker først efter nytår, så derfor kan jeg ikke angive antal elever præcist, men det bliver sikkert en hel klasse. ','2016-06-02 10:57:25','{ Excel }'),(731,2,52,'Eleverne har Biologi A i studieretningen. Der er to udvekslingsstudenter (en fra USA og en fra Argentina)','2016-06-02 10:57:25','{ Excel }'),(732,2,53,'Biologi A, KemiB sk´tudieretning._x000D_Da vi kommer med tog fra Helsinge vil vi gerne starte 9.15 hvis det er muligt ','2016-06-02 10:57:25','{ Excel }'),(733,2,55,'Hej Jeg var med stor succes hos jer med min gymnasieklasse i 3 g. Med denne klasse har jeg så ikke endnu nået at tage vandprøver- men det kan måske godt nås i april? Vi vil dog så finde en anden prøvestation, da vi kun fandt lille vandsalamander i Kulsbjerg-søen. mvhJeppe Mordhorst','2016-06-02 10:57:25','{ Excel }'),(734,2,56,'Tidligere booking 15-9','2016-06-02 10:57:25','{ Excel }'),(735,2,57,'Vi vil gerne sende vandprøver fra forskellige lokaliteter fra Halleby Å systemet, hvor vi håber på at finde DNA fra f.eks. odder samt smerling. Det kunne virkeligt være fedt hvis vi kunne isolere DNA fra ørred også. Den har jo enorm kommerciel værdi og kortlægning af denne kunne anvendes ift Fishing Zealand projektet.','2016-06-02 10:57:25','{ Excel }'),(736,2,61,'Vi vil gerne tage egne vandprøver i sensommeren. Hvis muligt send venligst info','2016-06-02 10:57:26','{ Excel }'),(737,2,78,'vi vil gerne tage vandprøven i sensommeren, så send venligst materiale på forhånd','2016-06-02 10:57:27','{ Excel }'),(738,2,89,'Holdet er et hf-enkeltfagshold på B-niveau - Altså vokse kursister!','2016-06-02 10:57:28','{ Excel }'),(739,2,97,'Booket sammen med Heidi Nystrand. Oprindelig sagsnr. F14-01','2016-06-02 10:57:29','{ Excel }'),(740,2,103,'bio b.','2016-06-02 10:57:29','{ Excel }'),(741,2,108,'1 ekstra hold på 18 elever fra samme gym er tilmeldt. Booking ændret d. 14. august 2014','2016-06-02 10:57:30','{ Excel }'),(742,2,109,'1 ekstra hold på 18 elever fra samme gym er tilmeldt. Booking ændret d. 14. august 2014','2016-06-02 10:57:30','{ Excel }'),(743,2,117,'Ombooket, læreren HAR modtaget indsamlingskit, men pgha efterårsferie ændrede han datoen','2016-06-02 10:57:30','{ Excel }'),(744,2,118,'Vi har to A niveau hold med 2g med 8 elever og 3g med 25 elever','2016-06-02 10:57:31','{ Excel }'),(745,2,130,'Klassen har biologi på B-niveau','2016-06-02 10:57:32','{ Excel }'),(746,2,134,'Biologi studieretning A niveau','2016-06-02 10:57:33','{ Excel }'),(747,2,135,'Klassen er 3y BI.','2016-06-02 10:57:33','{ Excel }'),(748,2,137,'Henvisning til sag F14-13 Vi havde ikke skrevet den korrekte dato i vores kalender. Vi har desuden en elev, der er nyligt rygopereret, som nok ikke kan sidde ned så længe af gangen. Bare så der er forståelse for, at hun evt. går rundt, ligger ned eller lignende','2016-06-02 10:57:33','{ Excel }'),(749,2,141,'2 hold. Det ene hold 2g (9 elever) det andet hold 3g (11 elever). Begge hold på A-niveau. ','2016-06-02 10:57:33','{ Excel }'),(750,2,145,'Det er et hold der kommer ind Det er mange elever, men de er meget rolige','2016-06-02 10:57:34','{ Excel }'),(751,2,146,'Det er et hold der kommer ind Det er mange elever, men de er meget rolige','2016-06-02 10:57:34','{ Excel }'),(752,2,148,'Vi kommer med 2 klasser, en biotek A på 11 elever og en Biologi C på 19 elever. Jeg er lærer for dem begge og vil sørge for at de har hørt om DNA og PCR forinden. 1 elev er kørestolsbruger, som har en medhjælper med.','2016-06-02 10:57:34','{ Excel }'),(753,2,150,'OBS: to klasser fra to forskellige gymnasier. De skal have tilsendt to kits. Det ene til Køge, det andet til Tine Tønnes Sørensen Høng Gymnasium og HF Hovedgaden 24270 Høng','2016-06-02 10:57:34','{ Excel }'),(754,2,153,'Vi har haft en del datobytningsforvirring, som også har involveret parallelholdet i biologi med Maria Steinhausen - også fra Helsingør Gymnasium. Det betyder ikke så meget, udover at jeg gerne vil bemærke, at vores prøver er de, som er taget fra \"Politisøen\" i Helsingør. Så lad ikke booking-koden forlede Jer til at tro, at vi skal behandle Maria Steinhausens prøver :-) hilsen OLe Carsten Pedersen','2016-06-02 10:57:34','{ Excel }'),(755,2,167,'Holdet jeg tænker på er 2g Biologi B , der er 12 elever. Imidlertid kunne jeg tænke mig også at deltage samtidigt med 12 Biologi A-elever . Begge dele kræver imidlertid godkendelse fra skolen som jeg straks vil forespørge om Dvs jeg ønsker at reservere dagen. Skulle dagen være optaget vil torsdag d 3 eller fre d 4-9 / uge 36 også være interessant mvh bente bregnbak.','2016-06-02 10:57:35','{ Excel }'),(756,2,172,'Klassen er på en naturvidenskabelig studieretning med Bio A, kemi B og Mat B og er generelt både dygtige og ambitiøse udi det naturvidenskabelige så bare fyld på:-)','2016-06-02 10:57:36','{ Excel }'),(757,2,173,'Klassen er på en naturvidenskabelig studieretning med Bio A, kemi B og Mat B og er generelt både dygtige og ambitiøse udi det naturvidenskabelige så bare fyld på:-)','2016-06-02 10:57:36','{ Excel }'),(758,2,175,'Jeg kender ikke klassens størrelse endnu','2016-06-02 10:57:36','{ Excel }'),(759,2,176,'Jeg kender ikke klassens størrelse endnu','2016-06-02 10:57:36','{ Excel }'),(760,2,177,'Den anden lærer er kemilærer i bioteknologi, og hedder Jens Sveistrup','2016-06-02 10:57:36','{ Excel }'),(761,2,186,'Klassen har i april underøgt søens kvalitet ved undersøgelse af plante- og dyreliv, iltmåling, BI5, sigtdybde mm Undersøgelsen er del af et løbende samarbejde mellem Allerød Gymnasium og Grundejerforeningen omkring søen, som glæder sig til at høre resultatet af eDNA analyserne','2016-06-02 10:57:37','{ Excel }'),(762,2,190,'Incl 8 elever fra Aurehøj','2016-06-02 10:57:37','{ Excel }'),(763,2,196,'Aftalt starttidspunkt 9.30 (ved Andreas)','2016-06-02 10:57:37','{ Excel }'),(764,2,197,'1 hørehæmmet elev. Evt. følger tolk med','2016-06-02 10:57:37','{ Excel }'),(765,2,198,'biologi B niveau Vi indsamler DNA i august, har et prøvesæt!','2016-06-02 10:57:38','{ Excel }'),(766,2,206,'Bekræftet','2016-06-02 10:57:38','{ Excel }'),(767,2,207,'Dette er et IB biologi hold og de skal meget gerne undervises på engelsk; material behøver ikke at være på engelsk, da alle har modtaget undervisning i sporget dansk.','2016-06-02 10:57:38','{ Excel }'),(768,2,209,'Vi har tidligere booket en forløb, men måtte aflyse, og har derfor genbooket._x000D_ Vi har indsendt vandprøver. Det oprindelige bookingnummer var F14-85.','2016-06-02 10:57:38','{ Excel }'),(769,2,211,'Klassen har biologi på A-niveau','2016-06-02 10:57:39','{ Excel }'),(770,2,212,'Klassen har biologi på A-niveau','2016-06-02 10:57:39','{ Excel }'),(771,2,213,'Dagen er booket som en del af et projekt vi kalder \"Superbiologer\". Eleverne kommer fra 8 forskellige 1. hf klasser - og de har meldt sig frivilligt til arrangementet. Da eleverne kommer fra 8 forskellige klasser (med forskellige lærere) har de ikke haft en fælles introduktion til dagen. Alle eleverne kender til cellers opbygning, DNA\'s opbygning og har lavet forsøg med elektroforese. De har biologi på C-niveau._x000D__x000D_Inden sommerferien sendte jeg vandprøver til jer._x000D__x000D_ Mvh Helle ','2016-06-02 10:57:39','{ Excel }'),(772,2,217,'Der er tale om to studieretninger: Biologi og bioteknologi','2016-06-02 10:57:39','{ Excel }'),(773,2,218,'Biologi A','2016-06-02 10:57:39','{ Excel }'),(774,2,219,'Biologi A','2016-06-02 10:57:39','{ Excel }'),(775,2,222,'Vi har i foråret indsamlet og indsendt prøve fra vores lokalområde, Kulsbjerg - og det håber vi jo meget at vi selv kan komme til at analysere!','2016-06-02 10:57:39','{ Excel }'),(776,2,225,'Gymnasietjenesten/BEKL: Oprindeligt forløb den 13/11-2015 rykket til 24/2 efter henvendelse fra lærer. Lærers bemærkninger 12/10-2015: ”Klassen har biologi på B-niveau. Vi har taget vandprøve fra Schweizersøen i Frederiksberg Have, som vi sendte til jer den 30/9. På den er vores besøgsdato markeret som 13/11. Vi mangler endnu at tage prøven fra gymnasiets postevand','2016-06-02 10:57:40','{ Excel }'),(777,2,234,'Har ej indsendt prøver (men prøve indsendt af Vagn Rasmussen, Allerød; DL_GYM_010 /Marie)','2016-06-02 10:57:40','{ Excel }'),(778,2,235,'Meget gerne det forløb om livet i drikkevand, da det passer bedre til hvad klassen har om for tiden, som netop er bakterier i vores omgivelser, og som organisme','2016-06-02 10:57:40','{ Excel }'),(779,2,236,'Forløbet kommer til at afslutte et forløb om økologi, samt være opsummering på teori om evolution, DNAreplikation og proteinsyntese.','2016-06-02 10:57:40','{ Excel }'),(780,2,237,'Jeg har rettet denne booking til d. 10/3 fra en tidligere booking d. 3/3 - efter mailhenvendelse fra læreren. /Mia 17/11','2016-06-02 10:57:41','{ Excel }'),(781,2,238,'Klassen har biologi på B-niveau','2016-06-02 10:57:41','{ Excel }'),(782,2,239,'Vi glæder os.   Vh.  Peter Jensen. ','2016-06-02 10:57:41','{ Excel }'),(783,2,243,'den med ferskvandsdyr i søer (Furesøen): livet i et snapseglas','2016-06-02 10:57:41','{ Excel }'),(784,2,245,'Klassen har den basale viden om genetik inden besøget.','2016-06-02 10:57:41','{ Excel }'),(785,2,246,'Det er en 1g-klasse med studieretning med biologi på A-niveau. ','2016-06-02 10:57:42','{ Excel }'),(786,2,248,'Klassen kender de grundlæggende DNA-teknikker.  ','2016-06-02 10:57:42','{ Excel }'),(787,2,252,'Biologi B','2016-06-02 10:57:43','{ Excel }'),(788,2,254,'Prøven er ændret til DL_GYM_019 og står under fanen \"tilsendt fra GYM\"','2016-06-02 10:57:43','{ Excel }'),(789,2,256,'En Team Danmark klasse som har morgentræning denne dag, så hvis øvelsesstarten kan rykkes til kl. 9.30- 9.45 vil det være fint.','2016-06-02 10:57:43','{ Excel }'),(790,2,261,'Ombooket, fra F15-018. Vi vil gerne se på prøver fra Bølle Sø eller Avn Sø, prøver er sendt ind fra Gorm Clausen DL_F15-018_2','2016-06-02 10:57:44','{ Excel }'),(791,2,262,'Eleverne er en masterclass i biologi og bioteknologi, hvor eleverne kommer fra Silkeborg, Svendborg og Næstved Gymnasium. De er dygtige og vil gerne udfordres. Hvis I har et ekstra fagligt gear må I gerne bruge det.','2016-06-02 10:57:44','{ Excel }'),(792,2,263,'Eleverne er en masterclass i biologi og bioteknologi, hvor eleverne kommer fra Silkeborg, Svendborg og Næstved Gymnasium. De er dygtige og vil gerne udfordres. Hvis I har et ekstra fagligt gear må I gerne bruge det.','2016-06-02 10:57:44','{ Excel }'),(793,2,264,'Eleverne er en masterclass i biologi og bioteknologi, hvor eleverne kommer fra Silkeborg, Svendborg og Næstved Gymnasium. De er dygtige og vil gerne udfordres. Hvis I har et ekstra fagligt gear må I gerne bruge det.','2016-06-02 10:57:44','{ Excel }'),(794,2,266,'Jeg skal nok have gennemgået alt det faglige relevante for klassen inden besøget. Vh Bo','2016-06-02 10:57:44','{ Excel }'),(795,2,268,'Der er tale om et valgfag Biologi på B-niveau. Der er enkelte kursister som er 1. års elever. Da valgfaget netop er startet op (januar 2016) er kursisttallet forbundet med en smule usikkerhed. På nuværende tidspunkt er der tilmeldt 32 til holdet. Er det i orden at give et kursisttal per 1. marts 2016?','2016-06-02 10:57:44','{ Excel }'),(796,2,269,'Klassen er en international IB klasse, så det normale undervisnings sprog for dem er engelsk, men de fleste forstår noget dansk. Så ligesom sidst vi var på besøg kunne det være fantastisk med samme material (på dansk) men selve underviningen på engelsk? mvh, Christina','2016-06-02 10:57:44','{ Excel }'),(797,2,270,'OBS! Prøve: DL_GYM_008, indsamlet d. 7.6.2015 af Niels J. Willumsen. To hold: 3.g biotek 19 elever, 3.g biologi 11 elever','2016-06-02 10:57:44','{ Excel }'),(798,2,271,'Dette er en IB klasse og vi vil værdsætte det voldsomt, hvis det kan lade sig gøre at gennemføre det meste af dagen på engelsk :o)','2016-06-02 10:57:45','{ Excel }'),(799,2,273,'Dette er en ombookning. Oprindeligt skulle vi komme d. 28.1, så blev det d. 22.1 og nu altså den 21.1. Vores oprindelige bookingnummer DL_F14-96 Vi har indsendt prøver både fra en sø og fra vandhanevand.','2016-06-02 10:57:45','{ Excel }'),(800,2,275,'Klassen har biologi på C-niveau. De går på en naturvidenskabelig studieretning, og det er generelt en dygtig klasse','2016-06-02 10:57:45','{ Excel }'),(801,2,277,'Hej Jeg var med stor succes hos jer med min gymnasieklasse i 3 g. Med denne klasse har jeg så ikke endnu nået at tage vandprøver- men det kan måske godt nås i april? Vi vil dog så finde en anden prøvestation, da vi kun fandt lille vandsalamander i Kulsbjerg-søen. mvh Jeppe Mordhorst','2016-06-02 10:57:45','{ Excel }'),(802,2,281,'Vi henter prøverne den 12/5 og sender dem på dagen eller dagen efter','2016-06-02 10:57:45','{ Excel }'),(803,2,286,'Vi er 32 elever, kan det ikke lade sig gøre alligevel? Mange venlige hilsner Helle Stenz ','2016-06-02 10:57:46','{ Excel }'),(804,3,114,'sdfsdfdf','2016-06-03 21:00:15','-- test --');
/*!40000 ALTER TABLE `kommentar` ENABLE KEYS */;
UNLOCK TABLES;

--
-- Table structure for table `kommentar_type`
--

DROP TABLE IF EXISTS `kommentar_type`;
/*!40101 SET @saved_cs_client     = @@character_set_client */;
/*!40101 SET character_set_client = utf8 */;
CREATE TABLE `kommentar_type` (
  `type_id` int(11) NOT NULL AUTO_INCREMENT,
  `relation` varchar(20) DEFAULT NULL,
  PRIMARY KEY (`type_id`)
) ENGINE=InnoDB AUTO_INCREMENT=7 DEFAULT CHARSET=utf8;
/*!40101 SET character_set_client = @saved_cs_client */;

--
-- Dumping data for table `kommentar_type`
--

LOCK TABLES `kommentar_type` WRITE;
/*!40000 ALTER TABLE `kommentar_type` DISABLE KEYS */;
INSERT INTO `kommentar_type` VALUES (1,'booking'),(2,'klasse'),(3,'proeve'),(4,'resultat'),(5,'lokalitet'),(6,'lokalitet_spot');
/*!40000 ALTER TABLE `kommentar_type` ENABLE KEYS */;
UNLOCK TABLES;

--
-- Table structure for table `lokalitet`
--

DROP TABLE IF EXISTS `lokalitet`;
/*!40101 SET @saved_cs_client     = @@character_set_client */;
/*!40101 SET character_set_client = utf8 */;
CREATE TABLE `lokalitet` (
  `lokalitet_id` int(11) NOT NULL AUTO_INCREMENT,
  `X_GPS` varchar(50) DEFAULT NULL,
  `Y_GPS` varchar(50) DEFAULT NULL,
  `latitude` varchar(50) NOT NULL,
  `longitude` varchar(50) NOT NULL,
  `locked` tinyint(1) NOT NULL DEFAULT '0',
  `showPolygon` tinyint(1) NOT NULL DEFAULT '1',
  `showMarker` tinyint(1) NOT NULL DEFAULT '1',
  `showPopup` tinyint(1) NOT NULL DEFAULT '1',
  `geometryWkt` text,
  `type` varchar(50) DEFAULT NULL,
  `subtype` varchar(50) DEFAULT NULL,
  `presentationString` varchar(50) DEFAULT NULL,
  `skrivemaade` varchar(50) DEFAULT NULL,
  `skrivemaade_officiel` varchar(50) DEFAULT NULL,
  `skrivemaader_uofficiel` varchar(50) DEFAULT NULL,
  UNIQUE KEY `lokalitet_id` (`lokalitet_id`)
) ENGINE=InnoDB AUTO_INCREMENT=2359 DEFAULT CHARSET=utf8;
/*!40101 SET character_set_client = @saved_cs_client */;

--
-- Dumping data for table `lokalitet`
--

LOCK TABLES `lokalitet` WRITE;
/*!40000 ALTER TABLE `lokalitet` DISABLE KEYS */;
INSERT INTO `lokalitet` VALUES (274,'N°56 02,670\'','E10°04,708\'','56.056386','10.057265',0,1,1,1,NULL,NULL,NULL,'Solbjerg/Stilling Sø',NULL,NULL,NULL),(275,'','','55.567284','11.887934',0,1,1,1,NULL,NULL,NULL,'Bølle Sø',NULL,NULL,NULL),(276,'','','55.675963','12.476979',0,1,1,1,NULL,NULL,NULL,'Damhussøen',NULL,NULL,NULL),(277,'','','55.053433','10.586365',0,1,1,1,NULL,NULL,NULL,'Pouls Smeds Mose',NULL,NULL,NULL),(278,'','','56.067655','12.230712',0,1,1,1,NULL,NULL,NULL,'Tornegårdsvej 4, Helsinge',NULL,NULL,NULL),(279,'','','55.166487','12.028273',0,1,1,1,NULL,NULL,NULL,'Krobækken, Vordingborg',NULL,NULL,NULL),(280,'','','55.753279','12.534386',0,1,1,1,NULL,NULL,NULL,'Gentofte Sø',NULL,NULL,NULL),(281,'55° 40\' 31\'\' N','12° 28\' 40\'\' E','55.675963','12.476979',0,1,1,1,NULL,NULL,NULL,'Damhussøen',NULL,NULL,NULL),(282,'','','55.119700','12.038400',0,1,1,1,NULL,NULL,NULL,'Tubæk, Præstø',NULL,NULL,NULL),(283,'','','55.915879','12.070652',0,1,1,1,NULL,NULL,NULL,'Lille privat sø, Ølsted',NULL,NULL,NULL),(284,'','','55.864545','12.332922',0,1,1,1,NULL,NULL,NULL,'Gymnasiesøen, Allerød',NULL,NULL,NULL),(285,'','','55.863515','12.363408',0,1,1,1,NULL,NULL,NULL,'Allerød Sø',NULL,NULL,NULL),(286,'','','55.629376','12.052436',0,1,1,1,NULL,NULL,NULL,'Hyrdehøj Skov sø',NULL,NULL,NULL),(287,'','','55.122800','12.113200',0,1,1,1,NULL,NULL,NULL,'Bøndernes Egehoved',NULL,NULL,NULL),(288,'','','56.044180','12.095695',0,1,1,1,NULL,NULL,NULL,'Horsekær, Tisvilde Hegn',NULL,NULL,NULL),(289,'','','57.449989','9.986183',0,1,1,1,NULL,NULL,NULL,'Beiths Vænge, Hjørring',NULL,NULL,NULL),(290,'','','57.449989','9.986183',0,1,1,1,NULL,NULL,NULL,'Beiths Vænge, Hjørring',NULL,NULL,NULL),(291,'55° 48\' 56,0\'\' N','11° 42\' 48,2\'\' E','55.815556','11.713389',0,1,1,1,NULL,NULL,NULL,'Kong Øres Grav',NULL,NULL,NULL),(292,'','','55.976322','12.032284',0,1,1,1,NULL,NULL,NULL,'Arresø Kanal ',NULL,NULL,NULL),(293,'','','56.649662','10.098656',0,1,1,1,NULL,NULL,NULL,'Kildevæld nær Mordal, Mariager Fjord',NULL,NULL,NULL),(294,'','','55.719915','12.507533',0,1,1,1,NULL,NULL,NULL,'Utterslev Mose',NULL,NULL,NULL),(295,'55,8231 N','12,3425 Ø','55.822699','12.343016',0,1,1,1,NULL,NULL,NULL,'Farum Overdrev sø',NULL,NULL,NULL),(296,'','','','',0,1,1,1,NULL,NULL,NULL,'Sorø',NULL,NULL,NULL),(297,'N°55 30\' 47\'\'','E12° 8\' 40\'\'','55.51336','12.136872',0,1,1,1,NULL,NULL,NULL,'Skensved Å',NULL,NULL,NULL),(298,'','','55.36971','12.38791',0,1,1,1,NULL,NULL,NULL,'Møllesø, Gjorslev',NULL,NULL,NULL),(299,'','','56.029292','9.922504',0,1,1,1,NULL,NULL,NULL,'Lillesø, Skanderborg',NULL,NULL,NULL),(300,'','','','',0,1,1,1,NULL,NULL,NULL,'?',NULL,NULL,NULL),(301,'','','55.738','12.381',0,1,1,1,NULL,NULL,NULL,'?',NULL,NULL,NULL),(302,'','','55.862331','12.334121',0,1,1,1,NULL,NULL,NULL,'Allerød gymnasie regnvandsbassin',NULL,NULL,NULL),(303,'','','55.862331','12.334121',0,1,1,1,NULL,NULL,NULL,'Allerød/lillerød',NULL,NULL,NULL),(304,'','','55.462902','12.161908',0,1,1,1,NULL,NULL,NULL,'Åsen,Køge',NULL,NULL,NULL),(305,'','','55.565137','11.888165',0,1,1,1,NULL,NULL,NULL,'Avnsø',NULL,NULL,NULL),(306,'','','55.836593','12.438289',0,1,1,1,NULL,NULL,NULL,'Birkerød ',NULL,NULL,NULL),(307,'','','55.83686','12.42627',0,1,1,1,NULL,NULL,NULL,'Birkerød Sø',NULL,NULL,NULL),(308,'','','','',0,1,1,1,NULL,NULL,NULL,'Bølle Sø',NULL,NULL,NULL),(309,'','','55.82671','12.56391',0,1,1,1,NULL,NULL,NULL,'Bøllemosen, Skodsborg',NULL,NULL,NULL),(310,'','','55.56720','11.88787',0,1,1,1,NULL,NULL,NULL,'Bøllesø, Særløse overdrev, Hvalsø',NULL,NULL,NULL),(311,'55.736692','12.383048','55.73669','12.38305',0,1,1,1,NULL,NULL,NULL,'Borupgaard Gymnasium, lille sø',NULL,NULL,NULL),(312,'55° 32\' 45\'\' N','11° 15\' 35\'\' E','','',0,1,1,1,NULL,NULL,NULL,'Bøstrup Å',NULL,NULL,NULL),(313,'55.772044','12.299616','55.77204','12.29962',0,1,1,1,NULL,NULL,NULL,'Bringe Mose, Flyvestation Værløse',NULL,NULL,NULL),(314,'','','56.423092','9.447617',0,1,1,1,NULL,NULL,NULL,'Bruunshåb Mølleå',NULL,NULL,NULL),(315,'56 1\' 27\'\' N','12 35\' 19\'\' Ø','56.024561','12.588776',0,1,1,1,NULL,NULL,NULL,'Dam v Helsingør Elforsyning',NULL,NULL,NULL),(316,'55 40\' 35\'\' ','12 28\' 52\'\' Ø','55.67639','12.48111',0,1,1,1,NULL,NULL,NULL,'Damhussøen',NULL,NULL,NULL),(317,'','','55.67605','12.47712',0,1,1,1,NULL,NULL,NULL,'Damhussøen',NULL,NULL,NULL),(318,'','','55.676375','12.477293',0,1,1,1,NULL,NULL,NULL,'Damhussøen',NULL,NULL,NULL),(319,'','','55.6811','12.4734',0,1,1,1,NULL,NULL,NULL,'Damhussøen',NULL,NULL,NULL),(320,'','','55.33328','10.536707',0,1,1,1,NULL,NULL,NULL,'Davinde sø',NULL,NULL,NULL),(321,'55° 44\' 28\'\' N','12° 22\' 37\'\' E','55.7407','12.376968',0,1,1,1,NULL,NULL,NULL,'Digterparken, Ballerup',NULL,NULL,NULL),(322,'55 50\' 12\'\' N','12 26\' 24\'\' Ø','55.83625','12.44074',0,1,1,1,NULL,NULL,NULL,'Dumpedalen vandhul',NULL,NULL,NULL),(323,'','','55.835446','12.441126',0,1,1,1,NULL,NULL,NULL,'Dumpedalen, Birkerød',NULL,NULL,NULL),(324,'','','55.96176','11.746361',0,1,1,1,NULL,NULL,NULL,'Dybesø',NULL,NULL,NULL),(325,'','','55.999164','12.563958',0,1,1,1,NULL,NULL,NULL,'Egebæksvang',NULL,NULL,NULL),(326,'','','55.999209','12.563916',0,1,1,1,NULL,NULL,NULL,'Egebæksvang',NULL,NULL,NULL),(327,'','','55.999192','12.564043',0,1,1,1,NULL,NULL,NULL,'Egebæksvang Sø',NULL,NULL,NULL),(328,'','','55.703964','12.418976',0,1,1,1,NULL,NULL,NULL,'Ejby Mose',NULL,NULL,NULL),(329,'55 27\' 25,4\'\' N','12 09\' 34,5\'\' Ø','55.45706','12.15958',0,1,1,1,NULL,NULL,NULL,'Ellesøen',NULL,NULL,NULL),(330,'55 27 26N','12 9 53E','55.456115','12.161793',0,1,1,1,NULL,NULL,NULL,'Ellesøen, Gl.Køge Gård',NULL,NULL,NULL),(331,'','','55.72176','12.54861',0,1,1,1,NULL,NULL,NULL,'Emdrup Sø',NULL,NULL,NULL),(332,'55 40\' 28,9\'\' N','12 13\' 12,3\'\' Ø','55.67469','12.52008',0,1,1,1,NULL,NULL,NULL,'Frederiksberg Have',NULL,NULL,NULL),(333,'','','55.972435','12.019948',0,1,1,1,NULL,NULL,NULL,'Frederiksværk',NULL,NULL,NULL),(334,'','','55.972435','12.019948',0,1,1,1,NULL,NULL,NULL,'Frederiksværk',NULL,NULL,NULL),(335,'','','55.773363','12.56395',0,1,1,1,NULL,NULL,NULL,'Fuglesangssø',NULL,NULL,NULL),(336,'55° 46 N','12° 33 E','55.773351','12.563295',0,1,1,1,NULL,NULL,NULL,'Fuglesangssø',NULL,NULL,NULL),(337,'','','55.79670','12.41249',0,1,1,1,NULL,NULL,NULL,'Furesø',NULL,NULL,NULL),(338,'','','55.81564','12.43367',0,1,1,1,NULL,NULL,NULL,'Furesø, Birkerød roklub',NULL,NULL,NULL),(339,'','','55.81867','12.45037',0,1,1,1,NULL,NULL,NULL,'Furesø, Dumpedalrendens udløb',NULL,NULL,NULL),(340,'','','55.81515','12.45860',0,1,1,1,NULL,NULL,NULL,'Furesø, Holte roklub',NULL,NULL,NULL),(341,'','','55.786403','12.44353',0,1,1,1,NULL,NULL,NULL,'Furesøen',NULL,NULL,NULL),(342,'','','55.786403','12.44353',0,1,1,1,NULL,NULL,NULL,'Furesøen',NULL,NULL,NULL),(343,'','','55.78644','12.44319',0,1,1,1,NULL,NULL,NULL,'Furesøen, Frederiksdal Fribad',NULL,NULL,NULL),(344,'','','55.75249','12.53455',0,1,1,1,NULL,NULL,NULL,'Gentofte sø',NULL,NULL,NULL),(345,'','','55.74635','12.53626',0,1,1,1,NULL,NULL,NULL,'Gentofte Sø',NULL,NULL,NULL),(346,'55° 44\' 45\'\' N','12° 32\' 18\'\' E','55.745802','12.537935',0,1,1,1,NULL,NULL,NULL,'Gentofte Sø',NULL,NULL,NULL),(347,'','','55.745446','12.535712',0,1,1,1,NULL,NULL,NULL,'Gentofte Sø',NULL,NULL,NULL),(348,'','','55.745446','12.535712',0,1,1,1,NULL,NULL,NULL,'Gentofte Sø',NULL,NULL,NULL),(349,'55° 44\' 42,67\'\' N','12° 32\' 9,26\'\' E','55.745186','12.535906',0,1,1,1,NULL,NULL,NULL,'Gentofte Sø',NULL,NULL,NULL),(350,'','','55.745802','12.537935',0,1,1,1,NULL,NULL,NULL,'Gentofte Sø',NULL,NULL,NULL),(351,'','','?','?',0,1,1,1,NULL,NULL,NULL,'Gentofte Sø',NULL,NULL,NULL),(352,'','','55.748727','12.536477',0,1,1,1,NULL,NULL,NULL,'Gentofte Sø, ved badebro',NULL,NULL,NULL),(353,'55 47\' 50,07\'\' N','11 33\' 1,7\'\' Ø','55.79724','11.55047',0,1,1,1,NULL,NULL,NULL,'Grevinge Sø',NULL,NULL,NULL),(354,'','','55.7578','8.9017',0,1,1,1,NULL,NULL,NULL,'Grindsted Ådal',NULL,NULL,NULL),(355,'55 8\' 8,96\'\' N','?','55.75856','8.88785',0,1,1,1,NULL,NULL,NULL,'Grindsted Engsø',NULL,NULL,NULL),(356,'','','55.756211','8.918613',0,1,1,1,NULL,NULL,NULL,'Grindsted Langsø',NULL,NULL,NULL),(357,'55 39\' 07,2\'\' N','12 35\' 10,7\'\' Ø','55.65028','12.58454',0,1,1,1,NULL,NULL,NULL,'Grønjordssøen',NULL,NULL,NULL),(358,'','','56.03272','12.47050',0,1,1,1,NULL,NULL,NULL,'Gurre Sø, Nordsjælland',NULL,NULL,NULL),(359,'','','55.86430','12.33291',0,1,1,1,NULL,NULL,NULL,'Gymnasiesøen',NULL,NULL,NULL),(360,'55 39\' 47\'\' N','12 15\' 57\'\' Ø','55.663056','12.265833',0,1,1,1,NULL,NULL,NULL,'Hakkemosen',NULL,NULL,NULL),(361,'','','55.6626','12.2613',0,1,1,1,NULL,NULL,NULL,'Hakkemosen',NULL,NULL,NULL),(362,'55° 38\' 94,7\'\' N','12° 12\' 45,0\'\' E','55.6625','12.266386',0,1,1,1,NULL,NULL,NULL,'Hakkemosen',NULL,NULL,NULL),(363,'56° 1\' 06\'\' N','9°  22\' 46\'\' E','56.018333','9.379444',0,1,1,1,NULL,NULL,NULL,'Hampen sø',NULL,NULL,NULL),(364,'','','55.653711','12.483806',0,1,1,1,NULL,NULL,NULL,'Harrestrup Å, v. Vigerslev Allé',NULL,NULL,NULL),(365,'','','55.652684','12.133659',0,1,1,1,NULL,NULL,NULL,'Himmelev Bæk, opdæmmet sø ved RUC',NULL,NULL,NULL),(366,'55 39\' 45,15\'\' N','12 7\' 8,49\'\' Ø','55.66290','12.11892',0,1,1,1,NULL,NULL,NULL,'Himmelev Grusgrav',NULL,NULL,NULL),(367,'','','55.33027','12.44494',0,1,1,1,NULL,NULL,NULL,'Holtug Kridtbrud',NULL,NULL,NULL),(368,'56°5\' 13,2\"N','12°27\' 11,2\"E','56.086788','12.453722',0,1,1,1,NULL,NULL,NULL,'Hornbæk sø',NULL,NULL,NULL),(369,'','','55.872184','12.362007',0,1,1,1,NULL,NULL,NULL,'Hvidehusvej, Allerød',NULL,NULL,NULL),(370,'55.6298659','12.0528861','55.62987','12.05289',0,1,1,1,NULL,NULL,NULL,'Hyrdehøjskov sø',NULL,NULL,NULL),(371,'55° 36,518\' N','012° 20.245\' E','55.608633','12.337417',0,1,1,1,NULL,NULL,NULL,'Ishøj Søpark',NULL,NULL,NULL),(372,'N 55 32 49','E 12 12 39','55.547402','12.209716',0,1,1,1,NULL,NULL,NULL,'Karlstrup Kalkgrav, Solrød',NULL,NULL,NULL),(373,'','','55.6497954','12.638346',0,1,1,1,NULL,NULL,NULL,'Kastrupfortet',NULL,NULL,NULL),(374,'','','55.6497954','12.638346',0,1,1,1,NULL,NULL,NULL,'Kastrupfortet',NULL,NULL,NULL),(375,'56 38\'59.8\" N','10 05\'53.9\" E','56.649662','10.098656',0,1,1,1,NULL,NULL,NULL,'Kildevæld nær Mordal, Mariager Fjord',NULL,NULL,NULL),(376,'56° 3\' 37\'\' N','12° 33\' 32\'\' E','56.060278','12.558889',0,1,1,1,NULL,NULL,NULL,'Kobberdammen, Hellebæk',NULL,NULL,NULL),(377,'','','55.4579','12.1638',0,1,1,1,NULL,NULL,NULL,'Køge Å',NULL,NULL,NULL),(378,'','','55.464246','12.135726',0,1,1,1,NULL,NULL,NULL,'Køge Ås',NULL,NULL,NULL),(379,'55 59\' 17,4\'\' N','10 33\'42,6\'\' Ø','55.98817','10.56183',0,1,1,1,NULL,NULL,NULL,'Kragemosen, Samsø nord',NULL,NULL,NULL),(380,'','','55.166487','12.028273',0,1,1,1,NULL,NULL,NULL,'Krobæk',NULL,NULL,NULL),(381,'55° 27\' 53,5\'\' N','11° 53\' 12,2\'\' E','55.464806','11.886722',0,1,1,1,NULL,NULL,NULL,'Kværkeby Mose, karpesø',NULL,NULL,NULL),(382,'55° 27\' 52,6\'\' N','11° 53\' 20,3\'\' E','55.464611','11.888972',0,1,1,1,NULL,NULL,NULL,'Kværkeby Mose, store sø',NULL,NULL,NULL),(383,'','','57.0124','9.9156',0,1,1,1,NULL,NULL,NULL,'Lille Fuglsø, Østerådal',NULL,NULL,NULL),(384,'X: 487245','Y: 6127983','55.29810','8.79911',0,1,1,1,NULL,NULL,NULL,'Lustrup fællesjord 1',NULL,NULL,NULL),(385,'X: 487285','Y: 6127957','55.29787','8.79974',0,1,1,1,NULL,NULL,NULL,'Lustrup fællesjord 2',NULL,NULL,NULL),(386,'X: 487181','Y: 6128077','55.29894','8.79810',0,1,1,1,NULL,NULL,NULL,'Lustrup fællesjord 3',NULL,NULL,NULL),(387,'55 46 34','12 28 49','55.776364','12.480256',0,1,1,1,NULL,NULL,NULL,'Lyngby sø',NULL,NULL,NULL),(388,'','','55.633494','11.69295',0,1,1,1,NULL,NULL,NULL,'Maglesø',NULL,NULL,NULL),(389,'N 55 38\' 05\'\'','E 011 41\' 20\'\'','55.633494','11.69295',0,1,1,1,NULL,NULL,NULL,'Maglesø',NULL,NULL,NULL),(390,'55° 36,518\' N','012° 20.245\' E','55.608633','12.337417',0,1,1,1,NULL,NULL,NULL,'Måløv',NULL,NULL,NULL),(391,'55° 30,069 N','009° 29,466 E','55.501854','9.490803',0,1,1,1,NULL,NULL,NULL,'Marielundssøen, Kolding',NULL,NULL,NULL),(392,'','','55.660681','12.262654',0,1,1,1,NULL,NULL,NULL,'Mlm. Hakkemosemosevej og Lervangen',NULL,NULL,NULL),(393,'','','57.039596','9.859091',0,1,1,1,NULL,NULL,NULL,'Mølholm Sø, Norholmsvej 55, Aalborg',NULL,NULL,NULL),(394,'','','55.78322','12.44381',0,1,1,1,NULL,NULL,NULL,'Mølleåen ved Frederiksdal Friluftsbad',NULL,NULL,NULL),(395,'55° 47\' 01.89\'\' N','12° 29\' 44.44\'\' E','55.783305','12.495093',0,1,1,1,NULL,NULL,NULL,'Mølleåen, v. Sorgenfri Slotspark',NULL,NULL,NULL),(396,'54° 55\' 34\'\' N','11° 58\' 45\'\' E','54.843051','11.979298',0,1,1,1,NULL,NULL,NULL,'Møllesø v. Virket',NULL,NULL,NULL),(397,'55° 23\' 27,1\'\' N','10° 22\' 55,8\'\' E','55.390861','10.382167',0,1,1,1,NULL,NULL,NULL,'Odense Å',NULL,NULL,NULL),(398,'','','55.39246','10.38176',0,1,1,1,NULL,NULL,NULL,'Odense Å ved Stryget, Munke Mose',NULL,NULL,NULL),(399,'','','54.982567','11.513476',0,1,1,1,NULL,NULL,NULL,'Østermosen, Femø',NULL,NULL,NULL),(400,'','','55.68966','12.58024',0,1,1,1,NULL,NULL,NULL,'Østre Anlæg',NULL,NULL,NULL),(401,'55 41\' 22\'\' N','12 34\' 48\'\' Ø','55.68944','12.58000',0,1,1,1,NULL,NULL,NULL,'Østre Anlæg',NULL,NULL,NULL),(402,'55 41\' 21\'\' N','12 34\' 41\'\' Ø','55.68925','12.57808',0,1,1,1,NULL,NULL,NULL,'Østre Anlæg',NULL,NULL,NULL),(403,'55 41\' 23\'\' N','12 34\' 49\'\' Ø','55.69018','12.58038',0,1,1,1,NULL,NULL,NULL,'Østre Anlæg',NULL,NULL,NULL),(404,'55 41 25,41N','12 34 49,34E','55.690117','12.580142',0,1,1,1,NULL,NULL,NULL,'Østre Anlæg',NULL,NULL,NULL),(405,'','','55.65426','12.26370',0,1,1,1,NULL,NULL,NULL,'Øtoftegårdsvej, Taastrup',NULL,NULL,NULL),(406,'','','55.05354','10.586344',0,1,1,1,NULL,NULL,NULL,'Poul Smedes mose, Svendborg',NULL,NULL,NULL),(407,'','','55.05354','10.586344',0,1,1,1,NULL,NULL,NULL,'Poul Smeds Mose',NULL,NULL,NULL),(408,'','','55.80605','12.55734',0,1,1,1,NULL,NULL,NULL,'Raadvad Dam (Mølleåen)',NULL,NULL,NULL),(409,'','','55.86262','12.33423',0,1,1,1,NULL,NULL,NULL,'Regnvandsbassinet',NULL,NULL,NULL),(410,'55° 58\' 12,2\'\' N','12° 16\' 53,7\'\' E','55.970056','12.281583',0,1,1,1,NULL,NULL,NULL,'Rødedam, Gribskov',NULL,NULL,NULL),(411,'','','55.859008','12.325931',0,1,1,1,NULL,NULL,NULL,'Rørmose, Allerød',NULL,NULL,NULL),(412,'','','55.573738','12.263745',0,1,1,1,NULL,NULL,NULL,'Rørmosen, Karlslunde',NULL,NULL,NULL),(413,'','','55.573738','12.263745',0,1,1,1,NULL,NULL,NULL,'Rørmosen, Karlslunde',NULL,NULL,NULL),(414,'','','55.57379','12.264122',0,1,1,1,NULL,NULL,NULL,'Rørmosen, Karlslunde',NULL,NULL,NULL),(415,'','','55.674535','12.556086',0,1,1,1,NULL,NULL,NULL,'Sankt Jørgens Sø',NULL,NULL,NULL),(416,'','','55.674667','12.520241',0,1,1,1,NULL,NULL,NULL,'Schweizersøen',NULL,NULL,NULL),(417,'','','55.642146','12.205181',0,1,1,1,NULL,NULL,NULL,'Sejlsbjerg Mose',NULL,NULL,NULL),(418,'','','55.860684','12.438017',0,1,1,1,NULL,NULL,NULL,'Sjælsø ved skovhytten',NULL,NULL,NULL),(419,'56.027807','9.956996','56.027807','9.956996',0,1,1,1,NULL,NULL,NULL,'Skanderborg Sø, Vestermølle',NULL,NULL,NULL),(420,'','','55.5141','12.1498',0,1,1,1,NULL,NULL,NULL,'Skensved Å',NULL,NULL,NULL),(421,'55° 00\' 49,96\'\' N','12° 00\' 29,65\'\' E','55.013878','12.008236',0,1,1,1,NULL,NULL,NULL,'Smørhullet, Kulsbjerg, Stensved',NULL,NULL,NULL),(422,'56 01\'05,3\'\' N','12 34\' 24,6\'\' Ø','56.018109','12.573767',0,1,1,1,NULL,NULL,NULL,'Sneglehøj sø',NULL,NULL,NULL),(423,'','','55.701875','12.5661284',0,1,1,1,NULL,NULL,NULL,'Sø i Fælledparken',NULL,NULL,NULL),(424,'','','55.581044','12.288157',0,1,1,1,NULL,NULL,NULL,'Sø v.Greve Gym',NULL,NULL,NULL),(425,'','','55.71055','11.68272',0,1,1,1,NULL,NULL,NULL,'Sø v.Stenhus gym. Busstoppested',NULL,NULL,NULL),(426,'','','55.456967','12.160442',0,1,1,1,NULL,NULL,NULL,'Søen v. Ringstedvej',NULL,NULL,NULL),(427,'N°56 02,670\'','E10°04,708\'','56.056386','10.057265',0,1,1,1,NULL,NULL,NULL,'Solbjerg/Stilling Sø',NULL,NULL,NULL),(428,'55 56\' 18,2\'\' N','11 44\' 20,8\'\' Ø','55.93847','11.73901',0,1,1,1,NULL,NULL,NULL,'Søndervang Vandhul',NULL,NULL,NULL),(429,'','','55.87218','12.36206',0,1,1,1,NULL,NULL,NULL,'Søren Hvidehusvej, Allerød',NULL,NULL,NULL),(430,'','','55.42826','11.55270',0,1,1,1,NULL,NULL,NULL,'Sorø Sø, bådbro ved Søro akedemi',NULL,NULL,NULL),(431,'55° 59\' 79\'\' N','12° 18\' 03\'\' E','55.984843','12.302713',0,1,1,1,NULL,NULL,NULL,'Store Gribsø',NULL,NULL,NULL),(432,'','','55.61643','12.56141',0,1,1,1,NULL,NULL,NULL,'Store Høj Søen',NULL,NULL,NULL),(433,'','','55.665656','12.015396',0,1,1,1,NULL,NULL,NULL,'Store Kattinge sø, nær fugletårn ved Boserupvej',NULL,NULL,NULL),(434,'55° 37\' 11,7\'\' N','12° 22\' 24,58\'\' E','55.619967','12.373301',0,1,1,1,NULL,NULL,NULL,'Store vejle Å',NULL,NULL,NULL),(435,'','','55.717611','12.586231',0,1,1,1,NULL,NULL,NULL,'Svanemøllen Havn',NULL,NULL,NULL),(436,'55° 55\' 25\'\' N','12° 18\' 50\'\' E','55.923611','12.313889',0,1,1,1,NULL,NULL,NULL,'Teglgårdssøen, Hillerød',NULL,NULL,NULL),(437,'','','55.924331','12.313577',0,1,1,1,NULL,NULL,NULL,'Teglgårdssøen, Hillerød',NULL,NULL,NULL),(438,'','','55.923737','12.313915',0,1,1,1,NULL,NULL,NULL,'Teglgårdssøen, Hillerød',NULL,NULL,NULL),(439,'','','55.923737','12.313915',0,1,1,1,NULL,NULL,NULL,'Teglgårdssøen, Hillerød',NULL,NULL,NULL),(440,'55 51\' 45.4\'\' N','12 20\' 03.6\'\' Ø','55.86251','12.33421',0,1,1,1,NULL,NULL,NULL,'Tingvej Sø',NULL,NULL,NULL),(441,'','','55.568596','11.399539',0,1,1,1,NULL,NULL,NULL,'Tranemosen',NULL,NULL,NULL),(442,'N 55gr 58`43.7773 \"  ','E 12gr1`50.7324\"','55.978549','12.030759',0,1,1,1,NULL,NULL,NULL,'Tranemosen, Frederiksværk',NULL,NULL,NULL),(443,'56° 0\' 39\'\' N','9°  24\' 10\'\' E','56.010833','9.402778',0,1,1,1,NULL,NULL,NULL,'Troldsø',NULL,NULL,NULL),(444,'','','56.07189','12.210407',0,1,1,1,NULL,NULL,NULL,'Uglebrovej 6, Helsinge',NULL,NULL,NULL),(445,'55 43\' 4,824\'\' N','12 30\' 10,8817\'\' Ø','55.71780','12.50389',0,1,1,1,NULL,NULL,NULL,'Utterslev Mose',NULL,NULL,NULL),(446,'','','55.712252','12.487586',0,1,1,1,NULL,NULL,NULL,'Utterslev Mose',NULL,NULL,NULL),(447,'','','55.7196','12.5196',0,1,1,1,NULL,NULL,NULL,'Utterslev mose',NULL,NULL,NULL),(448,'','','55.71819','12.502814',0,1,1,1,NULL,NULL,NULL,'Utterslev Mose',NULL,NULL,NULL),(449,'55 53\' 36,35\'\' N','12 31\' 17,81\'\' Ø','55.89343','12.52161',0,1,1,1,NULL,NULL,NULL,'Vallerød Gadekær',NULL,NULL,NULL),(450,'55° 53\' 33\'\' N','12° 31\' 26\'\' E','55.893826','12.520884',0,1,1,1,NULL,NULL,NULL,'Vallerød gadekær',NULL,NULL,NULL),(451,'57 1\' 31.0\'\' N','8 33\' 22.6\'\' Ø','57.025031','8.555563',0,1,1,1,NULL,NULL,NULL,'Vandet Sø',NULL,NULL,NULL),(452,'','','55.3464330','12.2164240',0,1,1,1,NULL,NULL,NULL,'Vandhul v Baunebovej 1, Hårlev',NULL,NULL,NULL),(453,'55 49\' 23\'\' N','12 31\' 51\'\' Ø','55.823056','12.530833',0,1,1,1,NULL,NULL,NULL,'Vandhul v Kikhanerende ',NULL,NULL,NULL),(454,'','','55.465925','12.15686',0,1,1,1,NULL,NULL,NULL,'Vandhul, Åsen, Køge',NULL,NULL,NULL),(455,'55 42\' 19\'\' N','9 30\' 54\'\' Ø','55.705095','9.515013',0,1,1,1,NULL,NULL,NULL,'Vejle Å',NULL,NULL,NULL),(456,'','','55.65981','12.52876',0,1,1,1,NULL,NULL,NULL,'Vestre Kirkegårdssø, Valby',NULL,NULL,NULL),(457,'','','55.00730637','11.912925',0,1,1,1,NULL,NULL,NULL,'Vordingborg Voldgrav',NULL,NULL,NULL),(458,'','','55.094738','14.708301',0,1,1,1,NULL,NULL,NULL,'Zahrtmannsvej Sø, Rønne, Bornholm',NULL,NULL,NULL),(459,'','','55.856805','12.33108',0,1,1,1,NULL,NULL,NULL,'Allerød Søpark',NULL,NULL,NULL),(460,'','','55.687438','12.5747',0,1,1,1,NULL,NULL,NULL,'Botanisk have dam',NULL,NULL,NULL),(461,'','','55.686172','12.574429',0,1,1,1,NULL,NULL,NULL,'Botanisk have Sø',NULL,NULL,NULL),(462,'55 1\' 16\'\' N','10 36\' 35\'\' Ø','55.02118','10.609961',0,1,1,1,NULL,NULL,NULL,'Bregninge vandhul',NULL,NULL,NULL),(463,'Mail med plot','','54.957672','12.450793',0,1,1,1,NULL,NULL,NULL,'Nyhåndsbæk ved Busemarke mose og sø',NULL,NULL,NULL),(464,'N 55.19598','E 10.80539','55.19598','10.80539',0,1,1,1,NULL,NULL,NULL,'Bøsøre strand feriepark',NULL,NULL,NULL),(465,'','','55.677524','12.48535',0,1,1,1,NULL,NULL,NULL,'Damhussøen',NULL,NULL,NULL),(466,'55 16\' 42\'\' N','14 45\' 34\'\' Ø','55.283087','14.765646',0,1,1,1,NULL,NULL,NULL,'Hammersøen, Bornholm',NULL,NULL,NULL),(467,'55 36 47,79 N','11 56 31,49 E','55.613275','11.942081',0,1,1,1,NULL,NULL,NULL,'Herthadalen',NULL,NULL,NULL),(468,'N 55.18937','E 10.78450','55.18937','10.7845',0,1,1,1,NULL,NULL,NULL,'Højsagersred, Bøsøre',NULL,NULL,NULL),(469,'Mail med plot','','54.955238','12.475705',0,1,1,1,NULL,NULL,NULL,'Mikkels forældres havebassin, Klintholm, Møn ',NULL,NULL,NULL),(470,'N 55.22429','E 10.76089','55.22429','10.76089',0,1,1,1,NULL,NULL,NULL,'Kongshøj Møllesø, (Kongshøj Å)',NULL,NULL,NULL),(471,'','','56.692677','9.222035',0,1,1,1,NULL,NULL,NULL,'Lovns sø',NULL,NULL,NULL),(472,'55 7\' 4\'\' N','14 53\' 47\'\' Ø','55.117778','14.896389',0,1,1,1,NULL,NULL,NULL,'Pølsekedlen/Borgesøen',NULL,NULL,NULL),(473,'','','55.67387','12.525809',0,1,1,1,NULL,NULL,NULL,'Ringsøen',NULL,NULL,NULL),(474,'','','56.146482','9.576516',0,1,1,1,NULL,NULL,NULL,'Brassø',NULL,NULL,NULL),(475,'','','56.014721','9.885807',0,1,1,1,NULL,NULL,NULL,'Skanderborg Sø',NULL,NULL,NULL),(476,'Mail med plot','','54.998444','12.419422',0,1,1,1,NULL,NULL,NULL,'Stauvrebjerg Sø, Møn',NULL,NULL,NULL),(477,'55 44,792 N','12 19,023 Ø','55.746533','12.317',0,1,1,1,NULL,NULL,NULL,'Søndergårds Alle Sø',NULL,NULL,NULL),(478,'','','55.901075','11.995826',0,1,1,1,NULL,NULL,NULL,'Grønnelyng Søer i Nordskoven',NULL,NULL,NULL),(479,'55 N','11 E','55.33183','11.617978',0,1,1,1,NULL,NULL,NULL,'Tystrup sø',NULL,NULL,NULL),(480,'55 43 20.6 N','12 13 06.7 E','55.713212','12.49403',0,1,1,1,NULL,NULL,NULL,'Utterslev mose',NULL,NULL,NULL),(481,'','','56.596558','9.212326',0,1,1,1,NULL,NULL,NULL,'Ørslev Kloster Sø',NULL,NULL,NULL),(482,'','','55.123545','14.902643',0,1,1,1,NULL,NULL,NULL,'Åremyre',NULL,NULL,NULL),(483,'','','55.582813','10.599934',0,1,1,1,NULL,NULL,NULL,'Uglebjerg, Langø, Fyn',NULL,NULL,NULL),(484,'57 36\' 18\'\' N','10 14\' 13\'\' Ø','57.605','10.236944',0,1,1,1,NULL,NULL,NULL,'Tværsted Sø',NULL,NULL,NULL),(485,'','','55.633667','11.689361',0,1,1,1,NULL,NULL,NULL,'Maglesø',NULL,NULL,NULL),(486,'','','55.627472','11.667722',0,1,1,1,NULL,NULL,NULL,'Sofieholm sø, Brorfelde',NULL,NULL,NULL),(487,'','','55.624167','11.666139',0,1,1,1,NULL,NULL,NULL,'Vandhul ved Observator Gyldenkernes Vej, Brorfelde',NULL,NULL,NULL),(488,'55.745477','12.538752','55.745477','12.538752',0,1,1,1,NULL,NULL,NULL,'Gentofte Sø',NULL,NULL,NULL),(489,'55.76204','12.41601','55.76204','12.41601',0,1,1,1,NULL,NULL,NULL,'Store Hareskov',NULL,NULL,NULL),(490,'55.76198','12.418123','55.76198','12.418123',0,1,1,1,NULL,NULL,NULL,'Store Hareskov',NULL,NULL,NULL),(491,'55.754548','12.404541','55.754548','12.404541',0,1,1,1,NULL,NULL,NULL,'Vesterled Sø',NULL,NULL,NULL),(492,'','','56.181244','9.344994',0,1,1,1,NULL,NULL,NULL,'Bølling Sø',NULL,NULL,NULL),(493,'','','56.063894','9.646122',0,1,1,1,NULL,NULL,NULL,'Salten Langsø',NULL,NULL,NULL),(494,'','','56.013358','9.453867',0,1,1,1,NULL,NULL,NULL,'Kalgård Sø',NULL,NULL,NULL),(495,'','','56.157172','9.526653',0,1,1,1,NULL,NULL,NULL,'Ørnsø',NULL,NULL,NULL),(496,'55 25\' 43\'\' N','11 33\' 37,4\'\' E','55.428611','11.560389',0,1,1,1,NULL,NULL,NULL,'Sorø Sø',NULL,NULL,NULL),(497,'55 25\' 43\'\' N','11 33\' 37,4\'\' E','55.428611','11.560389',0,1,1,1,NULL,NULL,NULL,'Sorø Sø',NULL,NULL,NULL),(498,'55 25\' 43\'\' N','11 33\' 37,4\'\' E','55.428611','11.560389',0,1,1,1,NULL,NULL,NULL,'Sorø Sø',NULL,NULL,NULL),(499,'55 25\' 43\'\' N','11 33\' 37,4\'\' E','55.428611','11.560389',0,1,1,1,NULL,NULL,NULL,'Sorø Sø',NULL,NULL,NULL),(500,'55 22\' 34,5\'\' N','33 32\' 24,5\'\' E','55.37625','11.540139',0,1,1,1,NULL,NULL,NULL,'Kongskilde Møllesø/Skælskør sø',NULL,NULL,NULL),(501,'55 22\' 34,5\'\' N','33 32\' 24,5\'\' E','55.37625','11.540139',0,1,1,1,NULL,NULL,NULL,'Kongskilde Møllesø/Skælskør sø',NULL,NULL,NULL),(502,'55 22\' 34,5\'\' N','33 32\' 24,5\'\' E','55.37625','11.540139',0,1,1,1,NULL,NULL,NULL,'Kongskilde Møllesø/Skælskør sø',NULL,NULL,NULL),(503,'55 22\' 34,5\'\' N','33 32\' 24,5\'\' E','55.37625','11.540139',0,1,1,1,NULL,NULL,NULL,'Kongskilde Møllesø/Skælskør sø',NULL,NULL,NULL),(504,'55 21\' 45,2\'\' N','11 34\' 08,2\'\' E','55.362556','11.568944',0,1,1,1,NULL,NULL,NULL,'Tystrup Sø',NULL,NULL,NULL),(505,'55 21\' 45,2\'\' N','11 34\' 08,2\'\' E','55.362556','11.568944',0,1,1,1,NULL,NULL,NULL,'Tystrup Sø',NULL,NULL,NULL),(506,'55 21\' 45,2\'\' N','11 34\' 08,2\'\' E','55.362556','11.568944',0,1,1,1,NULL,NULL,NULL,'Tystrup Sø',NULL,NULL,NULL),(507,'55 21\' 45,2\'\' N','11 34\' 08,2\'\' E','55.362556','11.568944',0,1,1,1,NULL,NULL,NULL,'Tystrup Sø',NULL,NULL,NULL),(508,'55 17\' 59,4\'\' N','11 59\' 31,3\'\' E','55.299833','11.992028',0,1,1,1,NULL,NULL,NULL,'Søtorup Sø',NULL,NULL,NULL),(509,'55 17\' 59,4\'\' N','11 59\' 31,3\'\' E','55.299833','11.992028',0,1,1,1,NULL,NULL,NULL,'Søtorup Sø',NULL,NULL,NULL),(510,'55 17\' 59,4\'\' N','11 59\' 31,3\'\' E','55.299833','11.992028',0,1,1,1,NULL,NULL,NULL,'Søtorup Sø',NULL,NULL,NULL),(511,'55 17\' 59,4\'\' N','11 59\' 31,3\'\' E','55.299833','11.992028',0,1,1,1,NULL,NULL,NULL,'Søtorup Sø',NULL,NULL,NULL),(512,'55 17\' 45,6\'\' N','12 00\' 23,5\'\' E','55.296','12.006528',0,1,1,1,NULL,NULL,NULL,'Ulse Sø',NULL,NULL,NULL),(513,'55 17\' 45,6\'\' N','12 00\' 23,5\'\' E','55.296','12.006528',0,1,1,1,NULL,NULL,NULL,'Ulse Sø',NULL,NULL,NULL),(514,'55 17\' 45,6\'\' N','12 00\' 23,5\'\' E','55.296','12.006528',0,1,1,1,NULL,NULL,NULL,'Ulse Sø',NULL,NULL,NULL),(515,'55 17\' 45,6\'\' N','12 00\' 23,5\'\' E','55.296','12.006528',0,1,1,1,NULL,NULL,NULL,'Ulse Sø',NULL,NULL,NULL),(516,'55 18\' 18,7\'\' N','12 00\' 03,6\'\' E','55.305194','12.001',0,1,1,1,NULL,NULL,NULL,'Ejlemade Sø',NULL,NULL,NULL),(517,'55 18\' 18,7\'\' N','12 00\' 03,6\'\' E','55.305194','12.001',0,1,1,1,NULL,NULL,NULL,'Ejlemade Sø',NULL,NULL,NULL),(518,'55 18\' 18,7\'\' N','12 00\' 03,6\'\' E','55.305194','12.001',0,1,1,1,NULL,NULL,NULL,'Ejlemade Sø',NULL,NULL,NULL),(519,'55 18\' 18,7\'\' N','12 00\' 03,6\'\' E','55.305194','12.001',0,1,1,1,NULL,NULL,NULL,'Ejlemade Sø',NULL,NULL,NULL),(520,'55 52\' 17\'\' N','12 28\' 10\'\' E','55.871389','12.469444',0,1,1,1,NULL,NULL,NULL,'Sjælsø',NULL,NULL,NULL),(521,'55 52\' 17\'\' N','12 28\' 10\'\' E','55.871389','12.469444',0,1,1,1,NULL,NULL,NULL,'Sjælsø',NULL,NULL,NULL),(522,'55 52\' 17\'\' N','12 28\' 10\'\' E','55.871389','12.469444',0,1,1,1,NULL,NULL,NULL,'Sjælsø',NULL,NULL,NULL),(523,'55 52\' 17\'\' N','12 28\' 10\'\' E','55.871389','12.469444',0,1,1,1,NULL,NULL,NULL,'Sjælsø',NULL,NULL,NULL),(524,'55 51\' 37\'\' N','12 28\' 43\'\' E','55.860278','12.478611',0,1,1,1,NULL,NULL,NULL,'Lillesøvej 1',NULL,NULL,NULL),(525,'55 51\' 37\'\' N','12 28\' 43\'\' E','55.860278','12.478611',0,1,1,1,NULL,NULL,NULL,'Lillesøvej 1',NULL,NULL,NULL),(526,'55 49\' 26\'\' N','12 28\' 04\'\' E','55.823177','12.467068',0,1,1,1,NULL,NULL,NULL,'Rude Sø',NULL,NULL,NULL),(527,'55 49\' 26\'\' N','12 28\' 04\'\' E','55.823177','12.467068',0,1,1,1,NULL,NULL,NULL,'Rude Sø',NULL,NULL,NULL),(528,'55 49\' 26\'\' N','12 28\' 04\'\' E','55.823177','12.467068',0,1,1,1,NULL,NULL,NULL,'Rude Sø',NULL,NULL,NULL),(529,'55 49\' 26\'\' N','12 28\' 04\'\' E','55.823177','12.467068',0,1,1,1,NULL,NULL,NULL,'Rude Sø',NULL,NULL,NULL),(530,'55 48\' 31\'\' N','12 26\' 28\'\' E','55.808611','12.441111',0,1,1,1,NULL,NULL,NULL,'Furesø 1',NULL,NULL,NULL),(531,'55 48\' 31\'\' N','12 26\' 28\'\' E','55.808611','12.441111',0,1,1,1,NULL,NULL,NULL,'Furesø 1',NULL,NULL,NULL),(532,'55 48\' 31\'\' N','12 26\' 28\'\' E','55.808611','12.441111',0,1,1,1,NULL,NULL,NULL,'Furesø 1',NULL,NULL,NULL),(533,'55 48\' 31\'\' N','12 26\' 28\'\' E','55.808611','12.441111',0,1,1,1,NULL,NULL,NULL,'Furesø 1',NULL,NULL,NULL),(534,'55 47\' 08\'\' N','12 26\' 40\'\' E','55.785593','12.444216',0,1,1,1,NULL,NULL,NULL,'Furesø 2',NULL,NULL,NULL),(535,'55 47\' 08\'\' N','12 26\' 40\'\' E','55.785593','12.444216',0,1,1,1,NULL,NULL,NULL,'Furesø 2',NULL,NULL,NULL),(536,'55 47\' 08\'\' N','12 26\' 40\'\' E','55.785593','12.444216',0,1,1,1,NULL,NULL,NULL,'Furesø 2',NULL,NULL,NULL),(537,'55 47\' 08\'\' N','12 26\' 40\'\' E','55.785593','12.444216',0,1,1,1,NULL,NULL,NULL,'Furesø 2',NULL,NULL,NULL),(538,'55 46\' 21\'\' N','12 28\' 19\'\' E','55.7725','12.471944',0,1,1,1,NULL,NULL,NULL,'Bagsværd Sø',NULL,NULL,NULL),(539,'55 46\' 21\'\' N','12 28\' 19\'\' E','55.7725','12.471944',0,1,1,1,NULL,NULL,NULL,'Bagsværd Sø',NULL,NULL,NULL),(540,'55 46\' 21\'\' N','12 28\' 19\'\' E','55.7725','12.471944',0,1,1,1,NULL,NULL,NULL,'Bagsværd Sø',NULL,NULL,NULL),(541,'55 46\' 21\'\' N','12 28\' 19\'\' E','55.7725','12.471944',0,1,1,1,NULL,NULL,NULL,'Bagsværd Sø',NULL,NULL,NULL),(542,'55 46\' 18\'\' N','12 29\' 09\'\' E','55.771667','12.485833',0,1,1,1,NULL,NULL,NULL,'Lyngby Sø',NULL,NULL,NULL),(543,'55 46\' 18\'\' N','12 29\' 09\'\' E','55.771667','12.485833',0,1,1,1,NULL,NULL,NULL,'Lyngby Sø',NULL,NULL,NULL),(544,'55 46\' 18\'\' N','12 29\' 09\'\' E','55.771667','12.485833',0,1,1,1,NULL,NULL,NULL,'Lyngby Sø',NULL,NULL,NULL),(545,'55 46\' 18\'\' N','12 29\' 09\'\' E','55.771667','12.485833',0,1,1,1,NULL,NULL,NULL,'Lyngby Sø',NULL,NULL,NULL),(546,'55 51\' 36\'\' N','12 28\' 41\'\' E','55.860014','12.47798',0,1,1,1,NULL,NULL,NULL,'Lillesøvej 2',NULL,NULL,NULL),(547,'55 51\' 36\'\' N','12 28\' 41\'\' E','55.860014','12.47798',0,1,1,1,NULL,NULL,NULL,'Lillesøvej 2',NULL,NULL,NULL),(548,'55 45,350 N','12 18,810 Ø','55.755833','12.3135',0,1,1,1,NULL,NULL,NULL,'Paddesøen, Måløv Naturpark',NULL,NULL,NULL),(549,'','','55.686948','12.574228',0,1,1,1,NULL,NULL,NULL,'Botanisk Have Sø',NULL,NULL,NULL),(550,'55 44\' 60,6\'\' N','12 32\' 16,1\'\' Ø','55.743637','12.535647',0,1,1,1,NULL,NULL,NULL,'Gentofte sø',NULL,NULL,NULL),(551,'55 45\' 14,3\'\' N','12 31\' 98,5\'\' Ø','55.752713','12.533952',0,1,1,1,NULL,NULL,NULL,'Gentofte sø',NULL,NULL,NULL),(552,'55 48\' N','12 18\' Ø','55.818054','12.270484',0,1,1,1,NULL,NULL,NULL,'Bastrup sø',NULL,NULL,NULL),(553,'55 46\' N','12 23\' Ø','55.774449','12.358246',0,1,1,1,NULL,NULL,NULL,'Sønder sø',NULL,NULL,NULL),(554,'55 47\' N','12 23,5\' Ø','55.800799','12.416182',0,1,1,1,NULL,NULL,NULL,'Furesø',NULL,NULL,NULL),(555,'','','55.699245','12.504635',0,1,1,1,NULL,NULL,NULL,'Degnemosen',NULL,NULL,NULL),(556,'','','55.846725','12.435603',0,1,1,1,NULL,NULL,NULL,'Langedam',NULL,NULL,NULL),(557,'','','54.768410','11.507544',0,1,1,1,NULL,NULL,NULL,'Søndersø, Maribo-søerne',NULL,NULL,NULL),(558,'33U 618261N','33U 334193E','55.760543','12.356615',0,1,1,1,NULL,NULL,NULL,'Skallemose Sø, Måløv',NULL,NULL,NULL),(559,'','','55.481247','11.831602',0,1,1,1,NULL,NULL,NULL,'Haraldsted sø',NULL,NULL,NULL),(560,'55° 24\' 56,3\'\' N','9° 18\' 0,05\'\' E','55.415549','9.301335',0,1,1,1,NULL,NULL,NULL,'Kongeåen v.hovedvej 25',NULL,NULL,NULL),(561,'54° 53\' 15\'\' N','11° 58\' 30\'\' E','54.887452','11.975020',0,1,1,1,NULL,NULL,NULL,'Sumpområde v. Barup sø, nordfalster',NULL,NULL,NULL),(562,'54° 64\' 8\'\' N','11° 81\' 6\'\' E','54.648216','11.816139',0,1,1,1,NULL,NULL,NULL,'Vandhul ved Tågensegaard , Lolland',NULL,NULL,NULL),(563,'','','55.725080','12.183430',0,1,1,1,NULL,NULL,NULL,'Gundsømagle sø',NULL,NULL,NULL),(564,'','','55.806507','12.367369',0,1,1,1,NULL,NULL,NULL,'Farum sø',NULL,NULL,NULL),(565,'55° 49\' 4\'\' N','12° 12\' 29\'\' E','55.812423','12.209158',0,1,1,1,NULL,NULL,NULL,'Guldbjerg Mose',NULL,NULL,NULL),(566,'55° 49\' 10\'\' N','12° 13\' 55\'\' E','55.819444','12.231944',0,1,1,1,NULL,NULL,NULL,'Buresø',NULL,NULL,NULL),(567,'54° 55\' 28,2\'\' N','09° 50\' 15,2\'\' E','54.924512','9.837550',0,1,1,1,NULL,NULL,NULL,'Vandhul Spang Vade',NULL,NULL,NULL),(568,'','','55.946000','12.496900',0,1,1,1,NULL,NULL,NULL,'Myremosen, Nivå',NULL,NULL,NULL),(569,'','','54.843264','11.154781',0,1,1,1,NULL,NULL,NULL,'Svingelsøen, Nakskov',NULL,NULL,NULL),(570,'','','55.990747','12.352883',0,1,1,1,NULL,NULL,NULL,'Esrum Sø',NULL,NULL,NULL),(571,'55.110421','10.66466','55.110391','10.664543',0,1,1,1,NULL,NULL,NULL,'Vejstrup Å, Svendborg',NULL,NULL,NULL),(572,'','','56.057813','12.206470',0,1,1,1,NULL,NULL,NULL,'Vandhul, Helsinge',NULL,NULL,NULL),(573,'','','56.058965','12.207587',0,1,1,1,NULL,NULL,NULL,'Drænå, Helsinge',NULL,NULL,NULL),(574,'55° 19\' 47,27\'\' N','12° 11\' 25,13\'\' E','55.329797','12.190314',0,1,1,1,NULL,NULL,NULL,'Tryggevælde Å',NULL,NULL,NULL),(575,'55° 59.861\' N','012° 18.723\' E','55.997709','12.309499',0,1,1,1,NULL,NULL,NULL,'Sandskredssøen, Gribskov',NULL,NULL,NULL),(576,'56° 58\' 12,63\'\' N','08° 27\' 49,20\'\' E','56.970175','8.463667',0,1,1,1,NULL,NULL,NULL,'Tvorup Hul',NULL,NULL,NULL),(577,'55 03.739','008 49.688','55.062317','8.828133',0,1,1,1,NULL,NULL,NULL,'Brede Å',NULL,NULL,NULL),(578,'','','55.822499','12.445054',0,1,1,1,NULL,NULL,NULL,'Vaserne, øst',NULL,NULL,NULL),(579,'','','55.820705','12.442684',0,1,1,1,NULL,NULL,NULL,'Vaserne, vest',NULL,NULL,NULL),(580,'','','55.821188','12.443057',0,1,1,1,NULL,NULL,NULL,'Vaserne, rende',NULL,NULL,NULL),(581,'54° 44\' 20,42\'\' N','11° 35\' 18,51\'\' E','54.739006','11.588475',0,1,1,1,NULL,NULL,NULL,'Hejrede Sø',NULL,NULL,NULL),(582,'','','55.933578','12.303786',0,1,1,1,NULL,NULL,NULL,'Frederiksborg Slotssø',NULL,NULL,NULL),(583,'54° 44\' 20,42\'\' N','11° 35\' 18,51\'\' E','54.739006','11.588475',0,1,1,1,NULL,NULL,NULL,'Hejrede Sø',NULL,NULL,NULL),(584,'54° 44\' 20,42\'\' N','11° 35\' 18,51\'\' E','54.739006','11.588475',0,1,1,1,NULL,NULL,NULL,'Hejrede Sø',NULL,NULL,NULL),(585,'','','57.125846','13.072257',0,1,1,1,NULL,NULL,NULL,'Fegen sø, Sverige',NULL,NULL,NULL),(586,'56° 42\' 17,429\'\' N','11° 32\' 22,757\'\' E','56.704841','11.539655',0,1,1,1,NULL,NULL,NULL,'Anholt',NULL,NULL,NULL),(587,'55° 59\' 49,35\'\' N','12° 21\' 31,03\'\' E','55.997042','12.358619',0,1,1,1,NULL,NULL,NULL,'Esrum Sø',NULL,NULL,NULL),(588,'55° 59\' 10,90\'\' N','12° 17\' 59,14\'\' E','55.986361','12.299761',0,1,1,1,NULL,NULL,NULL,'Store Gribsø',NULL,NULL,NULL),(589,'55° 34\' 58,2\'\' N','10° 35\' 59,6\'\' E','55.582833','10.599889',0,1,1,1,NULL,NULL,NULL,'Langø, Fyn',NULL,NULL,NULL),(590,'','','55.639350','11.359950',0,1,1,1,NULL,NULL,NULL,'Møllevej, Jyderup',NULL,NULL,NULL),(591,'55° 59\' 41,7\'\' N','11° 30\' 73,9\'\' E','55.593833','11.306996',0,1,1,1,NULL,NULL,NULL,'Halleby Å, udløb i Tissø',NULL,NULL,NULL),(592,'','','55.575907','12.558317',0,1,1,1,NULL,NULL,NULL,'Hejresøen, Amager Fælled',NULL,NULL,NULL),(593,'','','55.591459','12.538586',0,1,1,1,NULL,NULL,NULL,'Nihøje sø, Sydamager naturreservat',NULL,NULL,NULL),(594,'','','55.784405','12.441198',0,1,1,1,NULL,NULL,NULL,'Furesøen',NULL,NULL,NULL),(595,'','','55.784405','12.441198',0,1,1,1,NULL,NULL,NULL,'Furesøen',NULL,NULL,NULL),(596,'','','55.689602','12.580162',0,1,1,1,NULL,NULL,NULL,'Østre Anlæg',NULL,NULL,NULL),(597,'','','55.689602','12.580162',0,1,1,1,NULL,NULL,NULL,'Østre Anlæg',NULL,NULL,NULL),(598,'','','55.689602','12.580162',0,1,1,1,NULL,NULL,NULL,'Østre Anlæg',NULL,NULL,NULL),(599,'','','55.689602','12.580162',0,1,1,1,NULL,NULL,NULL,'Østre Anlæg',NULL,NULL,NULL),(600,'','','55.689602','12.580162',0,1,1,1,NULL,NULL,NULL,'Østre Anlæg',NULL,NULL,NULL),(601,'','','55.689602','12.580162',0,1,1,1,NULL,NULL,NULL,'Østre Anlæg',NULL,NULL,NULL),(602,'','','55.689602','12.580162',0,1,1,1,NULL,NULL,NULL,'Østre Anlæg',NULL,NULL,NULL),(603,'','','55.689602','12.580162',0,1,1,1,NULL,NULL,NULL,'Østre Anlæg',NULL,NULL,NULL),(604,'','','55.689602','12.580162',0,1,1,1,NULL,NULL,NULL,'Østre Anlæg',NULL,NULL,NULL),(605,'','','55.689602','12.580162',0,1,1,1,NULL,NULL,NULL,'Østre Anlæg',NULL,NULL,NULL),(606,'','','55.689602','12.580162',0,1,1,1,NULL,NULL,NULL,'Østre Anlæg',NULL,NULL,NULL),(607,'','','55.8332','12.4915',0,1,1,1,NULL,NULL,NULL,'Højbjerghus Søen',NULL,NULL,NULL),(608,'','','55.821','12.4803',0,1,1,1,NULL,NULL,NULL,'Paradis Søen',NULL,NULL,NULL),(609,NULL,NULL,'55.685255690177826','12.572981195446564',0,1,1,1,'','','','BM','','',''),(614,NULL,NULL,'55.685255690177826','12.572981195446564',0,1,1,1,'','','','BM','','',''),(615,NULL,NULL,'55.685255690177826','12.572981195446564',0,1,1,1,'','','','BM','','',''),(2354,NULL,NULL,'55.685255690177826','12.572981195446564',0,1,1,1,'','','','Lok. for prøve tetst 1223','','',''),(2355,NULL,NULL,'55.685255690177826','12.572981195446564',0,1,1,1,'','','','Lok. for prøve AAA_test1','','',''),(2356,NULL,NULL,'55.685255690177826','12.572981195446564',0,1,1,1,'','','','Lok. for prøve AAA_test1','','',''),(2357,NULL,NULL,'55.685255690177826','12.572981195446564',0,1,1,1,'','','','Lok. for prøve AAA_test3','','',''),(2358,NULL,NULL,'55.938716665325394','12.083566188812256',0,1,1,1,'POLYGON((693110.83 6203286.28,693282.15 6203446.31,693432.89 6203927.83,693745.35 6204201.07,694118.62 6204277.13,694485.82 6204073.33,694836.03 6204193.75,695086.4 6204363.27,695765.57 6205069.77,695932.5 6205187.09,696132.24 6205218.33,696262.54 6205386.63,696463.15 6205513.22,696569.9 6205521.01,696672.5 6205776.85,696634.85 6205983.05,696688.36 6206139.99,696692.42 6206442.44,697008.16 6206274.6,697198.31 6206331.88,697615.6 6206245.58,697768.29 6206148.24,697930.73 6205862.52,698094.74 6205836.08,698577.19 6206475.87,698570.26 6206632.88,698747.49 6207142.81,698735.85 6207399,698651.58 6207629.32,698556.36 6207737.66,698026.2 6207947.72,697710.55 6208409.32,697481.92 6208423.42,697248.89 6208255.04,696779.62 6208068.62,696573.69 6208098.25,696551.83 6208296.35,696639.44 6208350.27,696699.3 6208327.64,696663.94 6208434.17,696813.65 6208577.6,696848.59 6208902.21,696781.68 6209114.97,696655.07 6209221.8,696591.75 6209547.75,696131.94 6210159.51,696001.94 6210264.93,695730.03 6210372.54,695617.88 6210325.08,695426.77 6210110.1,695340.47 6210108.75,695265.54 6210268.62,695148.03 6210341.32,695157.86 6210398.92,695144.72 6210413.99,695130.92 6210355.25,694924.42 6210315.52,694714.18 6210455.78,694143.08 6210543.51,694071.31 6210511.02,693894.12 6210534.39,693947.2 6210532.83,693958.8 6210578.74,693871.69 6210618.55,693852.35 6210557.21,693702.83 6210687.74,693654.56 6210912.03,693489.47 6211119.61,693369.54 6211561.42,693164.43 6211782.73,692919.57 6211951.68,692641.57 6211965.29,692338.62 6212114.01,691983.9 6212191.96,691941.18 6212373.16,691865.1 6212404.09,691727.85 6212344.09,691590.48 6212136.82,691560.92 6211874.81,691642.93 6211657.59,691644.39 6211471.26,691322.82 6211062.31,691184.05 6210774.28,691258.07 6210566.66,691212.76 6210239.05,691110.23 6210085.39,690853.31 6210094.46,690629.8 6210008.63,690373.57 6210020.5,690241.84 6209936.86,690096.9 6209705.78,689924.16 6209625.61,689882.33 6209513.85,689797.09 6209449.13,689729.86 6209243.33,689543.65 6208200.12,689704.21 6207717.96,689866.61 6207480.93,690260.54 6207193.65,690500.48 6207090.66,690699.64 6207068.03,690843.51 6207124.19,690994.26 6207291.21,691202.11 6207417.53,691290.97 6207683.88,691376.86 6207751.32,691316.44 6207971.72,691012.94 6208137.84,690977.31 6208314.56,690880.15 6208404.44,691235.47 6208859.29,691525.89 6208995.67,691763.68 6209272,692349 6209158.71,692326.03 6209102.2,692419.3 6209071.89,692796.58 6209187.18,693035.09 6209184.66,693277.18 6208939.36,693556.3 6208910.12,693606.8 6208854.89,693466.64 6208428.79,693037.2 6208154.44,692733.06 6207780.39,692692.77 6207606.78,692483.96 6207210.47,692458.13 6206870.5,692319.7 6206775.79,691987.63 6206286.88,691897.46 6206250.87,691796.45 6206048.97,691806.69 6205931.02,691695.37 6205861.86,691604.17 6205668.97,691537.15 6205471.37,691559.38 6205419.13,691311.25 6205159.74,691237.42 6204929.87,691242.2 6204779.13,691173.18 6204648.09,691038.16 6204543.46,690948.09 6204355.78,691053.64 6204224.67,691124.75 6204214.18,691177.12 6204263.82,691332.18 6204148.42,691652.47 6204155.03,691841.68 6203895.84,691878.29 6203769.49,692305.13 6203507.34,692496.37 6203462.52,692787.84 6203237.82,693110.83 6203286.28))','soe','sø','Arresø (Sø i Frederiksværk)','Arresø','Arresø','');
/*!40000 ALTER TABLE `lokalitet` ENABLE KEYS */;
UNLOCK TABLES;

--
-- Table structure for table `lokalitet_spot`
--

DROP TABLE IF EXISTS `lokalitet_spot`;
/*!40101 SET @saved_cs_client     = @@character_set_client */;
/*!40101 SET character_set_client = utf8 */;
CREATE TABLE `lokalitet_spot` (
  `lokalitet_spot_id` int(11) NOT NULL AUTO_INCREMENT,
  `lokalitet_id` int(11) NOT NULL,
  `latitude` varchar(50) NOT NULL,
  `longitude` varchar(50) NOT NULL,
  `beskrivelse` varchar(255) DEFAULT NULL,
  PRIMARY KEY (`lokalitet_spot_id`)
) ENGINE=InnoDB AUTO_INCREMENT=31 DEFAULT CHARSET=utf8;
/*!40101 SET character_set_client = @saved_cs_client */;

--
-- Dumping data for table `lokalitet_spot`
--

LOCK TABLES `lokalitet_spot` WRITE;
/*!40000 ALTER TABLE `lokalitet_spot` DISABLE KEYS */;
INSERT INTO `lokalitet_spot` VALUES (1,409,'55.67290185996412','12.480940818786621',NULL),(2,409,'55.67322856776513','12.4749755859375',NULL),(3,409,'55.68082677954215','12.47398853302002',NULL),(4,409,'55.67380937489732','12.478451728820799',NULL),(5,409,'55.67380937489732','12.483901977539062',NULL),(7,290,'57.44991398238545','9.986272528767586','1'),(8,290,'57.44987992232225','9.986413344740868','2'),(9,290,'57.44995742273118','9.986574947834013','3'),(10,290,'57.449938662100266','9.986930340528488','4'),(11,290,'57.450138534480814','9.98696520924568','5'),(12,290,'57.450141420716584','9.98637244105339','6'),(13,290,'57.45011472302708','9.986157864332199','7'),(14,290,'57.449923509275976','9.985992908477783','8'),(19,2357,'55.93750170174812','12.083169221878052','1'),(20,2357,'55.93711467057171','12.084011435508728','2'),(21,2357,'55.93670603957273','12.085009217262268','3'),(22,2357,'55.93581909266039','12.086741924285889','4'),(23,2357,'55.93615918840365','12.091746926307678','5'),(24,2358,'55.944749230707366','12.069060802459717','1'),(25,2358,'55.94025982069083','12.074189186096191','2'),(26,2358,'55.93785624219784','12.082300186157227','3'),(27,2358,'55.93569289403262','12.086591720581055','4'),(28,2358,'55.937063028564836','12.0939302444458','5'),(29,445,'55.71912202926096','12.503117322921751','1\n'),(30,445,'55.71972387167431','12.508975267410278','2');
/*!40000 ALTER TABLE `lokalitet_spot` ENABLE KEYS */;
UNLOCK TABLES;

--
-- Table structure for table `proeve`
--

DROP TABLE IF EXISTS `proeve`;
/*!40101 SET @saved_cs_client     = @@character_set_client */;
/*!40101 SET character_set_client = utf8 */;
CREATE TABLE `proeve` (
  `proeve_id` int(11) NOT NULL AUTO_INCREMENT,
  `proeve_nr` varchar(40) DEFAULT NULL,
  `lokalitet_id` mediumint(11) DEFAULT NULL,
  `indsamlingsdato` date DEFAULT NULL,
  `Analyseret` date DEFAULT NULL,
  `Indsamler` varchar(40) DEFAULT NULL,
  `Institutionsnavn` varchar(40) DEFAULT NULL,
  `Mailadresse` varchar(40) DEFAULT NULL,
  `ProeverModtaget` date DEFAULT NULL,
  `DatoForEkst` date DEFAULT NULL,
  `ElueretI` varchar(40) DEFAULT NULL,
  `ngUl` varchar(40) DEFAULT NULL,
  `AntalKuverter` varchar(40) DEFAULT NULL,
  `SNM_Adresse` int(100) DEFAULT NULL,
  `kommentar` text,
  `dataset` varchar(20) DEFAULT NULL,
  `created_timestamp` timestamp NOT NULL DEFAULT CURRENT_TIMESTAMP,
  `created_userName` varchar(50) DEFAULT NULL,
  PRIMARY KEY (`proeve_id`)
) ENGINE=InnoDB AUTO_INCREMENT=350 DEFAULT CHARSET=utf8;
/*!40101 SET character_set_client = @saved_cs_client */;

--
-- Dumping data for table `proeve`
--

LOCK TABLES `proeve` WRITE;
/*!40000 ALTER TABLE `proeve` DISABLE KEYS */;
INSERT INTO `proeve` VALUES (1,'DL_F15_010_2',274,'2016-04-03','0000-00-00','Torben Hviid','Marselisborg Gymnasium','th@marselisborg-gym.dk','2016-04-06','0000-00-00','125 µl EB','11.6','',0,NULL,'Gymnasium','2016-05-23 10:55:28','{ Excel }'),(2,'DL_F15_018_2',275,'2015-05-07','2016-04-26','Gorm Clausen','Roskilde Gymnasium','Gorm.Worsoe.Clausen@roskilde-gym.dk','0000-00-00','0000-00-00','','','',0,NULL,'Gymnasium','2016-05-23 10:55:28','{ Excel }'),(3,'DL_GYM_001',276,'2015-04-27','0000-00-00','Liane Damsø','Rødovre Gymnasium','Liane.Damsoe@skolekom.dk','2015-04-29','2015-05-06','125 µl EB','11.6','',0,NULL,'Gymnasium','2016-05-23 10:55:28','{ Excel }'),(4,'DL_GYM_002',277,'2015-04-24','0000-00-00','Mette Nielsen','Svendborg Gymnasium','','2015-04-29','2015-05-06','125 µl EB','9.88','',0,NULL,'Gymnasium','2016-05-23 10:55:28','{ Excel }'),(5,'DL_GYM_003',278,'2015-05-15','0000-00-00','','Gribskov Gymnasium','','2015-05-20','2015-09-28','125 µl EB','29.2','',0,NULL,'Gymnasium','2016-05-23 10:55:28','{ Excel }'),(6,'DL_GYM_004',279,'2015-05-21','0000-00-00','Nils Skov Jørgensen','Vordingborg gymnasium','nj@vordingborg-gym.dk','2015-05-22','2015-09-28','125 µl EB','10.9','',0,NULL,'Gymnasium','2016-05-23 10:55:28','{ Excel }'),(7,'DL_GYM_005',280,'2015-05-27','0000-00-00','','Aurehøj Gymnasium','','2015-05-29','2015-09-07','125 µl EB','3.3','',0,NULL,'Gymnasium','2016-05-23 10:55:29','{ Excel }'),(8,'DL_GYM_006',281,'2015-05-31','0000-00-00','Ole C Pedersen','Helsingør Gymnasium','ole@cpedersen.dk','2015-06-02','2015-09-28','125 µl EB','0.67','',0,NULL,'Gymnasium','2016-05-23 10:55:29','{ Excel }'),(9,'DL_GYM_007',282,'2015-06-01','2016-01-07','Brian Willum Petersen','Helsingør Gymnasium','brianwillum@gmail.com','2015-06-09','2015-09-07','125 µl EB','0.348','',0,NULL,'Gymnasium','2016-05-23 10:55:29','{ Excel }'),(10,'DL_GYM_008',283,'2015-06-07','2016-03-15','Niels J Willumsen','Gribskov Gymnasium','njwillumsen@gmail.com','2015-06-10','2015-09-28','125 µl EB','14.9','',0,NULL,'Gymnasium','2016-05-23 10:55:29','{ Excel }'),(11,'DL_GYM_009',284,'2015-06-08','0000-00-00','Vagn Rasmussen','Allerød Gymnasium','vra@mail.dk','2015-06-10','2015-10-05','125 µl EB','13.3','',0,NULL,'Gymnasium','2016-05-23 10:55:29','{ Excel }'),(12,'DL_GYM_010',285,'2015-06-08','0000-00-00','Vagn Rasmussen','Allerød Gymnasium','vra@mail.dk','2015-06-11','2015-09-28','125 µl EB','16','',0,NULL,'Gymnasium','2016-05-23 10:55:29','{ Excel }'),(13,'DL_GYM_011',286,'2015-05-11','0000-00-00','','Roskilde katedralskole','','0000-00-00','2015-09-17','125 µl EB','3.98','',0,NULL,'Gymnasium','2016-05-23 10:55:30','{ Excel }'),(14,'DL_GYM_012',287,'2015-06-12','2016-01-06','Brian Willum Petersen','Statens Naturhistoriske Museum','brianwillum@gmail.com','2015-06-16','2015-09-07','125 µl EB','0.434','',0,NULL,'Gymnasium','2016-05-23 10:55:30','{ Excel }'),(15,'DL_GYM_013',288,'2015-05-30','2016-01-19','','Sankt Annæ Gymnasium','','0000-00-00','2015-09-28','125 µl EB','9.24','',0,NULL,'Gymnasium','2016-05-23 10:55:30','{ Excel }'),(16,'DL_GYM_014_1',289,'2015-09-15','0000-00-00','Sven Lange','HTX, EUC Hjørring','sla@eucnord.dk','2015-09-18','2015-10-05','125 µl EB','5.86','',0,NULL,'Gymnasium','2016-05-23 10:55:30','{ Excel }'),(17,'DL_GYM_014_2',290,'2015-09-15','0000-00-00','Sven Lange','HTX, EUC Hjørring','sla@eucnord.dk','2015-09-18','2015-09-17','125 µl EB','4.06','',0,NULL,'Gymnasium','2016-05-23 10:55:30','{ Excel }'),(18,'DL_GYM_015',291,'2015-06-24','0000-00-00','','Odsherred Gymnasium','','0000-00-00','2016-03-08','125 µl EB','18.2','',0,NULL,'Gymnasium','2016-05-23 10:55:31','{ Excel }'),(19,'DL_GYM_016',292,'2016-03-13','0000-00-00','Naja Johansen','Frederiksværks Gymnasium','najse11@hotmail.com','2016-03-16','2016-03-16','125 µl EB','0.602','',0,NULL,'Gymnasium','2016-05-23 10:55:31','{ Excel }'),(20,'DL_GYM_017',293,'2016-03-20','0000-00-00','Michael Warrer Larsen','VUC Århus','MW@vucaarhus.dk','2016-03-29','2016-04-05','125 µl EB','42.6','',0,NULL,'Gymnasium','2016-05-23 10:55:31','{ Excel }'),(21,'DL_GYM_018',294,'2016-03-15','0000-00-00','Bo Kildeager','Gentofte HF','bk@ghg.dk','2016-03-31','2016-04-05','125 µl EB','8.24','',0,NULL,'Gymnasium','2016-05-23 10:55:31','{ Excel }'),(22,'DL_GYM_019',295,'2016-03-19','2016-04-20','Ditte Elsborg','HTX Gatsro/science','del@hrs.dk','2016-03-28','2016-04-05','125 µl EB','16.6','',0,NULL,'Gymnasium','2016-05-23 10:55:31','{ Excel }'),(23,'DL_GYM_020',296,'2016-04-09','2016-04-20','Caroline Ledertoug','Borupgaard STX','caro_kahn@hotmail.com','0000-00-00','2016-04-19','','','',0,NULL,'Gymnasium','2016-05-23 10:55:31','{ Excel }'),(24,'DL_GYM_021',297,'2016-04-27','0000-00-00','Marie Bondesen','Køge Private Realskole og Gym','mariebondesen@gmail.com','2016-04-29','2016-05-02','125 µl EB','11.7','',0,NULL,'Gymnasium','2016-05-23 10:55:31','{ Excel }'),(25,'DL_GYM_022',298,'2016-04-29','0000-00-00','Klaus Hermansen','Køge Gymnasium','Klaus.Hermansen@kggym.dk','2016-05-03','2016-05-10','125 µl EB','0.302','',0,NULL,'Gymnasium','2016-05-23 10:55:31','{ Excel }'),(26,'DL_GYM_023',299,'2016-04-29','0000-00-00','Kristine Hovkjær Østergaard','Skanderborg Odder Center for uddannelse','khoe@soh.dk','0000-00-00','2016-05-10','125 µl EB','0.486','',0,NULL,'Gymnasium','2016-05-23 10:55:31','{ Excel }'),(27,'DL_F13_031',300,'2014-08-20','2014-11-14','Heidi Nystrand','Grindsted Gymnasium & HF','hn@ggnet.dk','2014-08-25','0000-00-00','','','',0,NULL,'GymnasiumUV','2016-05-23 10:55:32','{ Excel }'),(28,'DL_F15_034',301,'2016-04-20','2016-04-28','Jens Bøgeskov','Borupgaard Gymnasium','jb@boag.nu','2016-04-26','2016-05-02','125 µl EB','11.7','',0,NULL,'GymnasiumUV','2016-05-23 10:55:32','{ Excel }'),(29,'DL_F14_85_1',302,'2015-04-27','2015-09-29','Louise Lund Bækgaard','Allerød Gymnasium','louise.lund.baekaard@gmail.com','2015-04-29','2015-05-06','125 µl EB','11.6','',0,NULL,'GymnasiumUV','2016-05-23 10:55:32','{ Excel }'),(30,'DL_F14_85_2',303,'2015-04-27','2015-09-29','Louise Lund Bækgaard','Allerød Gymnasium','louise.lund.baekaard@gmail.com','2015-04-29','2015-05-06','125 µl EB','5.24','',0,NULL,'GymnasiumUV','2016-05-23 10:55:32','{ Excel }'),(31,'DL_F13_043',304,'2014-08-29','2015-01-20','Kristian Poulsen','Køge Gymnasium','kgkp@kggym.dk','2014-09-11','0000-00-00','','','',0,NULL,'GymnasiumUV','2016-05-23 10:55:32','{ Excel }'),(32,'DL_F15_018_1',305,'2015-05-07','2016-01-15','Karina Lærkedal Sørensen','Roskilde Gymnasium','rgks@roskilde-gym.dk','0000-00-00','0000-00-00','125 µl EB','13.6','',0,NULL,'GymnasiumUV','2016-05-23 10:55:32','{ Excel }'),(33,'DL_F15_077',306,'2016-04-20','2016-05-10','Christina Høier Ricke','Birkerød Gymnasium - HF - IB & Kostskole','cr@birke-gym.dk','2016-04-25','2016-04-26','125 µl EB','2.9','',0,NULL,'GymnasiumUV','2016-05-23 10:55:32','{ Excel }'),(34,'DL_F13_022',307,'2014-08-20','2014-10-30','Morten Eskildsen','Birkerød Gymnasium - HF - IB & Kostskole','me@birke-gym.dk','2014-08-21','0000-00-00','','','',0,NULL,'GymnasiumUV','2016-05-23 10:55:32','{ Excel }'),(35,'DL_F15_054',308,'2016-04-25','2016-05-11','Rune Sjødahl','Roskilde Gymnasium','rgrs@roskilde-gym.dk','2016-04-27','2016-05-02','125 µl EB','10.4','',0,NULL,'GymnasiumUV','2016-05-23 10:55:32','{ Excel }'),(36,'DL_F15_083',309,'2016-05-03','2016-05-13','Marie Brøndum','Rysensteen Gymnasium','br@rysensteen.dk','2016-05-06','2016-05-10','125 µl EB','0.958','',0,NULL,'GymnasiumUV','2016-05-23 10:55:33','{ Excel }'),(37,'DL_F13_003',310,'2014-08-28','2014-10-07','Eva Fredtoft','Gefion Gymnasium','efr@gefion-gym.dk','2014-09-02','0000-00-00','','','',0,NULL,'GymnasiumUV','2016-05-23 10:55:33','{ Excel }'),(38,'DL_F13_012',311,'2014-06-25','2014-10-21','Peter Sjøholm','Borupgaard Gymnasium','sj@boag.nu','0000-00-00','0000-00-00','','','',0,NULL,'GymnasiumUV','2016-05-23 10:55:33','{ Excel }'),(39,'DL_F14_048_2',312,'2015-04-15','2015-04-30','Tine Tønnes Sørensen','Høng Gymnasium og HF','ts@hoeng-gymhf.dk','2015-04-16','2015-04-21','125 µl EB','16.8','',0,NULL,'GymnasiumUV','2016-05-23 10:55:33','{ Excel }'),(40,'DL_F13_012',313,'2014-06-25','2014-10-21','Peter Sjøholm','Borupgaard Gymnasium','sj@boag.nu','0000-00-00','0000-00-00','','','',0,NULL,'GymnasiumUV','2016-05-23 10:55:33','{ Excel }'),(41,'DL_F14_077',314,'2015-06-01','2015-09-08','Astrid Siegumfeldt','Viborg Gymnasium og HF','as@vghf.dk','2015-06-04','2015-06-24','125 µl EB','2.9','',0,NULL,'GymnasiumUV','2016-05-23 10:55:33','{ Excel }'),(42,'DL_F14_013',315,'2014-08-28','2015-02-17','Stine Weber','Helsingør Gymnasium','sw@hels-gym.dk','0000-00-00','0000-00-00','','','',0,NULL,'GymnasiumUV','2016-05-23 10:55:33','{ Excel }'),(43,'DL_aTest04',316,'2014-08-14','2014-09-24','Signe Markman','Falkonergårdens Gymnasium og HF-Kursus','sg@falko.dk','2014-08-21','2014-08-26','2 x 50 µl EB','','',0,NULL,'GymnasiumUV','2016-05-23 10:55:33','{ Excel }'),(44,'DL_F13_051',317,'0000-00-00','2015-04-09','Liane Gerup Damsø','Rødovre Gymnasium','liane.damsoe@skolekom.dk','2014-09-09','0000-00-00','','','',0,NULL,'GymnasiumUV','2016-05-23 10:55:33','{ Excel }'),(45,'DL_F14_086',318,'2015-05-04','2015-06-03','Liane Gerup Damsø','Rødovre Gymnasium','liane.damsoe@skolekom.dk','2015-05-06','2015-05-06','125 µl EB','6.04','',0,NULL,'GymnasiumUV','2016-05-23 10:55:34','{ Excel }'),(46,'DL_F15_019',319,'2015-09-16','2015-10-08','Signe Markman og Morten Skaarup','Falkonergårdens Gymnasium og HF-Kursus','signemarkman@gmail.com','2015-09-17','2015-09-28','125 µl EB','15.3','',0,NULL,'GymnasiumUV','2016-05-23 10:55:34','{ Excel }'),(47,'DL_F13_047',320,'2014-08-19','2015-01-15','Jesper Terp','Odense Katedralskole','jesper.terp.joergensen1@skolekom.dk','2014-08-21','0000-00-00','','','',0,NULL,'GymnasiumUV','2016-05-23 10:55:34','{ Excel }'),(48,'DL_F14_075',321,'0000-00-00','2015-09-17','Jens Bøgeskov','Borupgaard Gymnasium','jb@boag.nu','2015-05-05','2015-05-06','125 µl EB','2.2','',0,NULL,'GymnasiumUV','2016-05-23 10:55:34','{ Excel }'),(49,'DL_F13_025',322,'0000-00-00','2014-10-24','Christina Høier Ricke','Birkerød Gymnasium - HF - IB & Kostskole','cr@birke-gym.dk','2014-08-21','0000-00-00','','','',0,NULL,'GymnasiumUV','2016-05-23 10:55:34','{ Excel }'),(50,'DL_F15_005',323,'0000-00-00','2015-11-19','Christina Høier Ricke & Jette Eibye-Jaco','Birkerød Gymnasium - HF - IB & Kostskole','ei@birke-gym.dk','2015-09-04','2015-09-17','125 µl EB','25.8','',0,NULL,'GymnasiumUV','2016-05-23 10:55:34','{ Excel }'),(51,'DL_F14_088_2',324,'2015-06-29','2015-10-02','Bent Nielsen','Københavns VUC','bn@kvuc.dk','0000-00-00','2015-07-27','125 µl EB','15','',0,NULL,'GymnasiumUV','2016-05-23 10:55:34','{ Excel }'),(52,'DL_F15_020_2',325,'2015-10-25','2015-11-10','Rikke Louise Rentsch','Espergærde Gymnasium og HF','RI@eg-gym.dk','2015-10-20','2015-11-05','125 µl EB','16','',0,NULL,'GymnasiumUV','2016-05-23 10:55:34','{ Excel }'),(53,'DL_F15_020_1',326,'2015-10-09','2015-11-10','Rikke Louise Rentsch','Espergærde Gymnasium og HF','RI@eg-gym.dk','2015-10-20','2015-10-21','125 µl EB','7.8','',0,NULL,'GymnasiumUV','2016-05-23 10:55:35','{ Excel }'),(54,'DL_F14_10',327,'2014-08-27','2015-02-03','Maria Steinhausen','Helsingør Gymnasium','st@hels-gym.dk','0000-00-00','0000-00-00','','','',0,NULL,'GymnasiumUV','2016-05-23 10:55:35','{ Excel }'),(55,'DL_F14_088',328,'2015-06-07','2015-10-02','Bent Nielsen','Københavns VUC','bn@kvuc.dk','2015-06-10','2015-06-24','125 µl EB','10.9','',0,NULL,'GymnasiumUV','2016-05-23 10:55:35','{ Excel }'),(56,'DL_F13_040',329,'2014-08-13','2014-11-18','Marie Eiland','Køge Gymnasium','kgme@kggym.dk','2014-08-19','0000-00-00','','','',0,NULL,'GymnasiumUV','2016-05-23 10:55:35','{ Excel }'),(57,'DL_F15_059',330,'2016-03-21','2016-04-01','Pia Myler','Køge Gymnasium','kgpm@kggym.dk','2016-03-29','2016-03-30','125 µl EB','49','',0,NULL,'GymnasiumUV','2016-05-23 10:55:35','{ Excel }'),(58,'DL_aTest05',331,'2014-08-27','2014-09-25','Signe Vie','Gammel Hellerup Gymnasium','sv@ghg.dk','2014-09-01','0000-00-00','','','',0,NULL,'GymnasiumUV','2016-05-23 10:55:35','{ Excel }'),(59,'DL_F13_023',332,'2014-09-02','2014-11-25','Camilla Christensen','Frederiksberg Gymnasium','camch63@gmail.com','2014-09-03','0000-00-00','','','',0,NULL,'GymnasiumUV','2016-05-23 10:55:35','{ Excel }'),(60,'DL_F15_031_1',333,'2015-11-12','2015-11-18','Naja Johansen','SRP-elever, Frederiksværk Gym','najse11@hotmail.com','2015-11-16','2015-11-16','125 µl EB','11.1','',0,NULL,'GymnasiumUV','2016-05-23 10:55:36','{ Excel }'),(61,'DL_F14_013',334,'2015-11-12','2015-11-18','Tahira Shah','SRP-elever, Frederiksværk Gym','tahira.mshah@hotmail.com','2015-11-16','2015-11-16','125 µl EB','11.5','',0,NULL,'GymnasiumUV','2016-05-23 10:55:36','{ Excel }'),(62,'DL_F14_064',335,'2015-05-04','2015-05-28','Karin Frykman','Ordrup Gymnasium','karinfrykman@gmail.com','2015-05-08','2015-05-12','125 µl EB','22.2','',0,NULL,'GymnasiumUV','2016-05-23 10:55:36','{ Excel }'),(63,'DL_F14_102',336,'2015-08-25','2015-12-02','Karin Frykman','Ordrup Gymnasium','karinfrykman@gmail.com','0000-00-00','2015-10-21','125 µl EB','26','',0,NULL,'GymnasiumUV','2016-05-23 10:55:36','{ Excel }'),(64,'DL_F13_052',337,'2014-08-20','2014-12-02','Magnus Groes','Virum Gymnasium','gr@virum-gym.dk','2014-08-26','0000-00-00','','','',0,NULL,'GymnasiumUV','2016-05-23 10:55:36','{ Excel }'),(65,'DL_F13_019',338,'2014-08-19','2014-10-09','Birgitte Stokbro','Allerød Gymnasium','birgittestokbro@gmail.com','2014-08-21','0000-00-00','','','',0,NULL,'GymnasiumUV','2016-05-23 10:55:36','{ Excel }'),(66,'DL_F13_019',339,'2014-08-19','2014-10-09','Birgitte Stokbro','Allerød Gymnasium','birgittestokbro@gmail.com','2014-08-21','0000-00-00','','','',0,NULL,'GymnasiumUV','2016-05-23 10:55:36','{ Excel }'),(67,'DL_F13_019',340,'2014-08-19','2014-10-09','Birgitte Stokbro','Allerød Gymnasium','birgittestokbro@gmail.com','2014-08-21','0000-00-00','','','',0,NULL,'GymnasiumUV','2016-05-23 10:55:36','{ Excel }'),(68,'DL_F14_086_2',341,'2015-11-26','2015-06-03','Liane Gerup Damsø','Rødovre Gymnasium','liane.damsoe@skolekom.dk','2015-11-26','2015-11-26','125 µl EB','33.2','',0,NULL,'GymnasiumUV','2016-05-23 10:55:37','{ Excel }'),(69,'DL_F15_031_1',342,'2015-11-12','2015-11-18','Ditte Grevy','SRP-elever, Rødovre Gym','dittetg@hotmail.com','2015-11-16','2015-11-16','125 µl EB','11.1','',0,NULL,'GymnasiumUV','2016-05-23 10:55:37','{ Excel }'),(70,'DL_F14_007',343,'2014-08-28','2015-01-08','Natacha Bjerre og Anne Christine','Gladsaxe Gymnasium','natachabjerre@gmail.com','2014-09-03','0000-00-00','','','',0,NULL,'GymnasiumUV','2016-05-23 10:55:37','{ Excel }'),(71,'DL_aTest02',344,'2014-08-27','2014-09-19','Trine Iversen','Gammel Hellerup Gymnasium','ti@ghg.dk','2014-09-01','0000-00-00','','','',0,NULL,'GymnasiumUV','2016-05-23 10:55:37','{ Excel }'),(72,'DL_F13_011',345,'2014-06-18','2015-02-05','Jens Gerup Nielsen','Gentofte HF','jens.liane@mail.dk','0000-00-00','0000-00-00','','','',0,NULL,'GymnasiumUV','2016-05-23 10:55:37','{ Excel }'),(73,'DL_F14_082',346,'2015-05-19','2015-08-26','Mie Marving','Gammel Hellerup Gymnasium','mi@ghg.dk','2015-05-22','2015-06-24','125 µl EB','0.844','',0,NULL,'GymnasiumUV','2016-05-23 10:55:37','{ Excel }'),(74,'DL_F14_076_2',347,'2015-05-11','2015-09-03','Birgit Eliasson','Gefion Gymnasium','Bel@gefion-gym.dk','2015-05-12','2015-06-24','125 µl EB','4.06','',0,NULL,'GymnasiumUV','2016-05-23 10:55:37','{ Excel }'),(75,'DL_F14_076_1',348,'2015-05-11','2015-09-03','Birgit Eliasson','Gefion Gymnasium','Bel@gefion-gym.dk','2015-05-12','2015-06-24','125 µl EB','3.22','',0,NULL,'GymnasiumUV','2016-05-23 10:55:37','{ Excel }'),(76,'DL_F14_099',349,'2015-08-27','2015-09-16','Tobias Frykman','Gladsaxe Gymnasium','tobiasfrykman@gmail.com','0000-00-00','2015-09-07','125 µl EB','18.3','',0,NULL,'GymnasiumUV','2016-05-23 10:55:38','{ Excel }'),(77,'DL_F14_103',350,'2015-06-26','2016-01-29','Jens Gerup Nielsen','Gentofte HF','jens.liane@mail.dk','2015-07-01','2015-09-17','125 µl EB','17.2','',0,NULL,'GymnasiumUV','2016-05-23 10:55:38','{ Excel }'),(78,'DL_F15_011',351,'2015-06-26','2016-02-05','Helle Munk Jensen','Gentofte HF','hellemunk@gmail.com','0000-00-00','2015-12-10','125 µl EB','17','',0,NULL,'GymnasiumUV','2016-05-23 10:55:38','{ Excel }'),(79,'DL_F15_094',352,'2016-04-21','2016-05-12','Stina Herskind','Aurehøj Gymnasium','sh@aurehoej.dk','2016-04-29','2016-05-02','125 µl EB','28.2','',0,NULL,'GymnasiumUV','2016-05-23 10:55:38','{ Excel }'),(80,'DL_F14_008',353,'2014-08-26','2015-03-17','Klaus Karlsen','Odsherreds Gymnasium','Klaus.karlsen@skolekom.dk','2014-08-27','0000-00-00','','','',0,NULL,'GymnasiumUV','2016-05-23 10:55:38','{ Excel }'),(81,'DL_F14_059',354,'2015-05-04','2015-12-16','Anja Lykke Hundebøll Nielsen','Grindsted Gymnasium & HF','ah@ggnet.dk','2015-05-11','2015-06-24','125 µl EB','5.54','',0,NULL,'GymnasiumUV','2016-05-23 10:55:39','{ Excel }'),(82,'DL_F13_034',355,'2014-08-26','2014-12-04','Anja Lykke Hundebøll Nielsen','Grindsted Gymnasium & HF','ah@ggnet.dk','2014-08-28','0000-00-00','','','',0,NULL,'GymnasiumUV','2016-05-23 10:55:39','{ Excel }'),(83,'DL_F13_034',356,'2014-08-12','2014-12-04','Heidi Nystrand','Grindsted Gymnasium & HF','hn@ggnet.dk','2014-08-21','0000-00-00','','','',0,NULL,'GymnasiumUV','2016-05-23 10:55:39','{ Excel }'),(84,'DL_F13_048',357,'2014-08-19','2014-12-09','Mia Godiksen','Ørestad Gymnasium','mtg@oegnet.dk','2014-08-21','0000-00-00','','','',0,NULL,'GymnasiumUV','2016-05-23 10:55:39','{ Excel }'),(85,'DL_F13_014',358,'2014-08-13','2014-10-22','Kirsten Hede','Espergærde Gymnasium og HF','he@eg-gym.dk','2014-08-14','0000-00-00','','','',0,NULL,'GymnasiumUV','2016-05-23 10:55:39','{ Excel }'),(86,'DL_F13_005',359,'2014-06-30','2014-10-31','Vagn Rasmussen','Allerød Gymnasium','vra@mail.dk','2014-07-03','0000-00-00','','','',0,NULL,'GymnasiumUV','2016-05-23 10:55:39','{ Excel }'),(87,'DL_F13_039',360,'2014-08-18','2015-01-14','Søren Vienberg','Høje-Taastrup Gymnasium','soeren_vienberg@yahoo.com','2014-08-22','0000-00-00','','','',0,NULL,'GymnasiumUV','2016-05-23 10:55:39','{ Excel }'),(88,'DL_F14_081_2',361,'2015-08-27','2015-09-09','Gudrun Beyer Poulsen','Høje-Taastrup Gymnasium','tw@htgym.dk','2015-09-04','2015-09-07','125 µl EB','0.508','',0,NULL,'GymnasiumUV','2016-05-23 10:55:39','{ Excel }'),(89,'DL_F14_089',362,'2015-04-21','2016-01-20','Christina Bramow & Søren Vienberg','Høje-Taastrup Gymnasium','cb@htgym.dk; Soeren_vienberg@yahoo.com','2015-04-23','2015-04-27','125 µl EB','23.8','',0,NULL,'GymnasiumUV','2016-05-23 10:55:39','{ Excel }'),(90,'DL_F14_042',363,'2015-04-10','2015-04-24','Frank Grønlund Jørgensen','Tørring Gymnasium','fg@toerring-gym.dk','2015-04-16','2015-04-21','125 µl EB','28.6','',0,NULL,'GymnasiumUV','2016-05-23 10:55:40','{ Excel }'),(91,'DL_F14_14_2',364,'2015-04-21','2015-04-29','Martin Mejlhede Jensen','Københavns Åbne Gymnasium','mt@kg.dk','2015-04-24','2015-04-27','125 µl EB','23.8','',0,NULL,'GymnasiumUV','2016-05-23 10:55:40','{ Excel }'),(92,'DL_F15_048',365,'2016-04-17','2016-04-29','Christine Brænder Almstrup','Roskilde Gymnasium','rgch@roskilde-gym.dk','2016-04-20','2016-04-26','125 µl EB','24.6','',0,NULL,'GymnasiumUV','2016-05-23 10:55:40','{ Excel }'),(93,'DL_F13_049',366,'2014-08-27','2014-11-26','Vibeke Almer','Himmelev Gymnasium','Vibekealmer@gmail.com','2014-09-02','0000-00-00','','','',0,NULL,'GymnasiumUV','2016-05-23 10:55:40','{ Excel }'),(94,'DL_F15_093',367,'2016-04-28','2016-05-27','Klaus Hermansen','Køge Gymnasium','kgkl@kggym.dk','2016-05-02','2016-05-10','125 µl EB','12.8','',0,NULL,'GymnasiumUV','2016-05-23 10:55:40','{ Excel }'),(95,'DL_F15_046',368,'2016-03-29','2016-04-06','Marianne Johansson','Nordsjællands Grundskole og Gymnasium','mjo@ngg.dk','2016-04-05','2016-04-05','125 µl EB','9.52','',0,NULL,'GymnasiumUV','2016-05-23 10:55:40','{ Excel }'),(96,'DL_F14_091',369,'2015-04-29','2015-09-10','Vagn Rasmussen','Allerød Gymnasium','vra@mail.dk','2015-05-05','2015-05-06','125 µl EB','20.8','',0,NULL,'GymnasiumUV','2016-05-23 10:55:40','{ Excel }'),(97,'DL_F13_007',370,'2014-08-13','2014-12-10','Mogens Ellebæk','Roskilde Katedralskole','Mogens.Ellebaek@rks-gym.dk','2014-08-14','0000-00-00','','','',0,NULL,'GymnasiumUV','2016-05-23 10:55:41','{ Excel }'),(98,'DL_F13_017_1',371,'2015-04-28','2015-05-13','Hans Marker','Sankt Annæ Gymnasium','hm@sag.dk','2015-04-29','2015-05-06','125 µl EB','2.98','',0,NULL,'GymnasiumUV','2016-05-23 10:55:41','{ Excel }'),(99,'DL_F15_051',372,'2016-04-12','2016-04-27','Bodil Theilade','Solrød Gymnasium','sgbth@solgym.dk','0000-00-00','0000-00-00','125 µl EB','9.2','',0,NULL,'GymnasiumUV','2016-05-23 10:55:41','{ Excel }'),(100,'DL_F14_098_2',373,'2015-10-07','2015-11-11','Jette Feld','Christianshavns Gymnasium','jf@cg-gym.dk','2015-10-09','2015-10-21','125 µl EB','79.2','',0,NULL,'GymnasiumUV','2016-05-23 10:55:41','{ Excel }'),(101,'DL_F14_098',374,'2015-06-22','2015-11-11','Jette Feld','Christianshavns Gymnasium','jf@cg-gym.dk','0000-00-00','2015-07-27','125 µl EB','24','',0,NULL,'GymnasiumUV','2016-05-23 10:55:41','{ Excel }'),(102,'DL_GYM_017',375,'2016-03-20','2016-03-30','Michael Warrer Larsen','VUC Aarhus','MW@vucaarhus.dk','2016-03-31','0000-00-00','','','',0,NULL,'GymnasiumUV','2016-05-23 10:55:41','{ Excel }'),(103,'DL_F14_087',376,'2015-04-21','2015-12-17','Thea Feld Nielsen og Stine Weber','Helsingør Gymnasium','tf@hels-gym.dk','2015-04-27','2015-04-27','125 µl EB','34.4','',0,NULL,'GymnasiumUV','2016-05-23 10:55:41','{ Excel }'),(104,'DL_F14_048_1',377,'2015-04-23','2015-04-30','Marie Kvist Bondesen','Køge Private Realskole, Gymnasium','mariebondesen@gmail.com','2015-04-23','2015-04-27','125 µl EB','9.68','',0,NULL,'GymnasiumUV','2016-05-23 10:55:41','{ Excel }'),(105,'DL_F15_013',378,'2015-08-26','2016-01-27','Christian Becher Clausen','Køge Gymnasium','kgcc@kggym.dk','0000-00-00','2016-01-18','125 µl EB','','',0,NULL,'GymnasiumUV','2016-05-23 10:55:42','{ Excel }'),(106,'DL_F13_027',379,'2014-08-22','2014-11-12','Johannes Worm','Stenhus Gymnasium & HF','biosof@gmail.com','2014-08-26','0000-00-00','','','',0,NULL,'GymnasiumUV','2016-05-23 10:55:42','{ Excel }'),(107,'DL_F14_051',380,'2015-04-15','2015-05-07','Nils Skov Jørgensen','Vordingborg Gymnasium & HF','nj@vordingborg-gym.dk','2015-04-16','2015-04-21','125 µl EB','4.5','',0,NULL,'GymnasiumUV','2016-05-23 10:55:42','{ Excel }'),(108,'DL_F14_97_1',381,'2015-05-27','2015-09-11','Ingelise Drozd Lund','Tårnby Gymnasium & HF','il@tgy.dk','2015-05-28','2015-07-07','125 µl EB','4.06','',0,NULL,'GymnasiumUV','2016-05-23 10:55:42','{ Excel }'),(109,'DL_F14_97_2',382,'2015-05-27','2015-09-11','Ingelise Drozd Lund','Tårnby Gymnasium & HF','il@tgy.dk','2015-05-28','2015-07-07','125 µl EB','6.16','',0,NULL,'GymnasiumUV','2016-05-23 10:55:42','{ Excel }'),(110,'DL_F14_096',383,'2015-05-19','2016-01-21','Dorte Schartau Rasmussen','Nørresundby Gymnasium & HF','dra@nghf.dk','2015-05-20','2015-09-17','125 µl EB','17.1','',0,NULL,'GymnasiumUV','2016-05-23 10:55:42','{ Excel }'),(111,'DL_F13_004',384,'2014-06-30','2014-10-08','Annemette Witt','Ribe Katedralskole','AM@ribekatedralskole.dk','2014-07-03','0000-00-00','','','',0,NULL,'GymnasiumUV','2016-05-23 10:55:42','{ Excel }'),(112,'DL_F13_004',385,'2014-06-30','2014-10-08','Annemette Witt','Ribe Katedralskole','AM@ribekatedralskole.dk','2014-07-03','0000-00-00','','','',0,NULL,'GymnasiumUV','2016-05-23 10:55:42','{ Excel }'),(113,'DL_F13_004',386,'2014-06-30','2014-10-08','Annemette Witt','Ribe Katedralskole','AM@ribekatedralskole.dk','2014-07-03','0000-00-00','','','',0,NULL,'GymnasiumUV','2016-05-23 10:55:43','{ Excel }'),(114,'DL_F15_091',387,'2016-04-12','2016-04-21','Katrine Skjøth','Virum Gymnasium','ar@edu.virum-gym.dk','0000-00-00','0000-00-00','125 µl EB','6.54','',0,NULL,'GymnasiumUV','2016-05-23 10:55:43','{ Excel }'),(115,'DL_F15_043_2',388,'2016-03-13','2016-03-30','Peter Jensen','Stenhus Gymnasium & HF','911jensen@gmail.com','2016-03-13','2016-03-16','125 µl EB','7.24','',0,NULL,'GymnasiumUV','2016-05-23 10:55:43','{ Excel }'),(116,'DL_F15_057',389,'2016-05-01','2016-05-18','Anfinn Joensen','Stenhus Gymnasium & HF','anfinn@gmail.com','2016-05-03','2016-05-10','125 µl EB','1.54','',0,NULL,'GymnasiumUV','2016-05-23 10:55:43','{ Excel }'),(117,'DL_F13_017_2',390,'2015-04-28','2015-05-13','Hans Marker','Sankt Annæ Gymnasium','hm@sag.dk','2015-04-29','2015-05-06','125 µl EB','6.84','',0,NULL,'GymnasiumUV','2016-05-23 10:55:43','{ Excel }'),(118,'DL_F15_004',391,'2015-08-31','2016-02-10','Merete Greniman','Munkensdam Gymnasium','mg@munkensdam.dk','0000-00-00','2015-12-10','40 µl EB','0.616','',0,NULL,'GymnasiumUV','2016-05-23 10:55:43','{ Excel }'),(119,'DL_F13_046_2',392,'2014-08-28','2015-03-11','Thomas Warner','Høje-Taastrup Gymnasium','tw@htgym.dk','2014-09-05','0000-00-00','','','',0,NULL,'GymnasiumUV','2016-05-23 10:55:43','{ Excel }'),(120,'DL_F14_065',393,'2015-07-08','2015-09-24','Tore Rubak','Hasseris Gymnasium','tr@hasseris-gym.dk','2015-07-09','2015-07-16','125 µl EB','6.04','',0,NULL,'GymnasiumUV','2016-05-23 10:55:43','{ Excel }'),(121,'DL_F13_021',394,'2014-08-13','2015-01-13','Natacha Bjerre','Gladsaxe Gymnasium','natachabjerre@gmail.com','2014-08-15','0000-00-00','','','',0,NULL,'GymnasiumUV','2016-05-23 10:55:43','{ Excel }'),(122,'DL_F15_017',395,'2015-09-04','2015-09-25','Tobias Frykman','Gladsaxe Gymnasium','tobiasfrykman@gmail.com','2015-09-11','2015-09-17','125 µl EB','62','',0,NULL,'GymnasiumUV','2016-05-23 10:55:44','{ Excel }'),(123,'DL_F14_100',396,'2015-06-20','2015-09-22','Grete Christiansen','Nykøbing Katedralskole','gc@nykgym.dk','2015-06-23','2015-07-16','125 µl EB','14.9','',0,NULL,'GymnasiumUV','2016-05-23 10:55:44','{ Excel }'),(124,'DL_F14_090',397,'2015-08-10','2015-09-18','Morten Jerris','FYNs HF-kursus','mrj@vucfyn.dk','0000-00-00','2015-08-25','125 µl EB','11.9','',0,NULL,'GymnasiumUV','2016-05-23 10:55:44','{ Excel }'),(125,'DL_F13_036',398,'2014-08-12','2014-12-12','Mariann Rasmussen','FYNs HF-kursus','mrm@vucfyn.dk','2014-08-14','0000-00-00','','','',0,NULL,'GymnasiumUV','2016-05-23 10:55:44','{ Excel }'),(126,'DL_F14_081_1',399,'2015-07-18','2015-09-09','Thomas Warner','Høje-Taastrup Gymnasium','tw@htgym.dk','2015-07-23','2015-08-17','125 µl EB','13.1','',0,NULL,'GymnasiumUV','2016-05-23 10:55:44','{ Excel }'),(127,'DL_F13_008',400,'2014-08-21','2014-10-10','Nanna Danneskiold-Samsøe','Gefion Gymnasium','nds@gefion-gym.dk','2014-08-22','0000-00-00','','','',0,NULL,'GymnasiumUV','2016-05-23 10:55:44','{ Excel }'),(128,'DL_F13_010',401,'2014-08-21','2014-10-29','Nanna Danneskiold-Samsøe','Gefion Gymnasium','nds@gefion-gym.dk','2014-08-26','0000-00-00','','','',0,NULL,'GymnasiumUV','2016-05-23 10:55:44','{ Excel }'),(129,'DL_F13_013',402,'2014-08-15','2014-11-06','Linda Schneider','Gefion Gymnasium','lsc@gefion-gym.dk','2014-08-21','0000-00-00','','','',0,NULL,'GymnasiumUV','2016-05-23 10:55:44','{ Excel }'),(130,'DL_F14_017',403,'2014-08-29','2014-12-18','Signe Engelsen','Gefion Gymnasium','sen@gefion-gym.dk','2014-09-09','0000-00-00','','','',0,NULL,'GymnasiumUV','2016-05-23 10:55:44','{ Excel }'),(131,'DL_F15_039',404,'2016-03-30','2016-04-08','Christian Riisager-Pedersen','Ingrid Jespersens Gymnasieskole','riisager-pedersen@hotmail.com','2016-03-30','2016-03-30','125 µl EB','12.2','',0,NULL,'GymnasiumUV','2016-05-23 10:55:44','{ Excel }'),(132,'DL_F13_046_1',405,'2014-08-27','2015-03-11','Thomas Warner','Høje-Taastrup Gymnasium','tw@htgym.dk','2014-08-28','0000-00-00','','','',0,NULL,'GymnasiumUV','2016-05-23 10:55:45','{ Excel }'),(133,'DL_F13_033',406,'2014-08-19','2015-03-06','Mette Lise Gade Nielsen','Svendborg Gymnasium & HF','mn@svendborg-gym.dk','2014-08-22','0000-00-00','','','',0,NULL,'GymnasiumUV','2016-05-23 10:55:45','{ Excel }'),(134,'DL_F14_106',407,'2015-07-18','2015-08-25','Peter Teglhøj','Svendborg Gymnasium & HF','pt@svendborg-gym.dk','2015-07-21','2015-07-27','125 µl EB','14.7','',0,NULL,'GymnasiumUV','2016-05-23 10:55:45','{ Excel }'),(135,'DL_F13_038',408,'2014-09-01','2014-10-23','Bent Nielsen','Københavns VUC','bn@kvuc.dk','2014-09-02','0000-00-00','','','',0,NULL,'GymnasiumUV','2016-05-23 10:55:45','{ Excel }'),(136,'DL_F13_005',409,'2014-06-30','2014-10-31','Vagn Rasmussen','Allerød Gymnasium','vra@mail.dk','2014-07-03','0000-00-00','','','',0,NULL,'GymnasiumUV','2016-05-23 10:55:45','{ Excel }'),(137,'DL_F14_78_1',410,'2015-06-08','2015-10-23','Rikke Anker Jensen','Egedal Gymnasium & HF','rj@egedal-gym.dk','2015-06-12','2015-06-24','125 µl EB','8.34','',0,NULL,'GymnasiumUV','2016-05-23 10:55:46','{ Excel }'),(138,'DL_F13_045',411,'2014-08-18','2014-11-20','Louise Lund Bækgaard','Allerød Gymnasium','louise.lund.baekgaard@skolekom.dk','2014-08-20','0000-00-00','','','',0,NULL,'GymnasiumUV','2016-05-23 10:55:46','{ Excel }'),(139,'DL_F13_037',412,'2014-08-25','2015-01-21','Vibeke Birkmann','Greve Gymnasium','ggvbi@greve-gym.dk','2014-08-28','0000-00-00','','','',0,NULL,'GymnasiumUV','2016-05-23 10:55:46','{ Excel }'),(140,'DL_F13_035',413,'2014-08-25','2015-03-10','Lone Vinkel','Greve Gymnasium','gglav@greve-gym.dk','2014-08-28','0000-00-00','','','',0,NULL,'GymnasiumUV','2016-05-23 10:55:46','{ Excel }'),(141,'DL_F14_56_1',414,'2015-05-06','2015-05-19','Kenneth Beri Ploug','Greve Gymnasium','ggkbp@greve-gym.dk','2015-05-12','2015-05-12','125 µl EB','28.6','',0,NULL,'GymnasiumUV','2016-05-23 10:55:47','{ Excel }'),(142,'DL_F14_093',415,'2015-05-21','2015-05-29','Kasper Kristiansen','Rysensteen Gymnasium','kk@rysensteen.dk','2015-05-22','2015-05-26','125 µl EB','2.46','',0,NULL,'GymnasiumUV','2016-05-23 10:55:47','{ Excel }'),(143,'DL_F14_087',416,'2015-09-19','2016-02-24','Peter Toft','Frederiksberg Gymnasium','pt@frederiksberggymnasium.dk','2015-10-02','2015-10-05','125 µl EB','','',0,NULL,'GymnasiumUV','2016-05-23 10:55:47','{ Excel }'),(144,'DL_F14_108',417,'2015-06-26','2015-09-30','Sofie Brix','Høje-Taastrup Gymnasium','Sofieab@gmail.com','2015-07-17','2015-07-27','125 µl EB','65.8','',0,NULL,'GymnasiumUV','2016-05-23 10:55:48','{ Excel }'),(145,'DL_F15_079',418,'2016-04-20','2016-05-17','Jette Eibye-Jacobsen','Birkerød Gymnasium - HF - IB & Kostskole','ei@birke-gym.dk','2016-04-25','2016-04-26','125 µl EB','2.38','',0,NULL,'GymnasiumUV','2016-05-23 10:55:48','{ Excel }'),(146,'DL_F14_107',419,'2015-08-21','2015-10-06','Mikala Winther Voldby','Skanderborg Gymnasium','vv@skanderborg-gym.dk','0000-00-00','2015-09-28','125 µl EB','2.04','',0,NULL,'GymnasiumUV','2016-05-23 10:55:48','{ Excel }'),(147,'DL_F14_049',420,'2015-04-28','2015-05-05','Marie Kvist Bondesen','Køge Private Realskole, Gymnasium','mariebondesen@gmail.com','2015-04-28','2015-04-29','125 µl EB','5.1','',0,NULL,'GymnasiumUV','2016-05-23 10:55:48','{ Excel }'),(148,'DL_F15_023',421,'2015-05-15','2015-11-12','Jeppe Mordhorst','Vordingborg Gymnasium & HF','jm@vordingborg-gym.dk','0000-00-00','2015-10-05','125 µl EB','1.19','',0,NULL,'GymnasiumUV','2016-05-23 10:55:49','{ Excel }'),(149,'DL_F14_09',422,'2014-08-27','2015-02-26','Ole Carsten Pedersen','Helsingør Gymnasium','oc@hels-gym.dk','0000-00-00','0000-00-00','','','',0,NULL,'GymnasiumUV','2016-05-23 10:55:49','{ Excel }'),(150,'DL_F15_008',423,'2015-11-02','2015-11-24','Hanne Juhl','Københavns Tekniske Skole, HTX Vibenhus','hju@kts.dk','2015-11-05','2015-11-16','125 µl EB','12.5','',0,NULL,'GymnasiumUV','2016-05-23 10:55:49','{ Excel }'),(151,'DL_F14_56_2',424,'2015-05-12','2015-05-19','Kenneth Beri Ploug','Greve Gymnasium','ggkbp@greve-gym.dk','2015-05-12','2015-05-12','125 µl EB','6.42','',0,NULL,'GymnasiumUV','2016-05-23 10:55:49','{ Excel }'),(152,'DL_F14_004',425,'2014-08-26','2015-01-22','Nadja Ramseyer','Stenhus Gymnasium & HF','nramseyer@gmail.com','2014-09-02','0000-00-00','','','',0,NULL,'GymnasiumUV','2016-05-23 10:55:50','{ Excel }'),(153,'DL_F15_014',426,'2015-09-09','2016-01-28','Kristian Poulsen','Køge Gymnasium','kgkp@kggym.dk','2015-09-18','2015-12-10','125 µl EB','15.4','',0,NULL,'GymnasiumUV','2016-05-23 10:55:50','{ Excel }'),(154,'DL_F15_010_1',427,'2016-04-03','2016-04-19','Torben Hviid','Marselisborg Gymnasium','th@marselisborg-gym.dk','2016-04-06','0000-00-00','125 µl EB','3.7','',0,NULL,'GymnasiumUV','2016-05-23 10:55:50','{ Excel }'),(155,'DL_aTest07',428,'2014-08-27','2014-10-01','Jan Østrup','Ørestad Gymnasium','jan@oegnet.dk','2014-09-01','0000-00-00','','','',0,NULL,'GymnasiumUV','2016-05-23 10:55:50','{ Excel }'),(156,'DL_F13_005',429,'2014-06-30','2014-10-31','Vagn Rasmussen','Allerød Gymnasium','vra@mail.dk','0000-00-00','0000-00-00','','','',0,NULL,'GymnasiumUV','2016-05-23 10:55:50','{ Excel }'),(157,'DL_aTest06',430,'2014-09-02','2014-09-26','Hanne Strunge','Falkonergårdens Gymnasium og HF-Kursus','hs@falgoo.dk','2014-09-05','0000-00-00','','','',0,NULL,'GymnasiumUV','2016-05-23 10:55:50','{ Excel }'),(158,'DL_F14_78_2',431,'2015-06-08','2015-10-23','Rikke Anker Jensen','Egedal Gymnasium & HF','rj@egedal-gym.dk','2015-06-16','2015-06-24','125 µl EB','7.28','',0,NULL,'GymnasiumUV','2016-05-23 10:55:50','{ Excel }'),(159,'DL_F13_020',432,'2014-08-21','2014-10-28','Jette Feld','Christianshavns Gymnasium','jf@cg-gym.dk','2014-08-25','0000-00-00','','','',0,NULL,'GymnasiumUV','2016-05-23 10:55:51','{ Excel }'),(160,'DL_F13_015',433,'2014-08-20','2014-11-07','Ida Thingstrup','Roskilde Gymnasium','rgit@roskilde-gym.dk','2014-08-21','0000-00-00','','','',0,NULL,'GymnasiumUV','2016-05-23 10:55:51','{ Excel }'),(161,'DL_F14_092',434,'2015-05-12','2015-08-27','Finn Vanman Jørgensen','Københavns åbne Gymnasium','fv@kg.dk','2015-05-15','2015-07-07','125 µl EB','23.4','',0,NULL,'GymnasiumUV','2016-05-23 10:55:51','{ Excel }'),(162,'DL_F15_031_3',435,'2015-11-11','2015-11-18','Caroline Ledertoug Kahn','SRP-elever, Borupgaard Gym','caro_kahn@hotmail.com','2015-11-16','2015-11-16','125 µl EB','2.34','',0,NULL,'GymnasiumUV','2016-05-23 10:55:51','{ Excel }'),(163,'DL_F14_079',436,'2015-04-27','2015-05-22','Peter Rostgaard Christensen','Erhvervsskolen Nordsjælland, HTX Hillerø','prc@esnord.dk','2015-04-28','2015-04-29','125 µl EB','9.8','',0,NULL,'GymnasiumUV','2016-05-23 10:55:51','{ Excel }'),(164,'DL_F14_084',437,'2015-06-09','2015-10-01','Torsten Ingerslev','Frederiksborg Gymnasium og HF','torsten.ingerslev@gmail.com','2015-06-12','2015-06-24','125 µl EB','3.52','',0,NULL,'GymnasiumUV','2016-05-23 10:55:51','{ Excel }'),(165,'DL_F15_068',438,'2016-04-14','2016-05-03','Gabriel Bjerre','Erhvervsskolen Nordsjælland, HTX Hillerø','gbj@esnord.dk','2016-04-20','2016-04-26','125 µl EB','95.2','',0,NULL,'GymnasiumUV','2016-05-23 10:55:51','{ Excel }'),(166,'DL_F15_069',439,'2016-04-14','2016-05-04','Maria Rentsch','Erhvervsskolen Nordsjælland, HTX Hillerø','mare@esnord.dk','2016-04-20','2016-04-26','125 µl EB','10.3','',0,NULL,'GymnasiumUV','2016-05-23 10:55:51','{ Excel }'),(167,'DL_F14_006',440,'2014-08-13','2014-12-17','Malthe Lund','Allerød Gymnasium','malthelund@gmail.com','2014-08-14','0000-00-00','','','',0,NULL,'GymnasiumUV','2016-05-23 10:55:52','{ Excel }'),(168,'DL_F13_024',441,'2014-09-09','2014-11-11','Frederikke Tom-Petersen','Selandia, HTX','frto@sceu.dk','2014-09-11','0000-00-00','','','',0,NULL,'GymnasiumUV','2016-05-23 10:55:52','{ Excel }'),(169,'DL_F14_074',442,'2015-07-10','2015-08-28','Bente Lerner Bregnbak','Frederiksværk Gymnasium og HF','bb@fvgh.dk','2015-07-13','2015-07-16','125 µl EB','12.6','',0,NULL,'GymnasiumUV','2016-05-23 10:55:52','{ Excel }'),(170,'DL_F14_042_2',443,'2015-04-10','2015-04-24','Frank Grønlund Jørgensen','Tørring Gymnasium','fg@toerring-gym.dk','2015-04-17','2015-04-21','125 µl EB','24','',0,NULL,'GymnasiumUV','2016-05-23 10:55:52','{ Excel }'),(171,'DL_F14_062',444,'2015-04-20','2015-05-08','Morten Wermer','Gribskov Gymnasium','mw@gribskovgymnasium.dk','2015-04-24','2015-04-27','125 µl EB','17.9','',0,NULL,'GymnasiumUV','2016-05-23 10:55:52','{ Excel }'),(172,'DL_aTest01',445,'2014-08-18','2014-09-17','Bo Kildeager','Gammel Hellerup Gymnasium','bk@ghg.dk','2014-08-19','2014-08-26','2 x 50 µl EB','','',0,NULL,'GymnasiumUV','2016-05-23 10:55:52','{ Excel }'),(173,'DL_F14_015',446,'2014-09-01','2015-01-16','Helle Nielsen','Nørre Gymnasium','ni@norreg.dk','2014-09-05','0000-00-00','','','',0,NULL,'GymnasiumUV','2016-05-23 10:55:52','{ Excel }'),(174,'DL_F14_061',447,'2015-05-07','2015-05-21','Rasmus Andreasen','Christianshavns Gymnasium','ra@cg-gym.dk','2015-05-08','2015-05-12','125 µl EB','25.6','',0,NULL,'GymnasiumUV','2016-05-23 10:55:52','{ Excel }'),(175,'DL_GYM_018',448,'2016-03-15','2016-03-29','Bo Kildeager','Gammel Hellerup Gymnasium','bk@ghg.dk','0000-00-00','0000-00-00','','','',0,NULL,'GymnasiumUV','2016-05-23 10:55:53','{ Excel }'),(176,'DL_F14_011',449,'2014-08-27','2015-01-27','Knud Johnsen','Rungsted Gymnasium','jo@rungsted-gym.dk','2014-09-01','0000-00-00','','','',0,NULL,'GymnasiumUV','2016-05-23 10:55:53','{ Excel }'),(177,'DL_F14_095',450,'2015-05-18','2015-11-20','Knud Johnsen','Rungsted Gymnasium','jo@rungsted-gym.dk','2015-05-19','2015-09-17','125 µl EB','20','',0,NULL,'GymnasiumUV','2016-05-23 10:55:53','{ Excel }'),(178,'DL_F14_105',451,'2016-03-15','2016-04-12','Pia Lassen','Thisted Gymnasium','pl@thisted-gymnasium.dk','2016-03-28','2016-04-05','125 µl EB','0.772','',0,NULL,'GymnasiumUV','2016-05-23 10:55:53','{ Excel }'),(179,'DL_F14_110',452,'2015-05-31','2015-10-07','Marie Eiland','Køge Gymnasium','kgme@kggym.dk','0000-00-00','2015-07-27','125 µl EB','3.38','',0,NULL,'GymnasiumUV','2016-05-23 10:55:54','{ Excel }'),(180,'DL_F15_021',453,'2015-09-21','2015-12-11','Helle Jarden','Nærum Gymnasium','hj@nagym.dk','0000-00-00','2015-10-21','125 µl EB','48.8','',0,NULL,'GymnasiumUV','2016-05-23 10:55:54','{ Excel }'),(181,'DL_F13_042',454,'2014-08-29','2014-11-19','Kristian Poulsen','Køge Gymnasium','kgkp@kggym.dk','2014-09-17','0000-00-00','','','',0,NULL,'GymnasiumUV','2016-05-23 10:55:55','{ Excel }'),(182,'DL_F14_101',455,'2015-09-14','2015-10-29','Lone Kjærby Rasmussen','Rosborg Gymnasium & HF','lr@rosborg-gym.dk','2015-09-15','2015-09-17','125 µl EB','5.38','',0,NULL,'GymnasiumUV','2016-05-23 10:55:55','{ Excel }'),(183,'DL_F14_014',456,'2014-09-04','2015-04-29','Martin Mejlhede Jensen','Københavns Åbne Gymnasium','mt@kg.dk','2014-09-12','0000-00-00','','','',0,NULL,'GymnasiumUV','2016-05-23 10:55:56','{ Excel }'),(184,'DL_F14_046',457,'2015-04-23','2015-05-12','Åse Uttenthal','Vordingborg Gymnasium & HF','aau@vordingborg-gym.dk','2015-04-27','2015-04-29','125 µl EB','14.9','',0,NULL,'GymnasiumUV','2016-05-23 10:55:56','{ Excel }'),(185,'DL_F15_088',458,'2016-03-30','2016-04-15','Henrik Kofoed Svendsen','Bornholms Gymnasium','haks@cabh.dk','2016-04-05','2016-04-05','125 µl EB','10.8','',0,NULL,'GymnasiumUV','2016-05-23 10:55:56','{ Excel }'),(186,'DL_SNM_2014_0001',459,'2014-07-27','0000-00-00','Katja Toft','Statens Naturhistoriske Museum','ktoft@snm.ku.dk','0000-00-00','2014-08-26','2 x 50 µl EB','','',0,NULL,'SNM2014','2016-05-23 10:55:56','{ Excel }'),(187,'DL_SNM_2014_0002',460,'2014-07-24','0000-00-00','Leise Fjeldberg','Statens Naturhistoriske Museum','','0000-00-00','2014-08-26','2 x 50 µl EB','','',0,NULL,'SNM2014','2016-05-23 10:55:56','{ Excel }'),(188,'DL_SNM_2014_0003',461,'2014-07-24','0000-00-00','Leise Fjeldberg','Statens Naturhistoriske Museum','','0000-00-00','2014-08-26','2 x 50 µl EB','','',0,NULL,'SNM2014','2016-05-23 10:55:56','{ Excel }'),(189,'DL_SNM_2014_0004',462,'2014-08-12','0000-00-00','Jonas Septrup Sørensen','Statens Naturhistoriske Museum','jonas.sorensen@snm.ku.dk','2014-08-13','2014-08-26','2 x 50 µl EB','','',0,NULL,'SNM2014','2016-05-23 10:55:56','{ Excel }'),(190,'DL_SNM_2014_0005',463,'2014-05-30','0000-00-00','Kirstine Bohmann','Statens Naturhistoriske Museum','Kristinebohmann@gmail.com','2014-06-02','2014-08-26','2 x 50 µl EB','','',0,NULL,'SNM2014','2016-05-23 10:55:56','{ Excel }'),(191,'DL_SNM_2014_0006',464,'2014-07-03','0000-00-00','Christian Lange','Statens Naturhistoriske Museum','christianl@snm.ku.dk','2014-07-09','2014-08-26','2 x 50 µl EB','','',0,NULL,'SNM2014','2016-05-23 10:55:57','{ Excel }'),(192,'DL_SNM_2014_0007',465,'2014-07-16','0000-00-00','Keld Jyding Vennervald','Statens Naturhistoriske Museum','','0000-00-00','2014-08-26','2 x 50 µl EB','','',0,NULL,'SNM2014','2016-05-23 10:55:57','{ Excel }'),(193,'DL_SNM_2014_0008',466,'2014-08-02','0000-00-00','Pernille Selmer Olsen','Statens Naturhistoriske Museum','pvsolsen@snm.ku.dk','0000-00-00','2014-08-26','2 x 50 µl EB','','',0,NULL,'SNM2014','2016-05-23 10:55:57','{ Excel }'),(194,'DL_SNM_2014_0009',467,'2014-06-29','0000-00-00','Tina Brand','Statens Naturhistoriske Museum','tbbrand@snm.ku.dk','0000-00-00','2014-08-26','2 x 50 µl EB','','',0,NULL,'SNM2014','2016-05-23 10:55:57','{ Excel }'),(195,'DL_SNM_2014_0010',468,'2014-07-04','0000-00-00','Christian Lange','Statens Naturhistoriske Museum','christianl@snm.ku.dk','2014-07-09','2014-08-26','2 x 50 µl EB','','',0,NULL,'SNM2014','2016-05-23 10:55:57','{ Excel }'),(196,'DL_SNM_2014_0011',469,'2014-05-31','0000-00-00','Kirstine Bohmann','Statens Naturhistoriske Museum','Kristinebohmann@gmail.com','2014-06-02','2014-08-26','2 x 50 µl EB','','',0,NULL,'SNM2014','2016-05-23 10:55:57','{ Excel }'),(197,'DL_SNM_2014_0012',470,'2014-07-05','0000-00-00','Christian Lange','Statens Naturhistoriske Museum','christianl@snm.ku.dk','2014-07-09','2014-08-29','2 x 30 µl H2O','','',0,NULL,'SNM2014','2016-05-23 10:55:57','{ Excel }'),(198,'DL_SNM_2014_0013',471,'2014-06-20','0000-00-00','Jesper Johannes Madsen','Statens Naturhistoriske Museum','jjmadsen@snm.ku.dk','0000-00-00','2014-08-29','2 x 30 µl H2O','','',0,NULL,'SNM2014','2016-05-23 10:55:57','{ Excel }'),(199,'DL_SNM_2014_0014',472,'2014-07-31','0000-00-00','Pernille Selmer Olsen','Statens Naturhistoriske Museum','pvsolsen@snm.ku.dk','0000-00-00','2014-08-29','2 x 30 µl H2O','','',0,NULL,'SNM2014','2016-05-23 10:55:57','{ Excel }'),(200,'DL_SNM_2014_0015',473,'2014-07-16','0000-00-00','Keld Jyding Vennervald','Statens Naturhistoriske Museum','','0000-00-00','2014-08-29','2 x 30 µl H2O','','',0,NULL,'SNM2014','2016-05-23 10:55:58','{ Excel }'),(201,'DL_SNM_2014_0016',474,'2014-06-10','0000-00-00','Charlotte Hansen','Statens Naturhistoriske Museum','charloth@snm.ku.dk','0000-00-00','2014-08-29','2 x 30 µl H2O','','',0,NULL,'SNM2014','2016-05-23 10:55:58','{ Excel }'),(202,'DL_SNM_2014_0017',475,'2014-06-10','0000-00-00','Charlotte Hansen','Statens Naturhistoriske Museum','charloth@snm.ku.dk','0000-00-00','2014-08-29','2 x 30 µl H2O','','',0,NULL,'SNM2014','2016-05-23 10:55:58','{ Excel }'),(203,'DL_SNM_2014_0018',476,'2014-05-31','0000-00-00','Kirstine Bohmann','Statens Naturhistoriske Museum','Kristinebohmann@gmail.com','2014-06-02','2014-08-29','2 x 30 µl H2O','','',0,NULL,'SNM2014','2016-05-23 10:55:58','{ Excel }'),(204,'DL_SNM_2014_0019',477,'2014-07-16','0000-00-00','Camilla Albech Kleis','Statens Naturhistoriske Museum','camilla.kleis@snm.ku.dk','0000-00-00','2014-08-29','2 x 30 µl H2O','','',0,NULL,'SNM2014','2016-05-23 10:55:58','{ Excel }'),(205,'DL_SNM_2014_0020',478,'2014-06-01','0000-00-00','Pernille Hjort','Statens Naturhistoriske Museum','phjort@snm.ku.dk','2014-06-02','2014-08-29','2 x 30 µl H2O','','',0,NULL,'SNM2014','2016-05-23 10:55:58','{ Excel }'),(206,'DL_SNM_2014_0021',479,'2014-06-09','2015-04-21','Christina Dahl','Statens Naturhistoriske Museum','cmdahl@snm.ku.dk','2014-06-09','2014-08-29','2 x 30 µl H2O','','',0,NULL,'SNM2014','2016-05-23 10:55:58','{ Excel }'),(207,'DL_SNM_2014_0022',480,'2014-05-25','0000-00-00','Marie Ratchke Lillemark','Statens Naturhistoriske Museum','marie.lillemark@snm.ku.dk','0000-00-00','2014-08-29','2 x 30 µl H2O','','',0,NULL,'SNM2014','2016-05-23 10:55:58','{ Excel }'),(208,'DL_SNM_2014_0023',481,'2014-06-21','0000-00-00','Jesper Johannes Madsen','Statens Naturhistoriske Museum','jjmadsen@snm.ku.dk','0000-00-00','2014-08-29','2 x 30 µl H2O','','',0,NULL,'SNM2014','2016-05-23 10:55:59','{ Excel }'),(209,'DL_SNM_2014_0024',482,'2014-07-14','0000-00-00','Hans Kofod','Statens Naturhistoriske Museum','hk@cagb.dk','2014-07-17','2014-08-29','2 x 30 µl H2O','','',0,NULL,'SNM2014','2016-05-23 10:55:59','{ Excel }'),(210,'DL_SNM_2014_0025',483,'2014-08-08','0000-00-00','Mette Wenøe','Statens Naturhistoriske Museum','mette.wenoe@snm.ku.dk','2014-08-20','0000-00-00','','','',0,NULL,'SNM2014','2016-05-23 10:55:59','{ Excel }'),(211,'DL_SNM_2014_0026',484,'2014-07-27','0000-00-00','Nina Rønsted','Statens Naturhistoriske Museum','nronsted@snm.ku.dk','2014-08-18','0000-00-00','','','',0,NULL,'SNM2014','2016-05-23 10:55:59','{ Excel }'),(212,'DL_SNM_2014_0027',485,'2014-08-19','0000-00-00','Mia Bjørg Stolberg Olsen','Statens Naturhistoriske Museum','hps648@alumni.ku.dk','2014-08-21','0000-00-00','','','',0,NULL,'SNM2014','2016-05-23 10:55:59','{ Excel }'),(213,'DL_SNM_2014_0028',486,'2014-08-19','0000-00-00','Mia Bjørg Stolberg Olsen','Statens Naturhistoriske Museum','hps648@alumni.ku.dk','2014-08-21','0000-00-00','','','',0,NULL,'SNM2014','2016-05-23 10:55:59','{ Excel }'),(214,'DL_SNM_2014_0029',487,'2014-08-19','0000-00-00','Mia Bjørg Stolberg Olsen','Statens Naturhistoriske Museum','hps648@alumni.ku.dk','2014-08-21','0000-00-00','','','',0,NULL,'SNM2014','2016-05-23 10:56:00','{ Excel }'),(215,'DL_SNM_2014_0030',488,'2014-08-25','0000-00-00','Mattias Lange Nielsen','Statens Naturhistoriske Museum','mattias.nielsen@snm.ku.dk','2014-08-25','0000-00-00','','','',0,NULL,'SNM2014','2016-05-23 10:56:00','{ Excel }'),(216,'DL_SNM_2014_0031',489,'2014-08-24','0000-00-00','Kristian Gregersen','Statens Naturhistoriske Museum','kgregersen@snm.ku.dk','2014-08-26','0000-00-00','','','',0,NULL,'SNM2014','2016-05-23 10:56:00','{ Excel }'),(217,'DL_SNM_2014_0032',490,'2014-08-24','0000-00-00','Kristian Gregersen','Statens Naturhistoriske Museum','kgregersen@snm.ku.dk','2014-08-26','0000-00-00','','','',0,NULL,'SNM2014','2016-05-23 10:56:00','{ Excel }'),(218,'DL_SNM_2014_0033',491,'2014-08-24','0000-00-00','Kristian Gregersen','Statens Naturhistoriske Museum','kgregersen@snm.ku.dk','2014-08-26','0000-00-00','','','',0,NULL,'SNM2014','2016-05-23 10:56:00','{ Excel }'),(219,'DL_SNM_2014_0034',492,'2014-08-23','0000-00-00','Maja Balle','Statens Naturhistoriske Museum','maja.balle@snm.ku.dk','2014-08-27','0000-00-00','','','',0,NULL,'SNM2014','2016-05-23 10:56:00','{ Excel }'),(220,'DL_SNM_2014_0035',493,'2014-08-23','0000-00-00','Maja Balle','Statens Naturhistoriske Museum','maja.balle@snm.ku.dk','2014-08-27','0000-00-00','','','',0,NULL,'SNM2014','2016-05-23 10:56:01','{ Excel }'),(221,'DL_SNM_2014_0036',494,'2014-08-23','0000-00-00','Maja Balle','Statens Naturhistoriske Museum','maja.balle@snm.ku.dk','2014-08-27','0000-00-00','','','',0,NULL,'SNM2014','2016-05-23 10:56:01','{ Excel }'),(222,'DL_SNM_2014_0037',495,'2014-08-24','0000-00-00','Maja Balle','Statens Naturhistoriske Museum','maja.balle@snm.ku.dk','2014-08-27','0000-00-00','','','',0,NULL,'SNM2014','2016-05-23 10:56:01','{ Excel }'),(223,'DL_SNM_2014_0038A',496,'2014-08-23','0000-00-00','Vært Nina & Kristian','Statens Naturhistoriske Museum','akelager@snm.ku.dk','2014-08-23','0000-00-00','','','',0,NULL,'SNM2014','2016-05-23 10:56:01','{ Excel }'),(224,'DL_SNM_2014_0038B',497,'2014-08-23','0000-00-00','Vært Nina & Kristian','Statens Naturhistoriske Museum','akelager@snm.ku.dk','2014-08-23','0000-00-00','','','',0,NULL,'SNM2014','2016-05-23 10:56:01','{ Excel }'),(225,'DL_SNM_2014_0038C',498,'2014-08-23','0000-00-00','Vært Nina & Kristian','Statens Naturhistoriske Museum','akelager@snm.ku.dk','2014-08-23','0000-00-00','','','',0,NULL,'SNM2014','2016-05-23 10:56:01','{ Excel }'),(226,'DL_SNM_2014_0038D',499,'2014-08-23','0000-00-00','Vært Nina & Kristian','Statens Naturhistoriske Museum','akelager@snm.ku.dk','2014-08-23','0000-00-00','','','',0,NULL,'SNM2014','2016-05-23 10:56:01','{ Excel }'),(227,'DL_SNM_2014_0039A',500,'2014-08-23','0000-00-00','Vært Nina & Kristian','Statens Naturhistoriske Museum','akelager@snm.ku.dk','2014-08-23','0000-00-00','','','',0,NULL,'SNM2014','2016-05-23 10:56:01','{ Excel }'),(228,'DL_SNM_2014_0039A',501,'2014-08-23','0000-00-00','Vært Nina & Kristian','Statens Naturhistoriske Museum','akelager@snm.ku.dk','2014-08-23','0000-00-00','','','',0,NULL,'SNM2014','2016-05-23 10:56:01','{ Excel }'),(229,'DL_SNM_2014_0039B',502,'2014-08-23','0000-00-00','Vært Nina & Kristian','Statens Naturhistoriske Museum','akelager@snm.ku.dk','2014-08-23','0000-00-00','','','',0,NULL,'SNM2014','2016-05-23 10:56:02','{ Excel }'),(230,'DL_SNM_2014_0039C',503,'2014-08-23','0000-00-00','Vært Nina & Kristian','Statens Naturhistoriske Museum','akelager@snm.ku.dk','2014-08-23','0000-00-00','','','',0,NULL,'SNM2014','2016-05-23 10:56:02','{ Excel }'),(231,'DL_SNM_2014_0040A',504,'2014-08-23','0000-00-00','Vært Nina & Kristian','Statens Naturhistoriske Museum','akelager@snm.ku.dk','2014-08-23','0000-00-00','','','',0,NULL,'SNM2014','2016-05-23 10:56:02','{ Excel }'),(232,'DL_SNM_2014_0040B',505,'2014-08-23','0000-00-00','Vært Nina & Kristian','Statens Naturhistoriske Museum','akelager@snm.ku.dk','2014-08-23','0000-00-00','','','',0,NULL,'SNM2014','2016-05-23 10:56:02','{ Excel }'),(233,'DL_SNM_2014_0040C',506,'2014-08-23','0000-00-00','Vært Nina & Kristian','Statens Naturhistoriske Museum','akelager@snm.ku.dk','2014-08-23','0000-00-00','','','',0,NULL,'SNM2014','2016-05-23 10:56:02','{ Excel }'),(234,'DL_SNM_2014_0040D',507,'2014-08-23','0000-00-00','Vært Nina & Kristian','Statens Naturhistoriske Museum','akelager@snm.ku.dk','2014-08-23','0000-00-00','','','',0,NULL,'SNM2014','2016-05-23 10:56:02','{ Excel }'),(235,'DL_SNM_2014_0041A',508,'2014-08-23','0000-00-00','Vært Nina & Kristian','Statens Naturhistoriske Museum','akelager@snm.ku.dk','2014-08-23','0000-00-00','','','',0,NULL,'SNM2014','2016-05-23 10:56:02','{ Excel }'),(236,'DL_SNM_2014_0041B',509,'2014-08-23','0000-00-00','Vært Nina & Kristian','Statens Naturhistoriske Museum','akelager@snm.ku.dk','2014-08-23','0000-00-00','','','',0,NULL,'SNM2014','2016-05-23 10:56:02','{ Excel }'),(237,'DL_SNM_2014_0041C',510,'2014-08-23','0000-00-00','Vært Nina & Kristian','Statens Naturhistoriske Museum','akelager@snm.ku.dk','2014-08-23','0000-00-00','','','',0,NULL,'SNM2014','2016-05-23 10:56:02','{ Excel }'),(238,'DL_SNM_2014_0041D',511,'2014-08-23','0000-00-00','Vært Nina & Kristian','Statens Naturhistoriske Museum','akelager@snm.ku.dk','2014-08-23','0000-00-00','','','',0,NULL,'SNM2014','2016-05-23 10:56:03','{ Excel }'),(239,'DL_SNM_2014_0042A',512,'2014-08-23','0000-00-00','Vært Nina & Kristian','Statens Naturhistoriske Museum','akelager@snm.ku.dk','2014-08-23','0000-00-00','','','',0,NULL,'SNM2014','2016-05-23 10:56:03','{ Excel }'),(240,'DL_SNM_2014_0042B',513,'2014-08-23','0000-00-00','Vært Nina & Kristian','Statens Naturhistoriske Museum','akelager@snm.ku.dk','2014-08-23','0000-00-00','','','',0,NULL,'SNM2014','2016-05-23 10:56:03','{ Excel }'),(241,'DL_SNM_2014_0042C',514,'2014-08-23','0000-00-00','Vært Nina & Kristian','Statens Naturhistoriske Museum','akelager@snm.ku.dk','2014-08-23','0000-00-00','','','',0,NULL,'SNM2014','2016-05-23 10:56:03','{ Excel }'),(242,'DL_SNM_2014_0042D',515,'2014-08-23','0000-00-00','Vært Nina & Kristian','Statens Naturhistoriske Museum','akelager@snm.ku.dk','2014-08-23','0000-00-00','','','',0,NULL,'SNM2014','2016-05-23 10:56:03','{ Excel }'),(243,'DL_SNM_2014_0043A',516,'2014-08-23','0000-00-00','Vært Nina & Kristian','Statens Naturhistoriske Museum','akelager@snm.ku.dk','2014-08-23','0000-00-00','','','',0,NULL,'SNM2014','2016-05-23 10:56:03','{ Excel }'),(244,'DL_SNM_2014_0043B',517,'2014-08-23','0000-00-00','Vært Nina & Kristian','Statens Naturhistoriske Museum','akelager@snm.ku.dk','2014-08-23','0000-00-00','','','',0,NULL,'SNM2014','2016-05-23 10:56:03','{ Excel }'),(245,'DL_SNM_2014_0043C',518,'2014-08-23','0000-00-00','Vært Nina & Kristian','Statens Naturhistoriske Museum','akelager@snm.ku.dk','2014-08-23','0000-00-00','','','',0,NULL,'SNM2014','2016-05-23 10:56:03','{ Excel }'),(246,'DL_SNM_2014_0043D',519,'2014-08-23','0000-00-00','Vært Nina & Kristian','Statens Naturhistoriske Museum','akelager@snm.ku.dk','2014-08-23','0000-00-00','','','',0,NULL,'SNM2014','2016-05-23 10:56:03','{ Excel }'),(247,'DL_SNM_2014_0044A',520,'2014-08-24','0000-00-00','Vært Simone & Kristian','Statens Naturhistoriske Museum','akelager@snm.ku.dk','2014-08-24','0000-00-00','','','',0,NULL,'SNM2014','2016-05-23 10:56:04','{ Excel }'),(248,'DL_SNM_2014_0044B',521,'2014-08-24','0000-00-00','Vært Simone & Kristian','Statens Naturhistoriske Museum','akelager@snm.ku.dk','2014-08-24','0000-00-00','','','',0,NULL,'SNM2014','2016-05-23 10:56:04','{ Excel }'),(249,'DL_SNM_2014_0044C',522,'2014-08-24','0000-00-00','Vært Simone & Kristian','Statens Naturhistoriske Museum','akelager@snm.ku.dk','2014-08-24','0000-00-00','','','',0,NULL,'SNM2014','2016-05-23 10:56:04','{ Excel }'),(250,'DL_SNM_2014_0044D',523,'2014-08-24','0000-00-00','Vært Simone & Kristian','Statens Naturhistoriske Museum','akelager@snm.ku.dk','2014-08-24','0000-00-00','','','',0,NULL,'SNM2014','2016-05-23 10:56:04','{ Excel }'),(251,'DL_SNM_2014_0045A',524,'2014-08-24','0000-00-00','Vært Simone & Kristian','Statens Naturhistoriske Museum','akelager@snm.ku.dk','2014-08-24','0000-00-00','','','',0,NULL,'SNM2014','2016-05-23 10:56:05','{ Excel }'),(252,'DL_SNM_2014_0045B',525,'2014-08-24','0000-00-00','Vært Simone & Kristian','Statens Naturhistoriske Museum','akelager@snm.ku.dk','2014-08-24','0000-00-00','','','',0,NULL,'SNM2014','2016-05-23 10:56:05','{ Excel }'),(253,'DL_SNM_2014_0046A',526,'2014-08-24','0000-00-00','Vært Simone & Kristian','Statens Naturhistoriske Museum','akelager@snm.ku.dk','2014-08-24','0000-00-00','','','',0,NULL,'SNM2014','2016-05-23 10:56:05','{ Excel }'),(254,'DL_SNM_2014_0046B',527,'2014-08-24','0000-00-00','Vært Simone & Kristian','Statens Naturhistoriske Museum','akelager@snm.ku.dk','2014-08-24','0000-00-00','','','',0,NULL,'SNM2014','2016-05-23 10:56:05','{ Excel }'),(255,'DL_SNM_2014_0046C',528,'2014-08-24','0000-00-00','Vært Simone & Kristian','Statens Naturhistoriske Museum','akelager@snm.ku.dk','2014-08-24','0000-00-00','','','',0,NULL,'SNM2014','2016-05-23 10:56:05','{ Excel }'),(256,'DL_SNM_2014_0046D',529,'2014-08-24','0000-00-00','Vært Simone & Kristian','Statens Naturhistoriske Museum','akelager@snm.ku.dk','2014-08-24','0000-00-00','','','',0,NULL,'SNM2014','2016-05-23 10:56:06','{ Excel }'),(257,'DL_SNM_2014_0047A',530,'2014-08-24','0000-00-00','Vært Simone & Kristian','Statens Naturhistoriske Museum','akelager@snm.ku.dk','2014-08-24','0000-00-00','','','',0,NULL,'SNM2014','2016-05-23 10:56:06','{ Excel }'),(258,'DL_SNM_2014_0047B',531,'2014-08-24','0000-00-00','Vært Simone & Kristian','Statens Naturhistoriske Museum','akelager@snm.ku.dk','2014-08-24','0000-00-00','','','',0,NULL,'SNM2014','2016-05-23 10:56:06','{ Excel }'),(259,'DL_SNM_2014_0047C',532,'2014-08-24','0000-00-00','Vært Simone & Kristian','Statens Naturhistoriske Museum','akelager@snm.ku.dk','2014-08-24','0000-00-00','','','',0,NULL,'SNM2014','2016-05-23 10:56:06','{ Excel }'),(260,'DL_SNM_2014_0047D',533,'2014-08-24','0000-00-00','Vært Simone & Kristian','Statens Naturhistoriske Museum','akelager@snm.ku.dk','2014-08-24','0000-00-00','','','',0,NULL,'SNM2014','2016-05-23 10:56:06','{ Excel }'),(261,'DL_SNM_2014_0048A',534,'2014-08-24','0000-00-00','Vært Simone & Kristian','Statens Naturhistoriske Museum','akelager@snm.ku.dk','2014-08-24','0000-00-00','','','',0,NULL,'SNM2014','2016-05-23 10:56:07','{ Excel }'),(262,'DL_SNM_2014_0048B',535,'2014-08-24','0000-00-00','Vært Simone & Kristian','Statens Naturhistoriske Museum','akelager@snm.ku.dk','2014-08-24','0000-00-00','','','',0,NULL,'SNM2014','2016-05-23 10:56:07','{ Excel }'),(263,'DL_SNM_2014_0048C',536,'2014-08-24','0000-00-00','Vært Simone & Kristian','Statens Naturhistoriske Museum','akelager@snm.ku.dk','2014-08-24','0000-00-00','','','',0,NULL,'SNM2014','2016-05-23 10:56:07','{ Excel }'),(264,'DL_SNM_2014_0048D',537,'2014-08-24','0000-00-00','Vært Simone & Kristian','Statens Naturhistoriske Museum','akelager@snm.ku.dk','2014-08-24','0000-00-00','','','',0,NULL,'SNM2014','2016-05-23 10:56:07','{ Excel }'),(265,'DL_SNM_2014_0049A',538,'2014-08-24','0000-00-00','Vært Simone & Kristian','Statens Naturhistoriske Museum','akelager@snm.ku.dk','2014-08-24','0000-00-00','','','',0,NULL,'SNM2014','2016-05-23 10:56:07','{ Excel }'),(266,'DL_SNM_2014_0049B',539,'2014-08-24','0000-00-00','Vært Simone & Kristian','Statens Naturhistoriske Museum','akelager@snm.ku.dk','2014-08-24','0000-00-00','','','',0,NULL,'SNM2014','2016-05-23 10:56:07','{ Excel }'),(267,'DL_SNM_2014_0049C',540,'2014-08-24','0000-00-00','Vært Simone & Kristian','Statens Naturhistoriske Museum','akelager@snm.ku.dk','2014-08-24','0000-00-00','','','',0,NULL,'SNM2014','2016-05-23 10:56:08','{ Excel }'),(268,'DL_SNM_2014_0049D',541,'2014-08-24','0000-00-00','Vært Simone & Kristian','Statens Naturhistoriske Museum','akelager@snm.ku.dk','2014-08-24','0000-00-00','','','',0,NULL,'SNM2014','2016-05-23 10:56:08','{ Excel }'),(269,'DL_SNM_2014_0050A',542,'2014-08-24','2015-08-04','Vært Simone & Kristian','Statens Naturhistoriske Museum','akelager@snm.ku.dk','2014-08-24','0000-00-00','','','',0,NULL,'SNM2014','2016-05-23 10:56:08','{ Excel }'),(270,'DL_SNM_2014_0050B',543,'2014-08-24','0000-00-00','Vært Simone & Kristian','Statens Naturhistoriske Museum','akelager@snm.ku.dk','2014-08-24','0000-00-00','','','',0,NULL,'SNM2014','2016-05-23 10:56:08','{ Excel }'),(271,'DL_SNM_2014_0050C',544,'2014-08-24','0000-00-00','Vært Simone & Kristian','Statens Naturhistoriske Museum','akelager@snm.ku.dk','2014-08-24','0000-00-00','','','',0,NULL,'SNM2014','2016-05-23 10:56:08','{ Excel }'),(272,'DL_SNM_2014_0050D',545,'2014-08-24','0000-00-00','Vært Simone & Kristian','Statens Naturhistoriske Museum','akelager@snm.ku.dk','2014-08-24','0000-00-00','','','',0,NULL,'SNM2014','2016-05-23 10:56:08','{ Excel }'),(273,'DL_SNM_2014_0051A',546,'2014-08-24','0000-00-00','Vært Simone & Kristian','Statens Naturhistoriske Museum','akelager@snm.ku.dk','2014-08-24','0000-00-00','','','',0,NULL,'SNM2014','2016-05-23 10:56:09','{ Excel }'),(274,'DL_SNM_2014_0051B',547,'2014-08-24','0000-00-00','Vært Simone & Kristian','Statens Naturhistoriske Museum','akelager@snm.ku.dk','2014-08-24','0000-00-00','','','',0,NULL,'SNM2014','2016-05-23 10:56:09','{ Excel }'),(275,'DL_SNM_2014_0052',548,'2014-08-31','0000-00-00','Camilla Albech Kleis','Statens Naturhistoriske Museum','camilla.kleis@snm.ku.dk','2014-09-02','0000-00-00','','','',0,NULL,'SNM2014','2016-05-23 10:56:09','{ Excel }'),(276,'DL_SNM_2014_0053',549,'2014-09-04','0000-00-00','Tina Jørgensen','Statens Naturhistoriske Museum','tina.joe@snm.ku.dk','0000-00-00','2014-09-05','2x50 EB buffer','','',0,NULL,'SNM2014','2016-05-23 10:56:09','{ Excel }'),(277,'DL_SNM_2014_0054',550,'2014-09-07','0000-00-00','Lotte Endsleff','Statens Naturhistoriske Museum','lendsleff@snm.ku.dk','2014-09-09','0000-00-00','','','',0,NULL,'SNM2014','2016-05-23 10:56:09','{ Excel }'),(278,'DL_SNM_2014_0055',551,'2014-09-07','0000-00-00','Lotte Endsleff','Statens Naturhistoriske Museum','lendsleff@snm.ku.dk','2014-09-09','0000-00-00','','','',0,NULL,'SNM2014','2016-05-23 10:56:09','{ Excel }'),(279,'DL_SNM_2014_0056',552,'2014-09-16','0000-00-00','Svend Erik Jørgensen','Statens Naturhistoriske Museum','msijapan@hotmail.com','2014-09-17','0000-00-00','','','',0,NULL,'SNM2014','2016-05-23 10:56:10','{ Excel }'),(280,'DL_SNM_2014_0057',553,'2014-09-16','0000-00-00','Svend Erik Jørgensen','Statens Naturhistoriske Museum','msijapan@hotmail.com','2014-09-19','0000-00-00','','','',0,NULL,'SNM2014','2016-05-23 10:56:10','{ Excel }'),(281,'DL_SNM_2014_0058',554,'2014-09-16','0000-00-00','Svend Erik Jørgensen','Statens Naturhistoriske Museum','msijapan@hotmail.com','2014-09-19','0000-00-00','','','',0,NULL,'SNM2014','2016-05-23 10:56:10','{ Excel }'),(282,'DL_SNM_2014_0059',555,'2014-08-23','0000-00-00','Emma Sørgaard','Statens Naturhistoriske Museum','emma.sorgaard@snm.ku.dk','2014-08-29','0000-00-00','','','',0,NULL,'SNM2014','2016-05-23 10:56:10','{ Excel }'),(283,'DL_SNM_2015_001',556,'2015-04-20','2015-11-24','Skjalm Biba','Statens Naturhistoriske Museum','Skjalm.Biba@snm.ku.dk','2015-04-24','2015-04-27','125','92.6','',0,NULL,'SNM2015','2016-05-23 10:56:10','{ Excel }'),(284,'DL_SNM_2015_002',557,'2015-05-03','2015-07-10','Luise Ørsted Brandt','Statens Naturhistoriske Museum','lbrandt@hum.ku.dk','2015-05-04','2015-05-06','125','4.26','',0,NULL,'SNM2015','2016-05-23 10:56:10','{ Excel }'),(285,'DL_SNM_2015_003',558,'2015-05-17','0000-00-00','?','Statens Naturhistoriske Museum','','2015-05-19','2016-03-08','125','23.8','',0,NULL,'SNM2015','2016-05-23 10:56:11','{ Excel }'),(286,'DL_SNM_2015_004',559,'2015-05-17','2016-03-03','Marie Lillemark','Statens Naturhistoriske Museum','marie.lillemark@snm.ku.dk','2015-05-19','2016-02-11','125','3.42','',0,NULL,'SNM2015','2016-05-23 10:56:11','{ Excel }'),(287,'DL_SNM_2015_005',560,'2015-05-23','0000-00-00','Trine Sørensen','Statens Naturhistoriske Museum','trines@snm.ku.dk','2015-05-26','2016-03-08','125','0.796','',0,NULL,'SNM2015','2016-05-23 10:56:11','{ Excel }'),(288,'DL_SNM_2015_006',561,'2015-05-25','0000-00-00','Nina Rønsted','Statens Naturhistoriske Museum','nronsted@snm.ku.dk','2015-05-26','2016-03-08','125','63.2','',0,NULL,'SNM2015','2016-05-23 10:56:11','{ Excel }'),(289,'DL_SNM_2015_007',562,'2015-05-22','0000-00-00','Morten Meldgaard','Statens Naturhistoriske Museum','mmeldgaard@snm.ku.dk','2015-05-26','2016-03-08','125','59.2','',0,NULL,'SNM2015','2016-05-23 10:56:11','{ Excel }'),(290,'DL_SNM_2015_008',563,'2015-05-24','0000-00-00','Kristian Bjergbakke','Statens Naturhistoriske Museum','kbjergbakke@snm.ku.dk','2015-05-26','2016-03-08','125','too high','',0,NULL,'SNM2015','2016-05-23 10:56:11','{ Excel }'),(291,'DL_SNM_2015_009',564,'2015-05-24','2016-03-08','Marie Lillemark','Statens Naturhistoriske Museum','marie.lillemark@snm.ku.dk','2015-05-26','2016-02-11','125','9.46','',0,NULL,'SNM2015','2016-05-23 10:56:11','{ Excel }'),(292,'DL_SNM_2015_010',565,'2015-05-31','2015-12-09','Henning Haack','Statens Naturhistoriske Museum','hh@snm.ku.dk','2015-06-02','2015-08-17','125','19.9','',0,NULL,'SNM2015','2016-05-23 10:56:11','{ Excel }'),(293,'DL_SNM_2015_011',566,'2015-05-31','2016-01-08','Henning Haack','Statens Naturhistoriske Museum','hh@snm.ku.dk','2015-06-02','2015-08-17','125','3.92','',0,NULL,'SNM2015','2016-05-23 10:56:12','{ Excel }'),(294,'DL_SNM_2015_012',567,'2015-05-31','0000-00-00','Lykke Maria Jensen','Statens Naturhistoriske Museum','lykkemjensen@snm.ku.dk','2015-06-01','2015-08-17','125','28.4','',0,NULL,'SNM2015','2016-05-23 10:56:12','{ Excel }'),(295,'DL_SNM_2015_013',568,'2015-05-31','2016-02-02','Marie-Louise Siggaard-Andersen','Statens Naturhistoriske Museum','mlsandersen@snm.ku.dk','2015-06-01','2015-08-17','125','16.7','',0,NULL,'SNM2015','2016-05-23 10:56:12','{ Excel }'),(296,'DL_SNM_2015_014',569,'2015-05-30','2015-11-05','Cecilie Toudal Pedersen','Statens Naturhistoriske Museum','cecilie.toudal@snm.ku.dk','2015-06-01','2015-08-25','125','41.6','',0,NULL,'SNM2015','2016-05-23 10:56:12','{ Excel }'),(297,'DL_SNM_2015_015',570,'2015-06-06','2016-02-11','Rikke Danø','Statens Naturhistoriske Museum','rsdanoe@snm.ku.dk','2015-06-08','2015-11-05','125','3.78','',0,NULL,'SNM2015','2016-05-23 10:56:12','{ Excel }'),(298,'DL_SNM_2015_016',571,'2015-06-06','2016-03-02','Marie Lillemark','Statens Naturhistoriske Museum','marie.lillemark@snm.ku.dk','2015-06-08','2016-02-11','125','0.494','',0,NULL,'SNM2015','2016-05-23 10:56:12','{ Excel }'),(299,'DL_SNM_2015_017',572,'2015-06-07','0000-00-00','Elisabeth Wulffeld','Statens Naturhistoriske Museum','elisabethw@snm.ku.dk','2015-06-10','2015-11-05','125','7.96','',0,NULL,'SNM2015','2016-05-23 10:56:12','{ Excel }'),(300,'DL_SNM_2015_018',573,'2015-06-07','0000-00-00','Elisabeth Wulffeld','Statens Naturhistoriske Museum','elisabethw@snm.ku.dk','2015-06-11','2015-08-17','125','5.3','',0,NULL,'SNM2015','2016-05-23 10:56:12','{ Excel }'),(301,'DL_SNM_2015_019',574,'2015-06-06','2016-02-09','Bjørn Hermannsen','Statens Naturhistoriske Museum','bhermansen@snm.ku.dk','2015-06-10','2015-11-05','125','2.04','',0,NULL,'SNM2015','2016-05-23 10:56:13','{ Excel }'),(302,'DL_SNM_2015_020',575,'2015-06-04','2016-02-04','Anna-Sofie Stensgaard','Statens Naturhistoriske Museum','asstensgaard@snm.ku.dk','2015-06-10','2015-11-05','125','23.2','',0,NULL,'SNM2015','2016-05-23 10:56:13','{ Excel }'),(303,'DL_SNM_2015_021',576,'2015-06-23','0000-00-00','?','Statens Naturhistoriske Museum','','2015-06-29','2015-08-17','125','10.3','',0,NULL,'SNM2015','2016-05-23 10:56:13','{ Excel }'),(304,'DL_SNM_2015_022',577,'2015-06-14','2015-11-06','Anna-Sofie Stensgaard','Statens Naturhistoriske Museum','asstensgaard@snm.ku.dk','2015-07-01','2015-08-25','125','1.58','',0,NULL,'SNM2015','2016-05-23 10:56:13','{ Excel }'),(305,'DL_SNM_2015_023',578,'2015-06-26','2015-07-10','Marie Lillemark & Andreas Kelager','Statens Naturhistoriske Museum','marie.lillemark@snm.ku.dk; akelager@snm.','2015-06-26','2015-07-07','125','0.68','',0,NULL,'SNM2015','2016-05-23 10:56:13','{ Excel }'),(306,'DL_SNM_2015_024',579,'2015-06-26','2015-11-25','Marie Lillemark & Andreas Kelager','Statens Naturhistoriske Museum','marie.lillemark@snm.ku.dk; akelager@snm.','2015-06-26','2015-07-07','125','0.886','',0,NULL,'SNM2015','2016-05-23 10:56:13','{ Excel }'),(307,'DL_SNM_2015_025',580,'2015-06-26','2015-12-03','Marie Lillemark & Andreas Kelager','Statens Naturhistoriske Museum','marie.lillemark@snm.ku.dk; akelager@snm.','2015-06-26','2015-07-07','125','0.99','',0,NULL,'SNM2015','2016-05-23 10:56:13','{ Excel }'),(308,'DL_SNM_2015_026',581,'2015-07-02','2015-01-26','Rikke Høvring','Statens Naturhistoriske Museum','rikkemai@snm.ku.dk','2015-07-07','2015-08-25','125','56.8','',0,NULL,'SNM2015','2016-05-23 10:56:13','{ Excel }'),(309,'DL_SNM_2015_027',582,'2015-06-05','2016-03-18','Andreas Kelager','Statens Naturhistoriske Museum','akelager@snm.ku.dk','2015-07-07','2015-08-17','125','11.4','',0,NULL,'SNM2015','2016-05-23 10:56:14','{ Excel }'),(310,'DL_SNM_2015_028',583,'2015-07-02','2016-03-09','Rikke Høvring','Statens Naturhistoriske Museum','rikkemai@snm.ku.dk','2015-07-08','2016-02-11','125','11','',0,NULL,'SNM2015','2016-05-23 10:56:14','{ Excel }'),(311,'DL_SNM_2015_029',584,'2015-07-02','2016-03-11','Rikke Høvring','Statens Naturhistoriske Museum','rikkemai@snm.ku.dk','2015-07-08','2016-02-11','125','20.6','',0,NULL,'SNM2015','2016-05-23 10:56:14','{ Excel }'),(312,'DL_SNM_2015_030',585,'2015-07-16','2016-02-23','Mia Lindegaard Pedersen','Statens Naturhistoriske Museum','mia.pedersen@snm.ku.dk','2015-07-24','2015-08-25','125','2.4','',0,NULL,'SNM2015','2016-05-23 10:56:14','{ Excel }'),(313,'DL_SNM_2015_031',586,'2015-07-24','0000-00-00','Nanna Heidemann','Statens Naturhistoriske Museum','nanna.heidemann@snm.ku.dk','2015-07-31','2015-08-25','125','25.4','',0,NULL,'SNM2015','2016-05-23 10:56:14','{ Excel }'),(314,'DL_SNM_2015_032',587,'2015-08-09','2016-02-03','Maiken Engelhardt','Statens Naturhistoriske Museum','mengelhardt@snm.ku.dk','0000-00-00','2015-08-25','125','2.72','',0,NULL,'SNM2015','2016-05-23 10:56:14','{ Excel }'),(315,'DL_SNM_2015_033',588,'2015-08-09','2016-02-25','Maiken Engelhardt','Statens Naturhistoriske Museum','mengelhardt@snm.ku.dk','0000-00-00','2015-08-25','125','2.06','',0,NULL,'SNM2015','2016-05-23 10:56:14','{ Excel }'),(316,'DL_SNM_2015_034',589,'2015-09-13','0000-00-00','Mette Wenøe','Statens Naturhistoriske Museum','mette.wenoe@snm.ku.dk','0000-00-00','2016-02-11','125','11.8','',0,NULL,'SNM2015','2016-05-23 10:56:14','{ Excel }'),(317,'DL_SNM_2015_035',590,'2015-09-18','0000-00-00','Vivi Malmkvist Andersen','Statens Naturhistoriske Museum','vivi.andersen@snm.ku.dk','0000-00-00','2016-02-11','125','2.04','',0,NULL,'SNM2015','2016-05-23 10:56:14','{ Excel }'),(318,'DL_SNM_2015_036',591,'2015-09-18','2016-03-10','Vivi Malmkvist Andersen','Statens Naturhistoriske Museum','vivi.andersen@snm.ku.dk','0000-00-00','2016-02-11','125','1.22','',0,NULL,'SNM2015','2016-05-23 10:56:15','{ Excel }'),(319,'DL_SNM_2015_037',592,'2015-09-27','0000-00-00','Tonni Eilersen','Statens Naturhistoriske Museum','teilersen@snm.ku.dk','0000-00-00','2016-03-08','125','too high','',0,NULL,'SNM2015','2016-05-23 10:56:15','{ Excel }'),(320,'DL_SNM_2015_038',593,'2015-09-27','0000-00-00','Tonni Eilersen','Statens Naturhistoriske Museum','teilersen@snm.ku.dk','0000-00-00','2016-03-08','125','37.4','',0,NULL,'SNM2015','2016-05-23 10:56:15','{ Excel }'),(321,'DL_SNM_2015_039_1',594,'2015-11-26','0000-00-00','Mette Grøn','Statens Naturhistoriske Museum','meddi@hotmail.com','0000-00-00','2016-03-08','125','8.28','',0,NULL,'SNM2015','2016-05-23 10:56:15','{ Excel }'),(322,'DL_SNM_2015_039_2',595,'2015-11-26','0000-00-00','Mette Grøn','Statens Naturhistoriske Museum','meddi@hotmail.com','0000-00-00','2016-03-08','125','1.43','',0,NULL,'SNM2015','2016-05-23 10:56:15','{ Excel }'),(323,'DL_SNM_2015_040',596,'2015-05-21','0000-00-00','Mette Grøn/Maja Elling','Statens Naturhistoriske Museum','mette.groen@snm.ku.dk; maja.elling@snm.k','0000-00-00','2016-03-16','125','12.3','',0,NULL,'SNM2015','2016-05-23 10:56:15','{ Excel }'),(324,'DL_SNM_2015_041_1',597,'2015-06-23','0000-00-00','Mette Grøn/Maja Elling','Statens Naturhistoriske Museum','mette.groen@snm.ku.dk; maja.elling@snm.k','0000-00-00','2016-03-16','125','8.1','',0,NULL,'SNM2015','2016-05-23 10:56:15','{ Excel }'),(325,'DL_SNM_2015_041_2',598,'2015-06-23','0000-00-00','Mette Grøn/Maja Elling','Statens Naturhistoriske Museum','mette.groen@snm.ku.dk; maja.elling@snm.k','0000-00-00','2016-03-16','125','6.94','',0,NULL,'SNM2015','2016-05-23 10:56:15','{ Excel }'),(326,'DL_SNM_2015_042',599,'2015-07-17','0000-00-00','Mette Grøn/Maja Elling','Statens Naturhistoriske Museum','mette.groen@snm.ku.dk; maja.elling@snm.k','0000-00-00','2016-03-16','125','6.28','',0,NULL,'SNM2015','2016-05-23 10:56:16','{ Excel }'),(327,'DL_SNM_2015_043',600,'2015-09-29','0000-00-00','Mette Grøn/Maja Elling','Statens Naturhistoriske Museum','mette.groen@snm.ku.dk; maja.elling@snm.k','0000-00-00','2016-03-16','125','24.4','',0,NULL,'SNM2015','2016-05-23 10:56:16','{ Excel }'),(328,'DL_SNM_2015_044',601,'2015-12-28','0000-00-00','Mette Grøn/Maja Elling','Statens Naturhistoriske Museum','mette.groen@snm.ku.dk; maja.elling@snm.k','0000-00-00','2016-03-16','125','9.06','',0,NULL,'SNM2015','2016-05-23 10:56:16','{ Excel }'),(329,'DL_SNM_2015_045',602,'2016-03-14','0000-00-00','Mette Grøn/Maja Elling','Statens Naturhistoriske Museum','mette.groen@snm.ku.dk; maja.elling@snm.k','0000-00-00','2016-03-16','125','6.84','',0,NULL,'SNM2015','2016-05-23 10:56:16','{ Excel }'),(330,'DL_SNM_2015_046',603,'2015-03-18','0000-00-00','Mette Grøn/Maja Elling','Statens Naturhistoriske Museum','mette.groen@snm.ku.dk; maja.elling@snm.k','0000-00-00','2016-04-20','125','21.6','',0,NULL,'SNM2015','2016-05-23 10:56:16','{ Excel }'),(331,'DL_SNM_2015_047',604,'2015-04-14','0000-00-00','Mette Grøn/Maja Elling','Statens Naturhistoriske Museum','mette.groen@snm.ku.dk; maja.elling@snm.k','0000-00-00','2016-04-20','125','3.74','',0,NULL,'SNM2015','2016-05-23 10:56:16','{ Excel }'),(332,'DL_SNM_2015_048',605,'2015-04-14','0000-00-00','Mette Grøn/Maja Elling','Statens Naturhistoriske Museum','mette.groen@snm.ku.dk; maja.elling@snm.k','0000-00-00','2016-04-20','125','2.9','',0,NULL,'SNM2015','2016-05-23 10:56:16','{ Excel }'),(333,'DL_SNM_2015_049',606,'2015-04-14','0000-00-00','Mette Grøn/Maja Elling','Statens Naturhistoriske Museum','mette.groen@snm.ku.dk; maja.elling@snm.k','0000-00-00','2016-04-20','125','8.66','',0,NULL,'SNM2015','2016-05-23 10:56:16','{ Excel }'),(334,'DL_SNM_2015_050',607,'2016-05-02','0000-00-00','','Statens Naturhistoriske Museum','','0000-00-00','2016-05-10','125','too low','',0,NULL,'SNM2015','2016-05-23 10:56:17','{ Excel }'),(335,'DL_SNM_2015_051',608,'2016-05-02','0000-00-00','','Statens Naturhistoriske Museum','','0000-00-00','2016-05-10','125','too low','',0,NULL,'SNM2015','2016-05-23 10:56:17','{ Excel }'),(337,'testting01',NULL,NULL,NULL,NULL,NULL,NULL,NULL,NULL,NULL,NULL,NULL,NULL,NULL,NULL,'2016-05-25 08:10:06',NULL),(338,'DL_F15_79',NULL,NULL,NULL,NULL,NULL,NULL,NULL,NULL,NULL,NULL,NULL,NULL,NULL,NULL,'2016-05-25 08:48:18',NULL),(339,'sdsd',NULL,NULL,NULL,NULL,NULL,NULL,NULL,NULL,NULL,NULL,NULL,NULL,NULL,NULL,'2016-05-25 09:43:22',NULL),(340,'testprøve001',NULL,NULL,NULL,NULL,NULL,NULL,NULL,NULL,NULL,NULL,NULL,NULL,NULL,'GymnasiumUV','2016-05-30 10:04:44',NULL),(341,'TEST',611,NULL,NULL,NULL,NULL,NULL,NULL,NULL,NULL,NULL,NULL,NULL,NULL,NULL,'2016-05-31 09:05:13','-- test --'),(342,'DL_F15_086',612,NULL,NULL,NULL,NULL,NULL,NULL,NULL,NULL,NULL,NULL,NULL,NULL,NULL,'2016-06-01 08:17:05','Andreas Kelager'),(343,'TEST2',613,NULL,NULL,NULL,NULL,NULL,NULL,NULL,NULL,NULL,NULL,NULL,NULL,NULL,'2016-06-01 08:19:24','Marie Lillemark'),(344,'DL_F15_57',614,NULL,NULL,NULL,NULL,NULL,NULL,NULL,NULL,NULL,NULL,NULL,NULL,NULL,'2016-06-01 09:12:08','Marie Lillemark'),(345,'tetst 1223',2354,NULL,NULL,NULL,NULL,NULL,NULL,NULL,NULL,NULL,NULL,NULL,NULL,NULL,'2016-06-03 08:17:56',NULL),(346,'AAA_test1',2355,NULL,NULL,NULL,NULL,NULL,NULL,NULL,NULL,NULL,NULL,NULL,NULL,NULL,'2016-06-03 08:18:39',NULL),(347,'AAA_test2',2356,NULL,NULL,NULL,NULL,NULL,NULL,NULL,NULL,NULL,NULL,NULL,NULL,NULL,'2016-06-03 08:19:12','Andreas Kelager'),(348,'AAA_test3',NULL,NULL,NULL,NULL,NULL,NULL,NULL,NULL,NULL,NULL,NULL,NULL,NULL,'GymnasiumUV','2016-06-03 08:20:18',NULL),(349,'AAA_test4',2358,'2016-05-28',NULL,'Andreas Kelager','Statens Naturhistoriske Museum','akelager@snm.ku.dk','2016-05-29','2016-05-30','125','4.53',NULL,NULL,NULL,'GymnasiumUV','2016-06-03 08:29:12',NULL);
/*!40000 ALTER TABLE `proeve` ENABLE KEYS */;
UNLOCK TABLES;

--
-- Table structure for table `resultat`
--

DROP TABLE IF EXISTS `resultat`;
/*!40101 SET @saved_cs_client     = @@character_set_client */;
/*!40101 SET character_set_client = utf8 */;
CREATE TABLE `resultat` (
  `resultat_id` int(11) NOT NULL AUTO_INCREMENT,
  `booking_id` int(11) DEFAULT NULL,
  `proeve_id` int(11) NOT NULL,
  `taxon_ids` varchar(255) DEFAULT NULL,
  `datoForAnalyse` date DEFAULT NULL,
  `created_timestamp` timestamp NOT NULL DEFAULT CURRENT_TIMESTAMP,
  `created_userName` varchar(50) DEFAULT NULL,
  PRIMARY KEY (`resultat_id`)
) ENGINE=InnoDB AUTO_INCREMENT=28 DEFAULT CHARSET=utf8;
/*!40101 SET character_set_client = @saved_cs_client */;

--
-- Dumping data for table `resultat`
--

LOCK TABLES `resultat` WRITE;
/*!40000 ALTER TABLE `resultat` DISABLE KEYS */;
INSERT INTO `resultat` VALUES (6,NULL,145,'1,2,3,4,5,7,8,9,10,11,12,13,14,15,16,17,18,19,20,21,22,24,26,27,28','2016-05-17','2016-05-25 08:48:18','Mette Grøn'),(8,NULL,36,'1,2,3,4,5,7,8,9,10,11,12,13,14,15,16,17,18,19,20,21,22,24,26,27,28','2016-05-13','2016-05-25 09:52:13','Mette Grøn'),(9,NULL,35,'1,2,3,4,5,7,8,9,10,11,12,13,14,15,16,17,18,19,20,21,22,24,26,27,28','2016-05-11','2016-05-25 10:15:53','Mette Grøn'),(10,NULL,33,'1,2,3,4,5,7,8,9,10,11,12,13,14,15,16,17,18,19,20,21,22,24,26,27,28','2016-05-10','2016-05-25 10:46:24','Mette Grøn'),(11,NULL,166,'1,2,3,4,5,7,8,9,10,11,12,13,14,15,16,17,18,19,20,21,22,24,26,27,28','2016-05-04','2016-05-25 10:57:06','Mette Grøn'),(13,NULL,342,'1,2,4,5,7,8,9,10,11,13,14,15,16,17,18,19,20,21,26,27','2016-05-25','2016-06-01 08:17:05','Andreas Kelager'),(15,242,94,'1,2,4,5,7,9,10,13,14,15,16,19,20,21,26,27','2016-05-27','2016-06-01 08:20:43','Marie Lillemark'),(16,NULL,344,'1,2,4,5,7,9,10,11,13,14,15,17,19,20,21,27','2016-05-18','2016-06-01 09:12:08','Marie Lillemark'),(17,NULL,79,'1,2,4,5,7,8,9,10,11,12,13,14,15,19,20,21,27','2016-05-12','2016-06-01 09:22:20','Marie Lillemark'),(18,NULL,92,'1,2,3,4,5,7,8,9,10,11,12,13,14,15,16,17,18,19,20,21,22,24,26,27,28','2016-04-29','2016-06-03 07:41:51','Mette Grøn'),(20,NULL,21,'1,2,3,4,5,7,8,9,10,11,12,13,14,15,16,17,18,19,20,21,22,24,26,27,28','2016-04-28','2016-06-03 08:24:03','Mette Grøn'),(24,NULL,99,'1,2,3,4,5,7,8,9,10,11,12,13,14,15,16,17,18,19,20,21,22,24,26,27,28','2016-04-27','2016-06-03 08:53:09','Mette Grøn'),(25,NULL,114,'1,2,3,4,5,7,8,9,10,11,12,13,14,15,16,17,18,19,20,21,22,24,26,27,28','2016-04-21','2016-06-03 09:13:36','Mette Grøn'),(26,NULL,154,'1,2,3,4,5,7,8,9,10,11,12,13,14,15,16,17,18,19,20,21,22,24,26,27,28','2016-04-19','2016-06-03 09:34:07','Mette Grøn'),(27,NULL,185,'1,2,3,4,5,7,8,9,10,11,12,13,14,15,16,17,18,19,20,21,22,24,26,27,28','2016-04-15','2016-06-03 09:44:52','Mette Grøn');
/*!40000 ALTER TABLE `resultat` ENABLE KEYS */;
UNLOCK TABLES;

--
-- Table structure for table `resultat_item`
--

DROP TABLE IF EXISTS `resultat_item`;
/*!40101 SET @saved_cs_client     = @@character_set_client */;
/*!40101 SET character_set_client = utf8 */;
CREATE TABLE `resultat_item` (
  `resultat_item_id` int(11) NOT NULL AUTO_INCREMENT,
  `resultat_id` int(11) NOT NULL,
  `taxon_id` int(11) NOT NULL,
  `analyseret` tinyint(1) DEFAULT NULL,
  `positiv` tinyint(1) DEFAULT NULL,
  `negativ` tinyint(1) DEFAULT NULL,
  `eDNA` tinyint(1) DEFAULT NULL,
  `database_result` tinyint(1) DEFAULT NULL,
  `Ct_vaerdi` varchar(20) DEFAULT NULL,
  PRIMARY KEY (`resultat_item_id`)
) ENGINE=InnoDB AUTO_INCREMENT=452 DEFAULT CHARSET=utf8;
/*!40101 SET character_set_client = @saved_cs_client */;

--
-- Dumping data for table `resultat_item`
--

LOCK TABLES `resultat_item` WRITE;
/*!40000 ALTER TABLE `resultat_item` DISABLE KEYS */;
INSERT INTO `resultat_item` VALUES (1,1,11,NULL,1,0,0,0,'1.23445456'),(2,1,16,NULL,1,0,1,1,NULL),(3,1,18,NULL,1,0,1,1,NULL),(4,1,24,NULL,1,0,1,0,NULL),(5,1,11,NULL,1,0,0,0,NULL),(6,1,22,NULL,1,0,1,0,NULL),(7,1,22,NULL,1,0,1,1,NULL),(8,2,24,NULL,0,0,0,0,NULL),(9,2,11,NULL,0,0,0,0,NULL),(10,2,16,NULL,0,0,0,0,NULL),(15,3,24,NULL,1,1,1,1,'2'),(16,2,18,NULL,0,0,0,0,NULL),(17,3,24,NULL,1,1,1,1,'3.123'),(18,3,18,NULL,1,1,1,1,'4'),(19,3,9,NULL,0,0,0,0,'5'),(21,3,11,NULL,1,0,0,1,'1'),(22,3,11,NULL,1,0,0,1,'2'),(28,5,1,NULL,NULL,NULL,NULL,NULL,NULL),(29,5,1,NULL,NULL,NULL,NULL,NULL,NULL),(30,6,1,NULL,1,1,1,0,'31.5'),(31,6,1,NULL,1,1,1,0,'29.5'),(32,6,2,NULL,1,0,1,1,'36'),(33,6,2,NULL,1,0,1,1,'35.5'),(37,6,4,NULL,1,0,0,1,'0'),(39,6,5,NULL,1,0,1,1,'34'),(40,6,5,NULL,0,0,0,0,'0'),(41,6,27,NULL,0,0,0,0,'0'),(42,6,27,NULL,1,0,0,1,'0'),(43,6,7,NULL,1,0,0,1,'0'),(44,6,9,NULL,0,0,0,0,'0'),(45,6,9,NULL,1,0,0,1,'0'),(47,6,11,NULL,1,0,0,1,'0'),(48,6,12,NULL,1,0,0,1,'0'),(50,6,13,NULL,1,0,0,1,'0'),(51,6,14,NULL,1,0,0,1,'0'),(52,6,14,NULL,1,0,0,1,'0'),(53,6,15,NULL,1,0,0,1,'0'),(55,6,15,NULL,1,0,0,1,'0'),(56,6,19,NULL,1,0,0,1,'0'),(57,6,19,NULL,1,0,0,1,'0'),(58,6,20,NULL,0,0,0,0,'0'),(59,6,20,NULL,1,0,0,1,'0'),(61,6,21,NULL,1,0,0,1,'0'),(64,7,2,NULL,NULL,NULL,NULL,NULL,NULL),(65,7,2,NULL,NULL,NULL,NULL,NULL,NULL),(66,7,3,NULL,NULL,NULL,NULL,NULL,NULL),(67,7,3,NULL,NULL,NULL,NULL,NULL,NULL),(68,8,1,NULL,0,1,1,0,'35.5'),(69,8,1,NULL,1,1,1,0,'37.5'),(70,8,2,NULL,1,0,0,1,'0'),(71,8,4,NULL,1,0,0,1,'0'),(72,8,5,NULL,1,0,0,1,'0'),(73,8,5,NULL,1,0,0,1,'0'),(74,8,27,NULL,1,0,0,1,'0'),(75,8,7,NULL,1,0,0,1,'0'),(76,8,7,NULL,1,0,0,1,'0'),(77,8,9,NULL,0,0,0,0,'0'),(78,8,9,NULL,1,0,0,1,'0'),(79,8,10,NULL,0,0,0,0,'0'),(80,8,11,NULL,1,0,0,1,'0'),(81,8,11,NULL,1,0,0,1,'0'),(82,8,13,NULL,1,0,0,1,NULL),(83,8,13,NULL,1,0,0,1,NULL),(85,8,14,NULL,1,0,0,1,'0'),(86,8,15,NULL,1,0,0,1,'0'),(87,8,19,NULL,1,0,0,1,'0'),(88,8,19,NULL,1,0,0,1,'0'),(89,8,20,NULL,1,0,1,1,'34.5'),(90,8,20,NULL,1,0,1,1,'34'),(92,8,21,NULL,1,0,0,1,'0'),(93,8,21,NULL,1,0,0,1,'0'),(94,9,1,NULL,1,1,1,0,'0'),(95,9,1,NULL,1,1,1,0,'0'),(96,9,2,NULL,1,0,0,1,'0'),(97,9,2,NULL,1,1,0,0,'0'),(98,9,4,NULL,1,0,0,1,'0'),(99,9,4,NULL,0,0,0,0,'0'),(100,9,5,NULL,1,0,0,1,'0'),(101,9,5,NULL,1,0,0,1,'0'),(102,9,27,NULL,1,0,0,1,'0'),(103,9,7,NULL,1,0,1,1,'31.5'),(104,9,7,NULL,1,0,1,1,'31'),(105,9,8,NULL,1,0,0,1,'0'),(106,9,9,NULL,1,0,0,1,'0'),(107,9,9,NULL,1,0,0,1,'0'),(108,9,10,NULL,1,0,0,1,'0'),(109,9,10,NULL,0,0,0,0,'0'),(110,9,11,NULL,1,0,0,1,'0'),(111,9,12,NULL,1,0,0,1,'0'),(112,9,13,NULL,1,0,0,1,'0'),(113,9,14,NULL,1,0,0,1,'0'),(114,9,14,NULL,0,0,0,0,'0'),(115,9,15,NULL,1,0,0,1,'0'),(116,9,17,NULL,0,0,0,0,'0'),(117,9,19,NULL,1,0,1,1,'41'),(118,9,19,NULL,1,0,0,1,'0'),(119,9,20,NULL,1,0,1,1,'37'),(120,9,20,NULL,0,0,0,0,'0'),(121,9,21,NULL,0,0,1,0,'0'),(122,9,21,NULL,0,0,0,0,'0'),(123,10,1,NULL,0,0,0,0,'0'),(124,10,1,NULL,0,0,0,0,'0'),(125,10,2,NULL,1,0,0,1,'0'),(126,10,4,NULL,0,0,0,0,'0'),(127,10,5,NULL,1,0,0,1,'0'),(128,10,5,NULL,1,0,0,1,'0'),(129,10,27,NULL,0,0,0,0,'0'),(130,10,7,NULL,1,0,1,1,'34'),(131,10,7,NULL,1,0,1,1,'34'),(132,10,9,NULL,1,1,1,0,'0'),(133,10,9,NULL,0,0,0,0,'0'),(134,10,10,NULL,1,0,0,1,'0'),(135,10,10,NULL,0,0,0,0,'0'),(137,10,11,NULL,0,0,0,0,'0'),(138,10,12,NULL,0,0,0,0,'0'),(139,10,13,NULL,1,1,0,0,'0'),(140,10,13,NULL,1,0,0,1,'0'),(141,10,14,NULL,1,0,0,1,'0'),(142,10,15,NULL,1,0,0,1,'0'),(144,10,17,NULL,1,0,0,1,'0'),(145,10,19,NULL,1,0,0,1,'0'),(146,10,19,NULL,0,0,0,0,'0'),(147,10,20,NULL,1,0,0,1,'0'),(148,10,20,NULL,1,0,0,1,'0'),(149,10,21,NULL,0,0,0,0,'0'),(150,10,21,NULL,0,0,0,0,'0'),(151,11,1,NULL,1,0,1,1,'32.5'),(152,11,1,NULL,1,0,1,1,'31'),(153,11,4,NULL,1,0,0,1,'0'),(154,11,4,NULL,1,0,0,1,'0'),(155,11,5,NULL,1,0,1,1,'36'),(156,11,5,NULL,1,0,1,1,'36'),(157,11,27,NULL,1,0,0,1,'0'),(158,11,27,NULL,1,0,0,1,'0'),(159,11,7,NULL,1,0,1,1,'39.5'),(160,11,7,NULL,1,0,1,1,'38.5'),(161,11,9,NULL,1,0,1,1,'31.5'),(162,11,9,NULL,1,0,1,1,'31.5'),(163,11,12,NULL,1,0,0,1,'0'),(164,11,13,NULL,1,0,0,1,'0'),(165,11,14,NULL,0,0,0,0,'0'),(166,11,14,NULL,1,0,0,1,'0'),(167,11,15,NULL,1,0,0,1,'0'),(168,11,15,NULL,1,0,0,1,'0'),(169,11,19,NULL,1,0,0,1,'0'),(170,11,19,NULL,1,0,0,1,'0'),(171,11,20,NULL,1,0,0,1,'0'),(172,11,20,NULL,1,0,0,1,'0'),(173,11,21,NULL,1,0,0,1,'0'),(174,12,1,NULL,1,0,0,1,NULL),(175,12,2,NULL,1,0,0,1,NULL),(176,12,3,NULL,1,0,0,1,NULL),(177,12,4,NULL,NULL,NULL,NULL,NULL,NULL),(178,12,5,NULL,NULL,NULL,NULL,NULL,NULL),(179,12,7,NULL,NULL,NULL,NULL,NULL,NULL),(181,14,1,NULL,1,0,0,1,NULL),(182,14,1,NULL,1,0,0,1,NULL),(183,14,1,NULL,1,0,0,1,NULL),(184,15,1,NULL,1,1,1,0,NULL),(185,15,1,NULL,0,0,0,0,NULL),(186,15,2,NULL,1,0,0,1,NULL),(187,15,4,NULL,0,0,0,0,NULL),(188,15,4,NULL,0,0,0,0,NULL),(189,15,5,NULL,1,0,0,1,NULL),(190,15,5,NULL,1,0,0,1,NULL),(191,15,27,NULL,1,0,0,1,NULL),(192,15,27,NULL,1,0,0,1,NULL),(193,15,7,NULL,1,0,0,1,NULL),(194,15,7,NULL,1,0,0,1,NULL),(195,15,9,NULL,1,0,0,1,NULL),(197,15,13,NULL,1,0,0,1,NULL),(198,15,13,NULL,1,0,0,1,NULL),(199,15,14,NULL,1,0,0,1,NULL),(200,15,15,NULL,1,0,0,1,NULL),(201,15,16,NULL,0,0,0,0,NULL),(202,15,16,NULL,1,0,0,1,NULL),(203,15,26,NULL,1,0,0,1,NULL),(204,15,19,NULL,1,0,1,1,'39'),(205,15,19,NULL,1,0,1,1,'38'),(206,15,20,NULL,1,0,1,1,'33'),(207,15,20,NULL,1,0,1,1,'30'),(208,15,21,NULL,1,0,1,1,'33'),(209,15,21,NULL,1,0,0,1,NULL),(210,15,10,NULL,1,0,0,1,NULL),(211,13,1,NULL,1,1,1,0,NULL),(212,13,2,NULL,1,0,1,1,'31'),(213,13,4,NULL,1,0,0,1,NULL),(214,13,4,NULL,1,0,0,1,NULL),(215,13,5,NULL,1,0,1,1,'42'),(216,13,5,NULL,1,0,1,1,'42'),(217,13,27,NULL,1,0,0,1,NULL),(218,13,7,NULL,1,0,0,1,NULL),(219,13,8,NULL,1,0,0,1,NULL),(220,13,8,NULL,0,0,0,0,NULL),(221,13,9,NULL,1,0,1,1,'32.5'),(222,13,10,NULL,1,0,0,1,NULL),(223,13,11,NULL,1,0,0,1,NULL),(224,13,11,NULL,1,0,0,1,NULL),(225,13,14,NULL,0,0,0,0,NULL),(226,13,15,NULL,1,0,0,1,NULL),(227,13,16,NULL,0,0,0,0,NULL),(228,13,17,NULL,1,0,0,1,NULL),(229,13,18,NULL,1,0,0,1,NULL),(230,13,18,NULL,1,0,0,1,NULL),(231,13,26,NULL,1,0,0,1,NULL),(232,13,19,NULL,1,0,0,1,NULL),(233,13,19,NULL,1,0,0,1,NULL),(234,13,20,NULL,1,0,0,1,NULL),(235,13,20,NULL,1,0,0,1,NULL),(236,13,21,NULL,1,0,0,1,NULL),(237,13,13,NULL,1,0,0,1,NULL),(238,13,13,NULL,1,0,0,1,NULL),(240,13,16,NULL,0,0,0,0,NULL),(241,16,1,NULL,1,1,1,0,NULL),(242,16,1,NULL,1,1,1,0,NULL),(243,16,2,NULL,1,0,0,1,NULL),(244,16,4,NULL,1,0,0,1,NULL),(245,16,4,NULL,1,0,0,1,NULL),(246,16,5,NULL,1,0,1,1,'35'),(247,16,5,NULL,1,0,1,1,'37'),(248,16,27,NULL,1,0,0,1,NULL),(249,16,27,NULL,1,0,0,1,NULL),(250,16,7,NULL,1,0,0,1,NULL),(251,16,10,NULL,0,0,0,0,NULL),(252,16,9,NULL,0,0,1,0,NULL),(253,16,9,NULL,0,0,0,0,NULL),(254,16,11,NULL,1,0,0,1,NULL),(255,16,13,NULL,1,1,0,0,NULL),(256,16,14,NULL,1,0,0,1,NULL),(257,16,14,NULL,1,0,0,1,NULL),(258,16,15,NULL,1,0,0,1,NULL),(259,16,15,NULL,1,0,0,1,NULL),(260,16,17,NULL,1,0,0,1,NULL),(261,16,19,NULL,1,0,0,1,NULL),(262,16,19,NULL,1,0,0,1,NULL),(263,16,20,NULL,1,0,0,1,NULL),(264,16,20,NULL,1,0,0,1,NULL),(265,16,21,NULL,1,0,0,1,NULL),(266,16,21,NULL,1,0,0,1,NULL),(267,17,1,NULL,0,0,0,0,NULL),(268,17,1,NULL,1,1,0,0,NULL),(269,17,2,NULL,1,0,0,1,NULL),(270,17,4,NULL,1,0,0,1,NULL),(271,17,4,NULL,1,0,0,1,NULL),(272,17,5,NULL,1,0,0,1,NULL),(273,17,27,NULL,1,0,0,1,NULL),(274,17,27,NULL,1,0,0,1,NULL),(275,17,7,NULL,1,0,0,1,NULL),(276,17,8,NULL,1,0,0,1,NULL),(277,17,9,NULL,1,0,0,1,NULL),(278,17,9,NULL,1,0,0,1,NULL),(279,17,10,NULL,1,0,0,1,NULL),(280,17,10,NULL,1,0,0,1,NULL),(281,17,11,NULL,1,0,0,1,NULL),(282,17,11,NULL,0,0,0,0,NULL),(283,17,12,NULL,1,0,0,1,NULL),(284,17,13,NULL,1,0,0,1,NULL),(285,17,14,NULL,1,0,0,1,NULL),(286,17,15,NULL,1,0,0,1,NULL),(287,17,19,NULL,1,0,0,1,NULL),(288,17,19,NULL,1,0,0,1,NULL),(289,17,20,NULL,1,0,0,1,NULL),(290,17,20,NULL,1,0,0,1,NULL),(291,17,21,NULL,1,0,0,1,NULL),(292,18,1,NULL,1,0,1,1,'36.5'),(293,18,1,NULL,1,0,1,1,'36.5'),(294,18,2,NULL,1,0,1,1,NULL),(295,18,4,NULL,1,0,0,1,NULL),(296,18,4,NULL,1,0,0,1,NULL),(297,18,5,NULL,1,0,1,1,'39'),(298,18,5,NULL,1,0,1,1,'35'),(299,18,27,NULL,1,0,1,1,'41'),(300,18,7,NULL,1,0,0,1,'41.5'),(301,18,7,NULL,1,0,1,1,'41.5'),(302,18,8,NULL,1,0,0,1,NULL),(303,18,9,NULL,0,0,0,0,NULL),(304,18,9,NULL,1,0,1,1,'27'),(305,18,10,NULL,1,0,1,1,'40.5'),(306,18,10,NULL,1,0,1,1,'39'),(307,18,11,NULL,0,0,0,0,NULL),(308,18,12,NULL,1,0,0,1,NULL),(309,18,13,NULL,1,0,0,1,NULL),(310,18,14,NULL,0,0,0,0,NULL),(311,18,15,NULL,1,0,0,1,NULL),(312,18,14,NULL,1,0,0,1,NULL),(313,18,15,NULL,1,0,0,1,NULL),(314,18,19,NULL,0,0,0,0,NULL),(315,18,19,NULL,1,0,0,1,NULL),(316,18,20,NULL,1,0,0,1,NULL),(317,18,20,NULL,1,0,1,1,'41'),(318,18,21,NULL,1,0,0,1,NULL),(319,18,21,NULL,1,0,0,1,NULL),(320,20,1,NULL,0,0,1,0,NULL),(321,20,2,NULL,1,0,1,1,'24'),(322,20,4,NULL,1,0,0,1,NULL),(323,20,4,NULL,0,0,1,0,NULL),(324,20,5,NULL,0,0,0,0,NULL),(325,20,5,NULL,1,0,1,1,'36'),(326,20,27,NULL,1,0,0,1,NULL),(327,20,27,NULL,0,0,1,0,NULL),(328,20,7,NULL,0,0,0,0,NULL),(329,20,9,NULL,1,0,1,1,'28'),(330,20,9,NULL,0,0,1,0,NULL),(331,20,10,NULL,1,0,0,1,NULL),(332,20,11,NULL,1,0,0,1,NULL),(333,20,12,NULL,1,0,0,1,NULL),(334,20,13,NULL,1,0,0,1,NULL),(335,20,14,NULL,1,0,0,1,NULL),(336,20,15,NULL,1,0,0,1,NULL),(337,20,19,NULL,0,0,1,0,NULL),(338,20,19,NULL,1,0,0,1,NULL),(339,20,20,NULL,1,0,0,1,NULL),(340,20,20,NULL,1,0,0,1,NULL),(341,20,21,NULL,1,0,0,1,NULL),(342,20,7,NULL,1,0,1,1,'34'),(343,24,1,NULL,0,0,0,0,NULL),(344,24,2,NULL,0,0,0,0,NULL),(345,24,1,NULL,1,0,1,1,'38'),(346,24,4,NULL,1,0,0,1,NULL),(347,24,5,NULL,1,0,0,1,NULL),(348,24,5,NULL,1,0,0,1,NULL),(349,24,27,NULL,1,0,0,1,NULL),(350,24,7,NULL,1,0,0,1,NULL),(351,24,7,NULL,0,0,0,0,NULL),(352,24,9,NULL,1,0,1,1,'35'),(353,24,9,NULL,1,0,1,1,'36'),(354,24,10,NULL,0,0,0,0,NULL),(355,24,11,NULL,1,0,0,1,NULL),(356,24,12,NULL,0,0,0,0,NULL),(357,24,13,NULL,0,1,0,0,NULL),(358,24,14,NULL,1,0,0,1,NULL),(359,24,15,NULL,1,0,0,1,NULL),(360,24,14,NULL,1,0,0,1,NULL),(361,24,15,NULL,0,0,0,0,NULL),(367,24,19,NULL,0,1,0,0,NULL),(368,24,20,NULL,1,0,1,1,'39'),(369,24,21,NULL,1,0,0,1,NULL),(370,24,21,NULL,1,0,1,1,'39'),(371,24,20,NULL,0,0,1,0,NULL),(372,25,1,NULL,1,0,1,1,'33'),(373,25,2,NULL,1,0,1,1,'34'),(374,25,4,NULL,1,0,1,1,'41'),(375,25,5,NULL,1,0,1,1,'35'),(376,25,5,NULL,0,0,0,0,NULL),(377,25,27,NULL,1,0,0,1,NULL),(378,25,7,NULL,1,0,0,1,NULL),(379,25,8,NULL,0,0,0,0,NULL),(380,25,9,NULL,1,0,1,1,'31.5'),(381,25,9,NULL,1,1,1,0,NULL),(382,25,10,NULL,0,0,0,0,NULL),(383,25,11,NULL,1,0,0,1,NULL),(384,25,11,NULL,0,0,0,0,NULL),(386,25,13,NULL,1,0,0,1,NULL),(387,25,14,NULL,1,0,0,1,NULL),(388,25,14,NULL,1,1,0,0,NULL),(389,25,15,NULL,1,0,0,1,NULL),(390,25,19,NULL,0,0,0,0,NULL),(391,25,20,NULL,1,0,0,1,NULL),(392,25,21,NULL,1,0,0,1,NULL),(393,25,1,NULL,1,0,1,1,'33'),(394,25,4,NULL,1,0,1,1,'36.5'),(395,25,7,NULL,1,0,0,1,NULL),(396,25,10,NULL,0,0,0,0,NULL),(397,25,15,NULL,1,0,0,1,NULL),(398,26,1,NULL,0,0,1,0,NULL),(399,26,1,NULL,1,0,1,1,NULL),(400,26,2,NULL,1,0,0,1,NULL),(401,26,4,NULL,1,0,0,1,NULL),(402,26,4,NULL,1,0,0,1,NULL),(403,26,5,NULL,0,0,0,0,NULL),(404,26,5,NULL,0,0,0,0,NULL),(405,26,27,NULL,1,0,0,1,NULL),(406,26,27,NULL,1,0,0,1,NULL),(407,26,7,NULL,1,0,0,1,NULL),(408,26,7,NULL,0,0,0,0,NULL),(410,26,9,NULL,1,0,1,1,'31.5'),(411,26,9,NULL,0,0,0,0,NULL),(412,26,10,NULL,0,0,1,0,NULL),(413,26,10,NULL,1,0,1,1,'34'),(414,26,11,NULL,0,0,0,0,NULL),(415,26,11,NULL,1,0,0,1,NULL),(416,26,14,NULL,1,1,0,0,NULL),(417,26,15,NULL,1,0,0,1,NULL),(418,26,17,NULL,1,0,0,1,NULL),(419,26,18,NULL,1,0,0,1,NULL),(420,26,19,NULL,1,0,0,1,NULL),(421,26,20,NULL,1,0,0,1,NULL),(422,26,24,NULL,0,0,0,0,NULL),(423,26,24,NULL,0,0,0,0,NULL),(424,27,1,NULL,1,0,0,1,NULL),(425,27,1,NULL,0,0,0,0,NULL),(426,27,2,NULL,1,1,1,0,NULL),(427,27,4,NULL,1,0,0,1,NULL),(428,27,4,NULL,1,0,0,1,NULL),(429,27,5,NULL,1,1,0,0,NULL),(430,27,5,NULL,0,0,0,0,NULL),(431,27,27,NULL,1,0,0,1,NULL),(432,27,27,NULL,1,0,0,1,NULL),(433,27,7,NULL,0,0,1,0,NULL),(434,27,7,NULL,0,0,1,0,NULL),(435,27,8,NULL,0,0,0,0,NULL),(436,27,9,NULL,1,0,1,1,'34.5'),(437,27,9,NULL,1,0,1,1,'34'),(438,27,10,NULL,0,0,0,0,NULL),(439,27,11,NULL,1,0,0,1,NULL),(440,27,11,NULL,1,0,1,1,'26'),(441,27,12,NULL,0,0,0,0,NULL),(443,27,13,NULL,0,0,0,0,NULL),(444,27,14,NULL,1,0,0,1,NULL),(445,27,14,NULL,1,0,0,1,NULL),(446,27,15,NULL,0,0,0,0,NULL),(447,27,15,NULL,1,0,0,1,NULL),(448,27,19,NULL,1,0,0,1,NULL),(449,27,20,NULL,1,0,1,1,'38.5'),(450,27,21,NULL,1,0,0,1,NULL),(451,27,13,NULL,1,0,0,1,NULL);
/*!40000 ALTER TABLE `resultat_item` ENABLE KEYS */;
UNLOCK TABLES;

--
-- Table structure for table `taxon`
--

DROP TABLE IF EXISTS `taxon`;
/*!40101 SET @saved_cs_client     = @@character_set_client */;
/*!40101 SET character_set_client = utf8 */;
CREATE TABLE `taxon` (
  `taxon_id` int(11) NOT NULL AUTO_INCREMENT,
  `taxon_navn` varchar(100) NOT NULL,
  `taxon_navn_dk` varchar(100) DEFAULT NULL,
  `taxon_artsgruppe` varchar(50) DEFAULT NULL,
  `taxon_basisliste` tinyint(1) NOT NULL DEFAULT '0',
  `taxon_prioritet` tinyint(3) NOT NULL DEFAULT '5',
  PRIMARY KEY (`taxon_id`),
  UNIQUE KEY `taxon_navn` (`taxon_navn`)
) ENGINE=InnoDB AUTO_INCREMENT=29 DEFAULT CHARSET=utf8;
/*!40101 SET character_set_client = @saved_cs_client */;

--
-- Dumping data for table `taxon`
--

LOCK TABLES `taxon` WRITE;
/*!40000 ALTER TABLE `taxon` DISABLE KEYS */;
INSERT INTO `taxon` VALUES (1,'Perca fluviatilis','Aborre','Fisk',1,1),(2,'Abramis brama','Brasen','Fisk',1,2),(3,'Misgurnus fossilis','Dyndsmerling','Fisk',1,3),(4,'Anguilla anguilla','Europæisk ål','Fisk',1,4),(5,'Esox lucius','Gedde','Fisk',1,5),(7,'Carassius carassius','Karusse','Fisk',1,7),(8,'Cobitis taenia','Pigsmerling','Fisk',1,8),(9,'Rutilus rutilus','Skalle','Fisk',1,9),(10,'Gasterosteus aculeatus','Trepigget hundestejle','Fisk',1,10),(11,'Dytiscus latissimus','Bred vandkalv','Biller',1,11),(12,'Graphoderus bilineatus','Lys skivevandkalv','Biller',1,12),(13,'Leucorrhinia pectoralis','Stor kærguldsmed','Guldsmede',1,13),(14,'Astacus astacus','Flodkrebs','Tibenede krebsdyr',1,14),(15,'Pacifastacus leniusculus','Signalkrebs','Tibenede krebsdyr',1,15),(16,'Bufotes variabilis','Grønbroget tudse','Padder',1,16),(17,'Pelobates fuscus','Løgfrø','Padder',1,18),(18,'Hyla arborea','Løvfrø','Padder',1,19),(19,'Rana arvalis','Spidssnudet frø','Padder',1,21),(20,'Lissotriton vulgaris','Lille vandsalamander','Padder',1,22),(21,'Triturus cristatus','Stor vandsalamander','Padder',1,23),(22,'Rana temporaria','Butsnudet frø','Padder',1,26),(24,'Lutra lutra','Odder','Pattedyr',1,24),(25,'Asagena phalerata','Smuk voksedderkop','Edderkopper',0,30),(26,'Epidalea calamita','Strandtudse','Padder',1,20),(27,'Cyprinus carpio','Karpe','Fisk',1,6),(28,'Bombina bombina','Klokkefrø','Padder',1,17);
/*!40000 ALTER TABLE `taxon` ENABLE KEYS */;
UNLOCK TABLES;
/*!40103 SET TIME_ZONE=@OLD_TIME_ZONE */;

/*!40101 SET SQL_MODE=@OLD_SQL_MODE */;
/*!40014 SET FOREIGN_KEY_CHECKS=@OLD_FOREIGN_KEY_CHECKS */;
/*!40014 SET UNIQUE_CHECKS=@OLD_UNIQUE_CHECKS */;
/*!40101 SET CHARACTER_SET_CLIENT=@OLD_CHARACTER_SET_CLIENT */;
/*!40101 SET CHARACTER_SET_RESULTS=@OLD_CHARACTER_SET_RESULTS */;
/*!40101 SET COLLATION_CONNECTION=@OLD_COLLATION_CONNECTION */;
/*!40111 SET SQL_NOTES=@OLD_SQL_NOTES */;

-- Dump completed on 2016-06-09 10:38:25
