-- phpMyAdmin SQL Dump
-- version 4.0.10deb1
-- http://www.phpmyadmin.net
--
-- Host: localhost
-- Generation Time: Jun 09, 2016 at 07:38 AM
-- Server version: 5.5.44-0ubuntu0.14.04.1
-- PHP Version: 5.5.9-1ubuntu4.13

SET SQL_MODE = "NO_AUTO_VALUE_ON_ZERO";
SET time_zone = "+00:00";


/*!40101 SET @OLD_CHARACTER_SET_CLIENT=@@CHARACTER_SET_CLIENT */;
/*!40101 SET @OLD_CHARACTER_SET_RESULTS=@@CHARACTER_SET_RESULTS */;
/*!40101 SET @OLD_COLLATION_CONNECTION=@@COLLATION_CONNECTION */;
/*!40101 SET NAMES utf8 */;

--
-- Database: `dnaliv`
--

-- --------------------------------------------------------

--
-- Table structure for table `booking`
--

CREATE TABLE IF NOT EXISTS `booking` (
  `booking_id` int(11) NOT NULL AUTO_INCREMENT,
  `sagsNo` varchar(30) NOT NULL,
  `DatoForBesoeg` datetime DEFAULT NULL,
  `DatoForBooking` datetime DEFAULT NULL,
  `status` int(1) NOT NULL,
  `created_timestamp` timestamp NOT NULL DEFAULT CURRENT_TIMESTAMP,
  `created_userName` varchar(40) DEFAULT NULL,
  `locked_by` varchar(50) DEFAULT NULL,
  `periode` int(11) NOT NULL,
  `aar_periode` int(11) NOT NULL,
  `lokalitet_id` int(11) DEFAULT NULL,
  PRIMARY KEY (`booking_id`)
) ENGINE=InnoDB  DEFAULT CHARSET=utf8 AUTO_INCREMENT=244 ;

--
-- Dumping data for table `booking`
--

INSERT INTO `booking` (`booking_id`, `sagsNo`, `DatoForBesoeg`, `DatoForBooking`, `status`, `created_timestamp`, `created_userName`, `locked_by`, `periode`, `aar_periode`, `lokalitet_id`) VALUES
(1, 'aTest01', '2014-09-17 00:00:00', '0000-00-00 00:00:00', 1, '2016-05-23 10:52:49', NULL, NULL, 1, 1, NULL),
(2, 'aTest02', '2014-09-19 00:00:00', '0000-00-00 00:00:00', 1, '2016-05-23 10:52:49', NULL, NULL, 1, 1, NULL),
(3, 'aTest03', '2014-09-23 00:00:00', '0000-00-00 00:00:00', 1, '2016-05-23 10:52:49', NULL, NULL, 1, 1, NULL),
(4, 'aTest04', '2014-09-24 00:00:00', '0000-00-00 00:00:00', 1, '2016-05-23 10:52:49', NULL, NULL, 1, 1, NULL),
(5, 'aTest05', '2014-09-25 00:00:00', '0000-00-00 00:00:00', 1, '2016-05-23 10:52:50', NULL, NULL, 1, 1, NULL),
(6, 'aTest06', '2014-09-26 00:00:00', '0000-00-00 00:00:00', 1, '2016-05-23 10:52:50', NULL, NULL, 1, 1, NULL),
(7, 'aTest07', '2014-10-01 00:00:00', '0000-00-00 00:00:00', 1, '2016-05-23 10:52:51', NULL, NULL, 1, 1, NULL),
(8, 'F13-003', '2014-10-07 00:00:00', '2014-04-07 00:00:00', 1, '2016-05-23 10:52:51', NULL, NULL, 1, 1, NULL),
(9, 'F13-004', '2014-10-08 00:00:00', '2014-04-07 00:00:00', 1, '2016-05-23 10:52:51', NULL, NULL, 1, 1, NULL),
(10, 'F13-019', '2014-10-09 00:00:00', '2014-05-21 00:00:00', 1, '2016-05-23 10:52:52', NULL, NULL, 1, 1, NULL),
(11, 'F13-008', '2014-10-10 00:00:00', '2014-04-08 00:00:00', 1, '2016-05-23 10:52:52', NULL, NULL, 1, 1, NULL),
(12, 'F13-009', '2014-10-14 00:00:00', '2014-04-08 00:00:00', -1, '2016-05-23 10:52:53', NULL, NULL, 1, 1, NULL),
(13, 'F13-016', '2014-10-15 00:00:00', '2014-05-21 00:00:00', -1, '2016-05-23 10:52:53', NULL, NULL, 1, 1, NULL),
(14, 'F13-041', '2014-10-16 00:00:00', '2014-06-26 00:00:00', -1, '2016-05-23 10:52:53', NULL, NULL, 1, 1, NULL),
(15, 'F13-012', '2014-10-21 00:00:00', '2014-04-08 00:00:00', 1, '2016-05-23 10:52:53', NULL, NULL, 1, 1, NULL),
(16, 'F13-014', '2014-10-22 00:00:00', '2014-05-15 00:00:00', 1, '2016-05-23 10:52:54', NULL, NULL, 1, 1, NULL),
(17, 'F13-038', '2014-10-23 00:00:00', '2014-06-24 00:00:00', 1, '2016-05-23 10:52:54', NULL, NULL, 1, 1, NULL),
(18, 'F13-025', '2014-10-24 00:00:00', '2014-05-27 00:00:00', 1, '2016-05-23 10:52:54', NULL, NULL, 1, 1, NULL),
(19, 'F13-020', '2014-10-28 00:00:00', '2014-05-21 00:00:00', 1, '2016-05-23 10:52:55', NULL, NULL, 1, 1, NULL),
(20, 'F13-010', '2014-10-29 00:00:00', '2014-04-08 00:00:00', 1, '2016-05-23 10:52:55', NULL, NULL, 1, 1, NULL),
(21, 'F13-022', '2014-10-30 00:00:00', '2014-05-23 00:00:00', 1, '2016-05-23 10:52:55', NULL, NULL, 1, 1, NULL),
(22, 'F13-005', '2014-10-31 00:00:00', '2014-04-07 00:00:00', 1, '2016-05-23 10:52:55', NULL, NULL, 1, 1, NULL),
(23, 'F13-006', '2014-11-04 00:00:00', '2014-04-08 00:00:00', 1, '2016-05-23 10:52:56', NULL, NULL, 1, 1, NULL),
(24, 'F13-026', '2014-11-05 00:00:00', '2014-05-27 00:00:00', -1, '2016-05-23 10:52:56', NULL, NULL, 1, 1, NULL),
(25, 'F14-022', '2014-11-05 00:00:00', '2014-10-10 00:00:00', 1, '2016-05-23 10:52:57', NULL, NULL, 1, 1, NULL),
(26, 'F13-013', '2014-11-06 00:00:00', '2014-05-14 00:00:00', 1, '2016-05-23 10:52:57', NULL, NULL, 1, 1, NULL),
(27, 'F13-015', '2014-11-07 00:00:00', '2014-05-21 00:00:00', 1, '2016-05-23 10:52:57', NULL, NULL, 1, 1, NULL),
(28, 'F13-024', '2014-11-11 00:00:00', '2014-05-26 00:00:00', 1, '2016-05-23 10:52:57', NULL, NULL, 1, 1, NULL),
(29, 'F13-027', '2014-11-12 00:00:00', '2014-05-28 00:00:00', 1, '2016-05-23 10:52:57', NULL, NULL, 1, 1, NULL),
(30, 'F13-032', '2014-11-13 00:00:00', '2014-05-29 00:00:00', -1, '2016-05-23 10:52:58', NULL, NULL, 1, 1, NULL),
(31, 'F13-031', '2014-11-14 00:00:00', '2014-05-28 00:00:00', 1, '2016-05-23 10:52:58', NULL, NULL, 1, 1, NULL),
(32, 'F13-040', '2014-11-18 00:00:00', '2014-06-26 00:00:00', 1, '2016-05-23 10:52:58', NULL, NULL, 1, 1, NULL),
(33, 'F13-042', '2014-11-19 00:00:00', '2014-06-26 00:00:00', 1, '2016-05-23 10:52:58', NULL, NULL, 1, 1, NULL),
(34, 'F13-045', '2014-11-20 00:00:00', '2014-06-26 00:00:00', 1, '2016-05-23 10:52:59', NULL, NULL, 1, 1, NULL),
(35, 'F13-044', '2014-11-21 00:00:00', '2014-06-26 00:00:00', -1, '2016-05-23 10:52:59', NULL, NULL, 1, 1, NULL),
(36, 'F13-023', '2014-11-25 00:00:00', '2014-05-26 00:00:00', 1, '2016-05-23 10:52:59', NULL, NULL, 1, 1, NULL),
(37, 'F13-049', '2014-11-26 00:00:00', '2014-07-03 00:00:00', 1, '2016-05-23 10:52:59', NULL, NULL, 1, 1, NULL),
(38, 'F13-002', '2014-11-28 00:00:00', '2014-04-07 00:00:00', 1, '2016-05-23 10:53:00', NULL, NULL, 1, 1, NULL),
(39, 'F13-052', '2014-12-02 00:00:00', '2014-07-31 00:00:00', 1, '2016-05-23 10:53:00', NULL, NULL, 1, 1, NULL),
(40, 'F13-028', '2014-12-03 00:00:00', '2014-05-28 00:00:00', -1, '2016-05-23 10:53:00', NULL, NULL, 1, 1, NULL),
(41, 'F13-034', '2014-12-04 00:00:00', '2014-06-03 00:00:00', 1, '2016-05-23 10:53:00', NULL, NULL, 1, 1, NULL),
(42, 'F14-016', '2014-12-05 00:00:00', '2014-08-26 00:00:00', 1, '2016-05-23 10:53:01', NULL, NULL, 1, 1, NULL),
(43, 'F13-048', '2014-12-09 00:00:00', '2014-07-02 00:00:00', 1, '2016-05-23 10:53:02', NULL, NULL, 1, 1, NULL),
(44, 'F13-007', '2014-12-10 00:00:00', '2014-04-08 00:00:00', 1, '2016-05-23 10:53:02', NULL, NULL, 1, 1, NULL),
(45, 'F14-005', '2014-12-11 00:00:00', '2014-08-11 00:00:00', -1, '2016-05-23 10:53:02', NULL, NULL, 1, 1, NULL),
(46, 'F13-036', '2014-12-12 00:00:00', '2014-06-19 00:00:00', 1, '2016-05-23 10:53:02', NULL, NULL, 1, 1, NULL),
(47, 'F14-013', '2014-12-16 00:00:00', '2014-08-20 00:00:00', -1, '2016-05-23 10:53:03', NULL, NULL, 1, 1, NULL),
(48, 'F14-006', '2014-12-17 00:00:00', '2014-06-26 00:00:00', 1, '2016-05-23 10:53:03', NULL, NULL, 1, 1, NULL),
(49, 'F14-017', '2014-12-18 00:00:00', '2014-08-26 00:00:00', 1, '2016-05-23 10:53:03', NULL, NULL, 1, 1, NULL),
(50, 'F14-009', '2015-01-06 00:00:00', '2014-08-18 00:00:00', -1, '2016-05-23 10:53:03', NULL, NULL, 2, 1, NULL),
(51, 'F14-010', '2015-01-07 00:00:00', '2014-08-18 00:00:00', -1, '2016-05-23 10:53:04', NULL, NULL, 2, 1, NULL),
(52, 'F14-031', '2015-01-07 00:00:00', '2014-11-21 00:00:00', 1, '2016-05-23 10:53:04', NULL, NULL, 2, 1, NULL),
(53, 'F14-007', '2015-01-08 00:00:00', '2014-08-12 00:00:00', 1, '2016-05-23 10:53:04', NULL, NULL, 2, 1, NULL),
(54, 'F14-018', '2015-01-09 00:00:00', '2014-08-31 00:00:00', -1, '2016-05-23 10:53:05', NULL, NULL, 2, 1, NULL),
(55, 'F14-033', '2015-01-09 00:00:00', '2014-12-05 00:00:00', 1, '2016-05-23 10:53:05', NULL, NULL, 2, 1, NULL),
(56, 'F13-021', '2015-01-13 00:00:00', '2014-05-22 00:00:00', 1, '2016-05-23 10:53:05', NULL, NULL, 2, 1, NULL),
(57, 'F13-039', '2015-01-14 00:00:00', '2014-06-24 00:00:00', 1, '2016-05-23 10:53:05', NULL, NULL, 2, 1, NULL),
(58, 'F13-047', '2015-01-15 00:00:00', '2014-07-01 00:00:00', 1, '2016-05-23 10:53:06', NULL, NULL, 2, 1, NULL),
(59, 'F14-015', '2015-01-16 00:00:00', '2014-08-25 00:00:00', 1, '2016-05-23 10:53:06', NULL, NULL, 2, 1, NULL),
(60, 'F13-043', '2015-01-20 00:00:00', '2014-06-26 00:00:00', 1, '2016-05-23 10:53:06', NULL, NULL, 2, 1, NULL),
(61, 'F13-037', '2015-01-21 00:00:00', '2014-06-22 00:00:00', 1, '2016-05-23 10:53:06', NULL, NULL, 2, 1, NULL),
(62, 'F14-004', '2015-01-22 00:00:00', '2014-08-07 00:00:00', 1, '2016-05-23 10:53:07', NULL, NULL, 2, 1, NULL),
(63, 'F14-020', '2015-01-23 00:00:00', '2014-09-11 00:00:00', 1, '2016-05-23 10:53:07', NULL, NULL, 2, 1, NULL),
(64, 'F14-011', '2015-01-27 00:00:00', '2014-08-19 00:00:00', 1, '2016-05-23 10:53:07', NULL, NULL, 2, 1, NULL),
(65, 'F14-027', '2015-01-28 00:00:00', '2014-11-19 00:00:00', -1, '2016-05-23 10:53:07', NULL, NULL, 2, 1, NULL),
(66, 'F14-026', '2015-01-29 00:00:00', '2014-11-13 00:00:00', 1, '2016-05-23 10:53:08', NULL, NULL, 2, 1, NULL),
(67, 'F14-028', '2015-02-03 00:00:00', '2014-11-19 00:00:00', 1, '2016-05-23 10:53:08', NULL, NULL, 2, 1, NULL),
(68, 'F14-024', '2015-02-04 00:00:00', '2014-11-07 00:00:00', 1, '2016-05-23 10:53:08', NULL, NULL, 2, 1, NULL),
(69, 'F13-011', '2015-02-05 00:00:00', '2014-04-08 00:00:00', 1, '2016-05-23 10:53:08', NULL, NULL, 2, 1, NULL),
(70, 'F14-032', '2015-02-06 00:00:00', '2014-11-27 00:00:00', -1, '2016-05-23 10:53:09', NULL, NULL, 2, 1, NULL),
(71, 'F14-034', '2015-02-17 00:00:00', '2014-12-16 00:00:00', 1, '2016-05-23 10:53:09', NULL, NULL, 2, 1, NULL),
(72, 'F14-021', '2015-02-20 00:00:00', '2014-09-22 00:00:00', 1, '2016-05-23 10:53:09', NULL, NULL, 2, 1, NULL),
(73, 'F14-055', '2015-02-24 00:00:00', '2015-01-21 00:00:00', 1, '2016-05-23 10:53:09', NULL, NULL, 2, 1, NULL),
(74, 'F14-052', '2015-02-26 00:00:00', '2014-11-19 00:00:00', 1, '2016-05-23 10:53:10', NULL, NULL, 2, 1, NULL),
(75, 'F14-025', '2015-02-27 00:00:00', '2014-11-12 00:00:00', 1, '2016-05-23 10:53:10', NULL, NULL, 2, 1, NULL),
(76, 'F13-033', '2015-03-06 00:00:00', '2014-06-01 00:00:00', 1, '2016-05-23 10:53:10', NULL, NULL, 2, 1, NULL),
(77, 'F13-035', '2015-03-10 00:00:00', '2014-06-17 00:00:00', 1, '2016-05-23 10:53:10', NULL, NULL, 2, 1, NULL),
(78, 'F13-046_1', '2015-03-11 00:00:00', '2014-06-30 00:00:00', 1, '2016-05-23 10:53:11', NULL, NULL, 2, 1, NULL),
(79, 'F13-046_2', '2015-03-11 00:00:00', '2014-06-30 00:00:00', 1, '2016-05-23 10:53:11', NULL, NULL, 2, 1, NULL),
(80, 'F14-008', '2015-03-17 00:00:00', '2014-08-14 00:00:00', 1, '2016-05-23 10:53:11', NULL, NULL, 2, 1, NULL),
(81, 'F14-054', '2015-03-19 00:00:00', '2015-01-20 00:00:00', 1, '2016-05-23 10:53:12', NULL, NULL, 2, 1, NULL),
(82, 'F14-036', '2015-03-20 00:00:00', '2015-01-04 00:00:00', 1, '2016-05-23 10:53:12', NULL, NULL, 2, 1, NULL),
(83, 'F14-050', '2015-03-24 00:00:00', '2015-01-13 00:00:00', -1, '2016-05-23 10:53:13', NULL, NULL, 2, 1, NULL),
(84, 'F14-030', '2015-03-25 00:00:00', '2014-11-20 00:00:00', 1, '2016-05-23 10:53:13', NULL, NULL, 2, 1, NULL),
(85, 'F14-063', '2015-03-26 00:00:00', '2015-02-06 00:00:00', 1, '2016-05-23 10:53:14', NULL, NULL, 2, 1, NULL),
(86, 'F14-058', '2015-04-07 00:00:00', '2015-02-02 00:00:00', 1, '2016-05-23 10:53:14', NULL, NULL, 2, 1, NULL),
(87, 'F14-012', '2015-04-08 00:00:00', '2014-08-19 00:00:00', -1, '2016-05-23 10:53:14', NULL, NULL, 2, 1, NULL),
(88, 'F14-044', '2015-04-08 00:00:00', '2015-01-12 00:00:00', 1, '2016-05-23 10:53:15', NULL, NULL, 2, 1, NULL),
(89, 'F13-051', '2015-04-09 00:00:00', '2014-07-23 00:00:00', 1, '2016-05-23 10:53:15', NULL, NULL, 2, 1, NULL),
(90, 'F14-029', '2015-04-10 00:00:00', '2014-11-20 00:00:00', 1, '2016-05-23 10:53:15', NULL, NULL, 2, 1, NULL),
(91, 'F14-037', '2015-04-14 00:00:00', '2015-01-04 00:00:00', -1, '2016-05-23 10:53:16', NULL, NULL, 2, 1, NULL),
(92, 'F14-041', '2015-04-15 00:00:00', '2015-01-09 00:00:00', 1, '2016-05-23 10:53:16', NULL, NULL, 2, 1, NULL),
(93, 'F14-045', '2015-04-16 00:00:00', '2015-01-12 00:00:00', 1, '2016-05-23 10:53:16', NULL, NULL, 2, 1, NULL),
(94, 'F14-038', '2015-04-17 00:00:00', '2015-01-04 00:00:00', -1, '2016-05-23 10:53:17', NULL, NULL, 2, 1, NULL),
(95, 'F14-053', '2015-04-17 00:00:00', '2015-01-20 00:00:00', 1, '2016-05-23 10:53:17', NULL, NULL, 2, 1, NULL),
(96, 'F14-035', '2015-04-21 00:00:00', '2015-01-04 00:00:00', 1, '2016-05-23 10:53:17', NULL, NULL, 2, 1, NULL),
(97, 'F14-039', '2015-04-22 00:00:00', '2015-01-04 00:00:00', 1, '2016-05-23 10:53:17', NULL, NULL, 2, 1, NULL),
(98, 'F14-002', '2015-04-23 00:00:00', '2014-08-06 00:00:00', 1, '2016-05-23 10:53:18', NULL, NULL, 2, 1, NULL),
(99, 'F14-042', '2015-04-24 00:00:00', '2015-01-09 00:00:00', 1, '2016-05-23 10:53:18', NULL, NULL, 2, 1, NULL),
(100, 'F14-019', '2015-04-28 00:00:00', '2014-09-07 00:00:00', -1, '2016-05-23 10:53:18', NULL, NULL, 2, 1, NULL),
(101, 'F14-057', '2015-04-28 00:00:00', '2015-01-30 00:00:00', 1, '2016-05-23 10:53:19', NULL, NULL, 2, 1, NULL),
(102, 'F14-014', '2015-04-29 00:00:00', '0000-00-00 00:00:00', 1, '2016-05-23 10:53:19', NULL, NULL, 2, 1, NULL),
(103, 'F14-048', '2015-04-30 00:00:00', '0000-00-00 00:00:00', 1, '2016-05-23 10:53:19', NULL, NULL, 2, 1, NULL),
(104, 'F14-049', '2015-05-05 00:00:00', '2015-01-13 00:00:00', 1, '2016-05-23 10:53:20', NULL, NULL, 2, 1, NULL),
(105, 'F14-068', '2015-05-06 00:00:00', '2015-03-19 00:00:00', -1, '2016-05-23 10:53:20', NULL, NULL, 2, 1, NULL),
(106, 'F14-083', '2015-05-06 00:00:00', '2015-04-16 00:00:00', -1, '2016-05-23 10:53:21', NULL, NULL, 2, 1, NULL),
(107, 'F14-047', '2015-05-06 00:00:00', '2015-01-13 00:00:00', -1, '2016-05-23 10:53:21', NULL, NULL, 2, 1, NULL),
(108, 'F14-051', '2015-05-07 00:00:00', '2015-01-14 00:00:00', 0, '2016-05-23 10:53:22', NULL, NULL, 2, 1, NULL),
(109, 'F14-062', '2015-05-08 00:00:00', '2015-02-05 00:00:00', 1, '2016-05-23 10:53:22', NULL, NULL, 2, 1, NULL),
(110, 'F14-046', '2015-05-12 00:00:00', '2015-01-13 00:00:00', 1, '2016-05-23 10:53:22', NULL, NULL, 2, 1, NULL),
(111, 'F13-017', '2015-05-13 00:00:00', '2014-05-21 00:00:00', 1, '2016-05-23 10:53:23', NULL, NULL, 2, 1, NULL),
(112, 'F14-056', '2015-05-19 00:00:00', '2015-01-22 00:00:00', 1, '2016-05-23 10:53:23', NULL, NULL, 2, 1, NULL),
(113, 'F14-066', '2015-05-20 00:00:00', '2015-03-11 00:00:00', -1, '2016-05-23 10:53:24', NULL, NULL, 2, 1, NULL),
(114, 'F14-061', '2015-05-21 00:00:00', '2015-02-05 00:00:00', 1, '2016-05-23 10:53:24', NULL, NULL, 2, 1, NULL),
(115, 'F14-079', '2015-05-22 00:00:00', '2015-04-08 00:00:00', 1, '2016-05-23 10:53:24', NULL, NULL, 2, 1, NULL),
(116, 'F14-064', '2015-05-28 00:00:00', '2015-02-06 00:00:00', 1, '2016-05-23 10:53:25', NULL, NULL, 2, 1, NULL),
(117, 'F14-093', '2015-05-29 00:00:00', '2015-05-04 00:00:00', 1, '2016-05-23 10:53:25', NULL, NULL, 2, 1, NULL),
(118, 'F14-086', '2015-06-03 00:00:00', '2015-04-20 00:00:00', 1, '2016-05-23 10:53:25', NULL, NULL, 2, 1, NULL),
(119, 'F14-086_2', '2015-06-03 00:00:00', '2015-04-20 00:00:00', 1, '2016-05-23 10:53:25', NULL, NULL, 2, 1, NULL),
(120, 'F14-080', '2015-08-25 00:00:00', '2015-04-08 00:00:00', -1, '2016-05-23 10:53:25', NULL, NULL, 3, 2, NULL),
(121, 'F14-106', '2015-08-25 00:00:00', '2015-06-25 00:00:00', 1, '2016-05-23 10:53:26', NULL, NULL, 3, 2, NULL),
(122, 'F14-082', '2015-08-26 00:00:00', '2015-04-16 00:00:00', 1, '2016-05-23 10:53:26', NULL, NULL, 3, 2, NULL),
(123, 'F14-092', '2015-08-27 00:00:00', '2015-04-29 00:00:00', 1, '2016-05-23 10:53:26', NULL, NULL, 3, 2, NULL),
(124, 'F14-074', '2015-08-28 00:00:00', '2015-03-30 00:00:00', 1, '2016-05-23 10:53:27', NULL, NULL, 3, 2, NULL),
(125, 'F14-040', '2015-09-01 00:00:00', '2015-01-08 00:00:00', -1, '2016-05-23 10:53:27', NULL, NULL, 3, 2, NULL),
(126, 'F14-043', '2015-09-02 00:00:00', '2015-01-09 00:00:00', 1, '2016-05-23 10:53:27', NULL, NULL, 3, 2, NULL),
(127, 'F14-076', '2015-09-03 00:00:00', '2015-04-07 00:00:00', 1, '2016-05-23 10:53:27', NULL, NULL, 3, 2, NULL),
(128, 'F14-085', '2015-09-04 00:00:00', '2015-04-20 00:00:00', -1, '2016-05-23 10:53:28', NULL, NULL, 3, 2, NULL),
(129, 'F14-077', '2015-09-08 00:00:00', '2015-04-07 00:00:00', 1, '2016-05-23 10:53:28', NULL, NULL, 3, 2, NULL),
(130, 'F14-081', '2015-09-09 00:00:00', '2015-04-15 00:00:00', 1, '2016-05-23 10:53:28', NULL, NULL, 3, 2, NULL),
(131, 'F14-091', '2015-09-10 00:00:00', '2015-04-29 00:00:00', 1, '2016-05-23 10:53:29', NULL, NULL, 3, 2, NULL),
(132, 'F14-097', '2015-09-11 00:00:00', '2015-05-22 00:00:00', 1, '2016-05-23 10:53:29', NULL, NULL, 3, 2, NULL),
(133, 'F14-099', '2015-09-16 00:00:00', '2015-05-30 00:00:00', 1, '2016-05-23 10:53:30', NULL, NULL, 3, 2, NULL),
(134, 'F14-075', '2015-09-17 00:00:00', '2015-04-06 00:00:00', 1, '2016-05-23 10:53:30', NULL, NULL, 3, 2, NULL),
(135, 'F14-090', '2015-09-18 00:00:00', '2015-04-29 00:00:00', 1, '2016-05-23 10:53:30', NULL, NULL, 3, 2, NULL),
(136, 'F14-100', '2015-09-22 00:00:00', '2015-06-10 00:00:00', 1, '2016-05-23 10:53:30', NULL, NULL, 3, 2, NULL),
(137, 'F14-094', '2015-09-23 00:00:00', '2015-05-13 00:00:00', -1, '2016-05-23 10:53:31', NULL, NULL, 3, 2, NULL),
(138, 'F14-065', '2015-09-24 00:00:00', '2015-02-24 00:00:00', 1, '2016-05-23 10:53:31', NULL, NULL, 3, 2, NULL),
(139, 'F15-001', '2015-09-25 00:00:00', '2015-08-04 00:00:00', -1, '2016-05-23 10:53:31', NULL, NULL, 3, 2, NULL),
(140, 'F15-017', '2015-09-25 00:00:00', '2015-08-19 00:00:00', 1, '2016-05-23 10:53:32', NULL, NULL, 3, 2, NULL),
(141, 'F15-007', '2015-09-29 00:00:00', '2015-08-12 00:00:00', 1, '2016-05-23 10:53:32', NULL, NULL, 3, 2, NULL),
(142, 'F14-108', '2015-09-30 00:00:00', '2015-06-28 00:00:00', 1, '2016-05-23 10:53:32', NULL, NULL, 3, 2, NULL),
(143, 'F14-084', '2015-10-01 00:00:00', '2015-04-20 00:00:00', 1, '2016-05-23 10:53:33', NULL, NULL, 3, 2, NULL),
(144, 'F14-088', '2015-10-02 00:00:00', '2015-04-23 00:00:00', 1, '2016-05-23 10:53:33', NULL, NULL, 3, 2, NULL),
(145, 'F14-107', '2015-10-06 00:00:00', '2015-06-25 00:00:00', 1, '2016-05-23 10:53:33', NULL, NULL, 3, 2, NULL),
(146, 'F14-110', '2015-10-07 00:00:00', '2015-06-30 00:00:00', 1, '2016-05-23 10:53:34', NULL, NULL, 3, 2, NULL),
(147, 'F15-019', '2015-10-08 00:00:00', '2015-08-26 00:00:00', 1, '2016-05-23 10:53:34', NULL, NULL, 3, 2, NULL),
(148, 'F14-078', '2015-10-23 00:00:00', '2015-04-08 00:00:00', 1, '2016-05-23 10:53:34', NULL, NULL, 3, 2, NULL),
(149, 'F15-012', '2015-10-27 00:00:00', '2015-08-17 00:00:00', -1, '2016-05-23 10:53:35', NULL, NULL, 3, 2, NULL),
(150, 'F14-101', '2015-10-29 00:00:00', '2015-06-12 00:00:00', 0, '2016-05-23 10:53:36', NULL, NULL, 3, 2, NULL),
(151, 'F15-024', '2015-10-30 00:00:00', '2015-09-06 00:00:00', -1, '2016-05-23 10:53:36', NULL, NULL, 3, 2, NULL),
(152, 'F15-006', '2015-11-05 00:00:00', '2015-08-12 00:00:00', -1, '2016-05-23 10:53:36', NULL, NULL, 3, 2, NULL),
(153, 'F15-030', '2015-11-05 00:00:00', '2015-10-20 00:00:00', 1, '2016-05-23 10:53:36', NULL, NULL, 3, 2, NULL),
(154, 'F15-003', '2015-11-06 00:00:00', '2015-08-10 00:00:00', -1, '2016-05-23 10:53:37', NULL, NULL, 3, 2, NULL),
(155, 'F15-028', '2015-11-06 00:00:00', '2015-10-07 00:00:00', 1, '2016-05-23 10:53:37', NULL, NULL, 3, 2, NULL),
(156, 'F15-020', '2015-11-10 00:00:00', '2015-08-27 00:00:00', 1, '2016-05-23 10:53:37', NULL, NULL, 3, 2, NULL),
(157, 'F14-098', '2015-11-11 00:00:00', '2015-05-27 00:00:00', 1, '2016-05-23 10:53:38', NULL, NULL, 3, 2, NULL),
(158, 'F15-023', '2015-11-12 00:00:00', '2015-09-03 00:00:00', 1, '2016-05-23 10:53:38', NULL, NULL, 3, 2, NULL),
(159, 'F15-016', '2015-11-13 00:00:00', '2015-08-19 00:00:00', -1, '2016-05-23 10:53:38', NULL, NULL, 3, 2, NULL),
(160, 'F15-022', '2015-11-17 00:00:00', '2015-09-02 00:00:00', 1, '2016-05-23 10:53:39', NULL, NULL, 3, 2, NULL),
(161, 'F15-031', '2015-11-18 00:00:00', '2015-10-20 00:00:00', 1, '2016-05-23 10:53:39', NULL, NULL, 3, 2, NULL),
(162, 'F15-005', '2015-11-19 00:00:00', '2015-08-11 00:00:00', 1, '2016-05-23 10:53:40', NULL, NULL, 3, 2, NULL),
(163, 'F14-095', '2015-11-20 00:00:00', '2015-05-16 00:00:00', 1, '2016-05-23 10:53:40', NULL, NULL, 3, 2, NULL),
(164, 'F15-008', '2015-11-24 00:00:00', '2015-08-13 00:00:00', 1, '2016-05-23 10:53:41', NULL, NULL, 3, 2, NULL),
(165, 'F15-038', '2015-11-25 00:00:00', '2015-11-04 00:00:00', 1, '2016-05-23 10:53:41', NULL, NULL, 3, 2, NULL),
(166, 'F14-102', '2015-12-02 00:00:00', '2015-06-14 00:00:00', 1, '2016-05-23 10:53:41', NULL, NULL, 3, 2, NULL),
(167, 'F15-026', '2015-12-09 00:00:00', '2015-09-28 00:00:00', 1, '2016-05-23 10:53:42', NULL, NULL, 3, 2, NULL),
(168, 'F14-023', '2015-12-10 00:00:00', '2014-11-03 00:00:00', -1, '2016-05-23 10:53:42', NULL, NULL, 3, 2, NULL),
(169, 'F15-021', '2015-12-11 00:00:00', '2015-08-31 00:00:00', 1, '2016-05-23 10:53:42', NULL, NULL, 3, 2, NULL),
(170, 'F14-059', '2015-12-16 00:00:00', '2015-02-03 00:00:00', 1, '2016-05-23 10:53:42', NULL, NULL, 3, 2, NULL),
(171, 'F14-087', '2015-12-17 00:00:00', '2015-04-21 00:00:00', 1, '2016-05-23 10:53:43', NULL, NULL, 3, 2, NULL),
(172, 'F15-035', '2016-01-06 00:00:00', '2015-10-24 00:00:00', -1, '2016-05-23 10:53:43', NULL, NULL, 4, 2, NULL),
(173, 'F15-056', '2016-01-07 00:00:00', '2015-11-17 00:00:00', 1, '2016-05-23 10:53:43', NULL, NULL, 4, 2, NULL),
(174, 'F15-032', '2016-01-08 00:00:00', '2015-10-21 00:00:00', 1, '2016-05-23 10:53:44', NULL, NULL, 4, 2, NULL),
(175, 'F15-067', '2016-01-12 00:00:00', '2015-11-30 00:00:00', 1, '2016-05-23 10:53:44', NULL, NULL, 4, 2, NULL),
(176, 'F15-071', '2016-01-15 00:00:00', '2015-12-07 00:00:00', 1, '2016-05-23 10:53:44', NULL, NULL, 4, 2, NULL),
(177, 'F15-064', '2016-01-19 00:00:00', '2015-11-24 00:00:00', 1, '2016-05-23 10:53:45', NULL, NULL, 4, 2, NULL),
(178, 'F14-089', '2016-01-20 00:00:00', '2015-04-24 00:00:00', 1, '2016-05-23 10:53:45', NULL, NULL, 4, 2, NULL),
(179, 'F15-018', '2016-01-21 00:00:00', '2015-08-21 00:00:00', -1, '2016-05-23 10:53:45', NULL, NULL, 4, 2, NULL),
(180, 'F14-109', '2016-01-21 00:00:00', '2015-05-19 00:00:00', 1, '2016-05-23 10:53:46', NULL, NULL, 4, 2, NULL),
(181, 'F15-081', '2016-01-21 00:00:00', '2015-05-19 00:00:00', 1, '2016-05-23 10:53:47', NULL, NULL, 4, 2, NULL),
(182, 'F15-080', '2016-01-26 00:00:00', '2016-01-05 00:00:00', 1, '2016-05-23 10:53:47', NULL, NULL, 4, 2, NULL),
(183, 'F15-013', '2016-01-27 00:00:00', '2015-08-17 00:00:00', 1, '2016-05-23 10:53:47', NULL, NULL, 4, 2, NULL),
(184, 'F15-014', '2016-01-28 00:00:00', '2015-08-17 00:00:00', 1, '2016-05-23 10:53:47', NULL, NULL, 4, 2, NULL),
(185, 'F14-103', '2016-01-29 00:00:00', '2015-06-16 00:00:00', 1, '2016-05-23 10:53:48', NULL, NULL, 4, 2, NULL),
(186, 'F15-066', '2016-02-02 00:00:00', '2015-11-27 00:00:00', 1, '2016-05-23 10:53:48', NULL, NULL, 4, 2, NULL),
(187, 'F15-042', '2016-02-03 00:00:00', '2015-11-17 00:00:00', 1, '2016-05-23 10:53:49', NULL, NULL, 4, 2, NULL),
(188, 'F15-070', '2016-02-04 00:00:00', '2015-12-07 00:00:00', 1, '2016-05-23 10:53:49', NULL, NULL, 4, 2, NULL),
(189, 'F15-011', '2016-02-05 00:00:00', '2015-08-17 00:00:00', 1, '2016-05-23 10:53:49', NULL, NULL, 4, 2, NULL),
(190, 'F15-058', '2016-02-09 00:00:00', '2015-11-19 00:00:00', 1, '2016-05-23 10:53:50', NULL, NULL, 4, 2, NULL),
(191, 'F15-004', '2016-02-10 00:00:00', '2015-08-11 00:00:00', 1, '2016-05-23 10:53:50', NULL, NULL, 4, 2, NULL),
(192, 'F15-002', '2016-02-11 00:00:00', '2015-08-07 00:00:00', 1, '2016-05-23 10:53:50', NULL, NULL, 4, 2, NULL),
(193, 'F15-075', '2016-02-23 00:00:00', '2016-01-05 00:00:00', 1, '2016-05-23 10:53:50', NULL, NULL, 4, 2, NULL),
(194, 'F15-029', '2016-02-24 00:00:00', '2015-10-13 00:00:00', 1, '2016-05-23 10:53:51', NULL, NULL, 4, 2, NULL),
(195, 'F15-049', '2016-02-25 00:00:00', '2015-11-17 00:00:00', 1, '2016-05-23 10:53:51', NULL, NULL, 4, 2, NULL),
(196, 'F15-025', '2016-02-26 00:00:00', '2015-09-08 00:00:00', 1, '2016-05-23 10:53:51', NULL, NULL, 4, 2, NULL),
(197, 'F14-096', '2016-02-28 00:00:00', '2015-05-19 00:00:00', -1, '2016-05-23 10:53:51', NULL, NULL, 4, 2, NULL),
(198, 'F15-052', '2016-03-02 00:00:00', '2015-11-17 00:00:00', 1, '2016-05-23 10:53:52', NULL, NULL, 4, 2, NULL),
(199, 'F15-061', '2016-03-03 00:00:00', '2015-11-20 00:00:00', 1, '2016-05-23 10:53:52', NULL, NULL, 4, 2, NULL),
(200, 'F15-060', '2016-03-04 00:00:00', '2015-11-19 00:00:00', 1, '2016-05-23 10:53:52', NULL, NULL, 4, 2, NULL),
(201, 'F15-055', '2016-03-08 00:00:00', '2015-11-17 00:00:00', 1, '2016-05-23 10:53:53', NULL, NULL, 4, 2, NULL),
(202, 'F15-044', '2016-03-09 00:00:00', '2015-11-17 00:00:00', -1, '2016-05-23 10:53:53', NULL, NULL, 4, 2, NULL),
(203, 'F15-072', '2016-03-09 00:00:00', '2015-12-23 00:00:00', 1, '2016-05-23 10:53:53', NULL, NULL, 4, 2, NULL),
(204, 'F15-040', '2016-03-10 00:00:00', '2015-11-17 00:00:00', 1, '2016-05-23 10:53:54', NULL, NULL, 4, 2, NULL),
(205, 'F15-082', '2016-03-11 00:00:00', '2016-01-12 00:00:00', 1, '2016-05-23 10:53:54', NULL, NULL, 4, 2, NULL),
(206, 'F15-036', '2016-03-15 00:00:00', '2015-10-26 00:00:00', -1, '2016-05-23 10:53:55', NULL, NULL, 4, 2, NULL),
(207, 'F15-078', '2016-03-15 00:00:00', '2016-01-06 00:00:00', 1, '2016-05-23 10:53:56', NULL, NULL, 4, 2, NULL),
(208, 'F15-050', '2016-03-17 00:00:00', '2015-11-17 00:00:00', 1, '2016-05-23 10:53:56', NULL, NULL, 4, 2, NULL),
(209, 'F15-062', '2016-03-18 00:00:00', '2015-11-22 00:00:00', -1, '2016-05-23 10:53:56', NULL, NULL, 4, 2, NULL),
(210, 'F15-076', '2016-03-18 00:00:00', '2016-01-05 00:00:00', 1, '2016-05-23 10:53:57', NULL, NULL, 4, 2, NULL),
(211, 'F15-074', '2016-03-29 00:00:00', '2016-01-03 00:00:00', 1, '2016-05-23 10:53:58', NULL, NULL, 4, 2, NULL),
(212, 'F15-043', '2016-03-30 00:00:00', '2015-11-17 00:00:00', 1, '2016-05-23 10:53:58', NULL, NULL, 4, 2, NULL),
(213, 'F15-073', '2016-03-31 00:00:00', '2015-12-28 00:00:00', 1, '2016-05-23 10:53:58', NULL, NULL, 4, 2, NULL),
(214, 'F15-059', '2016-04-01 00:00:00', '2015-11-19 00:00:00', 1, '2016-05-23 10:53:58', NULL, NULL, 4, 2, NULL),
(215, 'F15-063', '2016-04-05 00:00:00', '2015-11-24 00:00:00', 1, '2016-05-23 10:53:59', NULL, NULL, 4, 2, NULL),
(216, 'F15-046', '2016-04-06 00:00:00', '2015-11-17 00:00:00', 1, '2016-05-23 10:53:59', NULL, NULL, 4, 2, NULL),
(217, 'F15-037', '2016-04-07 00:00:00', '2015-10-28 00:00:00', 1, '2016-05-23 10:53:59', NULL, NULL, 4, 2, NULL),
(218, 'F15-039', '2016-04-08 00:00:00', '2015-11-12 00:00:00', 1, '2016-05-23 10:54:00', NULL, NULL, 4, 2, NULL),
(219, 'F14-105', '2016-04-12 00:00:00', '2015-06-23 00:00:00', 1, '2016-05-23 10:54:00', NULL, NULL, 4, 2, NULL),
(220, 'F15-009', '2016-04-14 00:00:00', '2015-08-14 00:00:00', -1, '2016-05-23 10:54:00', NULL, NULL, 4, 2, NULL),
(221, 'F15-065', '2016-04-15 00:00:00', '2015-11-26 00:00:00', -1, '2016-05-23 10:54:00', NULL, NULL, 4, 2, NULL),
(222, 'F15-010', '2016-04-19 00:00:00', '2015-08-15 00:00:00', 1, '2016-05-23 10:54:01', NULL, NULL, 4, 2, NULL),
(223, 'F14-104', '2016-04-20 00:00:00', '2015-06-17 00:00:00', 1, '2016-05-23 10:54:01', NULL, NULL, 4, 2, NULL),
(224, 'F15-027', '2016-04-21 00:00:00', '2015-09-28 00:00:00', 1, '2016-05-23 10:54:01', NULL, NULL, 4, 2, NULL),
(225, 'F15-033', '2016-04-26 00:00:00', '2015-10-21 00:00:00', 1, '2016-05-23 10:54:02', NULL, NULL, 4, 2, NULL),
(226, 'F15-051', '2016-04-27 00:00:00', '2015-11-17 00:00:00', 1, '2016-05-23 10:54:02', NULL, NULL, 4, 2, NULL),
(227, 'F15-034', '2016-04-28 00:00:00', '2015-10-23 00:00:00', 1, '2016-05-23 10:54:02', NULL, NULL, 4, 2, NULL),
(228, 'F15-048', '2016-04-29 00:00:00', '2015-11-17 00:00:00', 1, '2016-05-23 10:54:02', NULL, NULL, 4, 2, NULL),
(229, 'F15-069', '2016-05-04 00:00:00', '2015-12-03 00:00:00', 1, '2016-05-23 10:54:03', NULL, NULL, 4, 2, NULL),
(230, 'F15-077', '2016-05-10 00:00:00', '2016-01-05 00:00:00', 1, '2016-05-23 10:54:03', NULL, NULL, 4, 2, NULL),
(231, 'F15-054', '2016-05-11 00:00:00', '2015-11-17 00:00:00', 1, '2016-05-23 10:54:03', NULL, NULL, 4, 2, NULL),
(232, 'F15-085', '2016-05-12 00:00:00', '2016-01-25 00:00:00', 1, '2016-05-23 10:54:03', NULL, NULL, 4, 2, NULL),
(233, 'F15-083', '2016-05-13 00:00:00', '2016-01-13 00:00:00', 1, '2016-05-23 10:54:04', NULL, NULL, 4, 2, NULL),
(234, 'F15-079', '2016-05-17 00:00:00', '2016-01-07 00:00:00', 1, '2016-05-23 10:54:04', NULL, NULL, 4, 2, NULL),
(235, 'F15-057', '2016-05-18 00:00:00', '2015-11-17 00:00:00', 1, '2016-05-23 10:54:04', NULL, NULL, 4, 2, NULL),
(236, 'F15-053', '2016-05-19 00:00:00', '2015-11-17 00:00:00', 1, '2016-05-23 10:54:04', NULL, NULL, 4, 2, NULL),
(237, 'F15-086', '2016-05-25 00:00:00', '2016-01-25 00:00:00', 1, '2016-05-23 10:54:05', NULL, NULL, 4, 2, NULL),
(238, 'F15-084', '2016-05-27 00:00:00', '2016-01-18 00:00:00', -1, '2016-05-23 10:54:05', NULL, NULL, 4, 2, NULL),
(239, 'F13-029', '0000-00-00 00:00:00', '2014-05-28 00:00:00', -1, '2016-05-23 10:54:05', NULL, NULL, 4, 2, NULL),
(240, 'F13-030', '0000-00-00 00:00:00', '2014-10-01 00:00:00', -1, '2016-05-23 10:54:06', NULL, NULL, 4, 2, NULL),
(241, 'F14-001', '0000-00-00 00:00:00', '2014-08-04 00:00:00', -1, '2016-05-23 10:54:06', NULL, NULL, 4, 2, NULL),
(242, 'aaaaa', '2016-05-28 22:00:00', '2016-06-05 22:00:00', 1, '2016-05-23 10:54:06', NULL, NULL, 0, 0, NULL),
(243, 'F16-xxxx', '2016-05-28 22:00:00', '2016-05-28 22:00:00', -1, '2016-06-09 03:53:36', NULL, NULL, 0, 0, NULL);

-- --------------------------------------------------------

--
-- Table structure for table `fag`
--

CREATE TABLE IF NOT EXISTS `fag` (
  `fag_id` int(11) NOT NULL AUTO_INCREMENT,
  `fag_navn` varchar(100) NOT NULL,
  PRIMARY KEY (`fag_id`)
) ENGINE=InnoDB  DEFAULT CHARSET=utf8 AUTO_INCREMENT=9 ;

--
-- Dumping data for table `fag`
--

INSERT INTO `fag` (`fag_id`, `fag_navn`) VALUES
(1, 'Natur og teknik'),
(2, 'Biologi'),
(3, 'Geografi'),
(4, 'Fysik/Kemi'),
(5, 'Naturvidenskabeligt grundforløb'),
(6, 'Naturgeografi'),
(7, 'Bioteknologi'),
(8, 'Andet (uddyb i kommentar)');

-- --------------------------------------------------------

--
-- Table structure for table `indsamler`
--

CREATE TABLE IF NOT EXISTS `indsamler` (
  `indsamler_id` int(11) NOT NULL AUTO_INCREMENT,
  `navn` int(11) NOT NULL,
  `email` int(11) NOT NULL,
  `telefon` int(11) NOT NULL,
  PRIMARY KEY (`indsamler_id`)
) ENGINE=InnoDB DEFAULT CHARSET=utf8 AUTO_INCREMENT=1 ;

-- --------------------------------------------------------

--
-- Table structure for table `klasse`
--

CREATE TABLE IF NOT EXISTS `klasse` (
  `klasse_id` int(11) NOT NULL AUTO_INCREMENT,
  `booking_id` int(11) NOT NULL,
  `lokalitet_id` int(11) DEFAULT NULL,
  `status` int(1) NOT NULL,
  `institutionsnavn` varchar(100) NOT NULL,
  `adresse` varchar(100) NOT NULL,
  `postnr` varchar(4) NOT NULL,
  `by` varchar(30) NOT NULL,
  `kommune` varchar(25) NOT NULL,
  `region` varchar(25) NOT NULL,
  `klassetrin` varchar(50) NOT NULL,
  `fag` varchar(50) NOT NULL,
  `laererNavn` varchar(50) NOT NULL,
  `laererTlf` varchar(50) NOT NULL,
  `laererEmail` varchar(50) NOT NULL,
  `antalElever` int(11) NOT NULL,
  `antalLaerer` int(11) NOT NULL,
  `KuvertProeverAfsendt` tinyint(1) NOT NULL,
  `Proevermodtaget` tinyint(1) NOT NULL,
  `SendtInfoMailTilLaerer` tinyint(4) DEFAULT NULL,
  `UdtraekFraFiskedatabasen` tinyint(4) DEFAULT NULL,
  `DatoForBesoeg` datetime NOT NULL,
  `DatoForBooking` datetime NOT NULL,
  `DatoForEkst` datetime NOT NULL,
  `EANBlanket` varchar(50) DEFAULT NULL,
  PRIMARY KEY (`klasse_id`),
  KEY `projekt_id` (`booking_id`)
) ENGINE=InnoDB  DEFAULT CHARSET=utf8 AUTO_INCREMENT=274 ;

--
-- Dumping data for table `klasse`
--

INSERT INTO `klasse` (`klasse_id`, `booking_id`, `lokalitet_id`, `status`, `institutionsnavn`, `adresse`, `postnr`, `by`, `kommune`, `region`, `klassetrin`, `fag`, `laererNavn`, `laererTlf`, `laererEmail`, `antalElever`, `antalLaerer`, `KuvertProeverAfsendt`, `Proevermodtaget`, `SendtInfoMailTilLaerer`, `UdtraekFraFiskedatabasen`, `DatoForBesoeg`, `DatoForBooking`, `DatoForEkst`, `EANBlanket`) VALUES
(1, 1, 1, 1, 'Gammel Hellerup Gymnasium', 'Svanemøllevej 87', '2900', 'Hellerup', 'Gentofte', 'Hovedstaden', '2.g.', 'Bioteknologi', 'Bo Kildeager', '', 'bk@ghg.dk', 30, 1, 0, 0, 127, 0, '2014-09-17 00:00:00', '0000-00-00 00:00:00', '0000-00-00 00:00:00', NULL),
(2, 2, 2, 1, 'Gammel Hellerup Gymnasium', 'Svanemøllevej 87', '2900', 'Hellerup', 'Gentofte', 'Sjælland', '3.g.', 'Biologi', 'Trine Iversen', '', 'ti@ghg.dk', 31, 1, 0, 0, 127, 0, '2014-09-19 00:00:00', '0000-00-00 00:00:00', '0000-00-00 00:00:00', NULL),
(3, 3, 3, 1, 'Falkonergårdens Gymnasium og HF-Kursus', 'Sønderjyllands Alle 25', '2000', 'Frederiksberg', 'Frederiksberg', 'Hovedstaden', '3.g.', 'Biologi', 'Morten Green Skaarup', '', 'mg@falgoo.dk', 17, 1, 0, 0, 127, 0, '2014-09-23 00:00:00', '0000-00-00 00:00:00', '0000-00-00 00:00:00', NULL),
(4, 4, 4, 1, 'Falkonergårdens Gymnasium og HF-Kursus', 'Sønderjyllands Alle 25', '2000', 'Frederiksberg', 'Frederiksberg', 'Syddanmark', '3.g.', 'Biologi', 'Signe Markman', '', 'sg@falko.dk', 24, 1, 0, 0, 127, 0, '2014-09-24 00:00:00', '0000-00-00 00:00:00', '0000-00-00 00:00:00', NULL),
(5, 5, 5, 1, 'Gammel Hellerup Gymnasium', 'Svanemøllevej 87', '2900', 'Hellerup', 'Gentofte', 'Hovedstaden', '3.g.', 'Biologi', 'Signe Vie', '', 'sv@ghg.dk', 22, 1, 0, 0, 127, 0, '2014-09-25 00:00:00', '0000-00-00 00:00:00', '0000-00-00 00:00:00', NULL),
(6, 6, 6, 1, 'Falkonergårdens Gymnasium og HF-Kursus', 'Sønderjyllands Alle 25', '2000', 'Frederiksberg', 'Frederiksberg', 'Syddanmark', '3.g.', 'Biologi', 'Hanne Strunge', '', 'hs@falgoo.dk', 16, 1, 0, 0, 127, 0, '2014-09-26 00:00:00', '0000-00-00 00:00:00', '0000-00-00 00:00:00', NULL),
(7, 7, 7, 1, 'Ørestad Gymnasium', 'Østergade 52', '3200', 'Helsinge', 'Gribskov', 'Hovedstaden', '3.g.', 'Bioteknologi', 'Jan Østrup', '', 'jan@oegnet.dk', 21, 1, 0, 0, 127, 0, '2014-10-01 00:00:00', '0000-00-00 00:00:00', '0000-00-00 00:00:00', NULL),
(8, 8, 8, 1, 'Gefion Gymnasium', 'Øster Voldgade 10', '2100', 'København', 'København', 'Sjælland', '3.g.', 'Biologi', 'Eva Fredtoft', '', 'efr@gefion-gym.dk', 11, 1, 0, 0, 127, 0, '2014-10-07 00:00:00', '2014-04-07 00:00:00', '0000-00-00 00:00:00', NULL),
(9, 9, 9, 1, 'Ribe Katedralskole', 'Puggaardsgade 23', '6761', 'Ribe', 'Esbjerg', 'Hovedstaden', '3.g.', 'Biologi', 'Annemette Witt', '', 'AM@ribekatedralskole.dk', 13, 1, 0, 0, 127, 0, '2014-10-08 00:00:00', '2014-04-07 00:00:00', '0000-00-00 00:00:00', NULL),
(10, 9, 10, 1, 'Ribe Katedralskole', 'Puggaardsgade 24', '6762', 'Ribe', 'Esbjerg', 'Sjælland', '3.g.', 'Biologi', 'Annemette Witt', '', 'AM@ribekatedralskole.dk', 0, 0, 0, 0, 127, 0, '2014-10-08 00:00:00', '2014-04-07 00:00:00', '0000-00-00 00:00:00', NULL),
(11, 9, 11, 1, 'Ribe Katedralskole', 'Puggaardsgade 25', '6763', 'Ribe', 'Esbjerg', 'Hovedstaden', '3.g.', 'Biologi', 'Annemette Witt', '', 'AM@ribekatedralskole.dk', 0, 0, 0, 0, 127, 0, '2014-10-08 00:00:00', '2014-04-07 00:00:00', '0000-00-00 00:00:00', NULL),
(12, 10, 12, 1, 'Allerød Gymnasium', 'Rådhusvej 6', '3450', 'Allerød', 'Allerød', 'Hovedstaden', '2.g.', 'Biologi', 'Birgitte Stokbro', '', 'birgittestokbro@gmail.com', 29, 1, 0, 0, 127, 0, '2014-10-09 00:00:00', '2014-05-21 00:00:00', '0000-00-00 00:00:00', NULL),
(13, 10, 13, 1, 'Allerød Gymnasium', 'Rådhusvej 6', '3450', 'Allerød', 'Allerød', 'Hovedstaden', '2.g.', 'Biologi', 'Birgitte Stokbro', '', 'birgittestokbro@gmail.com', 0, 1, 0, 0, 127, 0, '2014-10-09 00:00:00', '2014-05-21 00:00:00', '0000-00-00 00:00:00', NULL),
(14, 10, 14, 1, 'Allerød Gymnasium', 'Rådhusvej 6', '3450', 'Allerød', 'Allerød', 'Hovedstaden', '2.g.', 'Biologi', 'Birgitte Stokbro', '', 'birgittestokbro@gmail.com', 0, 1, 0, 0, 127, 0, '2014-10-09 00:00:00', '2014-05-21 00:00:00', '0000-00-00 00:00:00', NULL),
(15, 11, 15, 1, 'Gefion Gymnasium', 'Øster Voldgade 10', '2100', 'København', 'København', 'Sjælland', '2.g.', 'Bioteknologi', 'Nanna Danneskiold-Samsøe', '', 'nds@gefion-gym.dk', 22, 1, 0, 0, 127, 0, '2014-10-10 00:00:00', '2014-04-08 00:00:00', '0000-00-00 00:00:00', NULL),
(16, 12, 16, -1, 'Gefion Gymnasium', 'Øster Voldgade 10', '2100', 'København', 'København', 'Syddanmark', '3.g.', 'Biologi', 'Nanna Danneskiold-Samsøe', '', 'nds@gefion-gym.dk', 27, 0, 0, 0, 0, 0, '2014-10-14 00:00:00', '2014-04-08 00:00:00', '0000-00-00 00:00:00', NULL),
(17, 13, 17, -1, 'Sankt Annæ Gymnasium', 'Sjælør Boulevard 135', '2500', 'Valby', 'København', 'Sjælland', '2.g.', 'Bioteknologi', 'Hans Marker', '', 'hm@sag.dk', 16, 0, 0, 0, 0, 0, '2014-10-15 00:00:00', '2014-05-21 00:00:00', '0000-00-00 00:00:00', NULL),
(18, 14, 18, -1, 'Allerød Gymnasium', 'Rådhusvej 6', '3450', 'Allerød', 'Allerød', 'Hovedstaden', '2.g.', 'Biologi', 'Malthe Lund', '', 'malthelund@gmail.com', 27, 0, 0, 0, 0, 0, '2014-10-16 00:00:00', '2014-06-26 00:00:00', '0000-00-00 00:00:00', NULL),
(19, 15, 19, 1, 'Borupgaard Gymnasium', 'Lautruphøj 9', '2750', 'Ballerup', 'Ballerup', 'Hovedstaden', '2.g.', 'Biologi', 'Peter Sjøholm', '', 'sj@boag.nu', 28, 1, 0, 0, 127, 0, '2014-10-21 00:00:00', '2014-04-08 00:00:00', '0000-00-00 00:00:00', NULL),
(20, 15, 20, 1, 'Borupgaard Gymnasium', 'Lautruphøj 9', '2750', 'Ballerup', 'Ballerup', 'Hovedstaden', '2.g.', 'Biologi', 'Peter Sjøholm', '', 'sj@boag.nu', 0, 0, 0, 0, 127, 0, '2014-10-21 00:00:00', '2014-04-08 00:00:00', '0000-00-00 00:00:00', NULL),
(21, 16, 21, 1, 'Espergærde Gymnasium og HF', 'Gymnasievej 2', '3060', 'Espergærde', 'Helsingør', 'Hovedstaden', '3.g.', 'Biologi', 'Kirsten Hede', '', 'he@eg-gym.dk', 26, 1, 0, 0, 127, 0, '2014-10-22 00:00:00', '2014-05-15 00:00:00', '0000-00-00 00:00:00', NULL),
(22, 17, 22, 1, 'Københavns VUC', 'Vognmagergade 28', '1120', 'Kbh.', 'København', 'Hovedstaden', '2.g.', 'Biologi', 'Bent Nielsen', '', 'bn@kvuc.dk', 25, 1, 0, 0, 127, 0, '2014-10-23 00:00:00', '2014-06-24 00:00:00', '0000-00-00 00:00:00', NULL),
(23, 18, 23, 1, 'Birkerød Gymnasium - HF - IB & Kostskole', 'Søndervangen 56', '3460', 'Birkerød', 'Rudersdal', 'Hovedstaden', '3.g.', 'Biologi', 'Christina Høier Ricke', '', 'cr@birke-gym.dk', 24, 1, 0, 0, 127, 0, '2014-10-24 00:00:00', '2014-05-27 00:00:00', '0000-00-00 00:00:00', NULL),
(24, 19, 24, 1, 'Christianshavns Gymnasium', 'Princessegade 35', '1422', 'København', 'København', 'Hovedstaden', '3.g.', 'Bioteknologi', 'Jette Feld', '', 'jf@cg-gym.dk', 11, 1, 0, 0, 127, 0, '2014-10-28 00:00:00', '2014-05-21 00:00:00', '0000-00-00 00:00:00', NULL),
(25, 20, 25, 1, 'Gefion Gymnasium', 'Øster Voldgade 10', '2100', 'København', 'København', 'Nordjylland', '3.g.', 'Biologi', 'Nanna Danneskiold-Samsøe', '', 'nds@gefion-gym.dk', 27, 1, 0, 0, 127, 0, '2014-10-29 00:00:00', '2014-04-08 00:00:00', '0000-00-00 00:00:00', NULL),
(26, 21, 26, 1, 'Birkerød Gymnasium - HF - IB & Kostskole', 'Søndervangen 56, ', '3460', 'Birkerød', 'Rudersdal', 'Hovedstaden', '2.g.', 'Biologi', 'Morten Eskildsen', '', 'me@birke-gym.dk', 23, 1, 0, 0, 127, 0, '2014-10-30 00:00:00', '2014-05-23 00:00:00', '0000-00-00 00:00:00', NULL),
(27, 22, 27, 1, 'Allerød Gymnasium', 'Rådhusvej 6', '3450', 'Allerød', 'Allerød', 'Hovedstaden', '3.g.', 'Biologi', 'Vagn Rasmussen', '', 'vra@mail.dk', 25, 1, 0, 0, 127, 0, '2014-10-31 00:00:00', '2014-04-07 00:00:00', '0000-00-00 00:00:00', NULL),
(28, 22, 28, 1, 'Allerød Gymnasium', 'Rådhusvej 7', '3450', 'Allerød', 'Allerød', 'Syddanmark', '3.g.', 'Biologi', 'Vagn Rasmussen', '', 'vra@mail.dk', 0, 0, 0, 0, 127, 0, '2014-10-31 00:00:00', '2014-04-07 00:00:00', '0000-00-00 00:00:00', NULL),
(29, 22, 29, 1, 'Allerød Gymnasium', 'Rådhusvej 8', '3450', 'Allerød', 'Allerød', 'Syddanmark', '3.g.', 'Biologi', 'Vagn Rasmussen', '', 'vra@mail.dk', 0, 0, 0, 0, 127, 0, '2014-10-31 00:00:00', '2014-04-07 00:00:00', '0000-00-00 00:00:00', NULL),
(30, 23, 30, 1, 'Frederiksborg Gymnasium og HF', 'Carlsbergvej 15', '3400', 'Hillerød', 'Hillerød', 'Hovedstaden', '3.g.', 'Biologi', 'Torsten Ingerslev', '', 'torsten.ingerslev@gmail.com', 25, 1, 0, 0, 127, 0, '2014-11-04 00:00:00', '2014-04-08 00:00:00', '0000-00-00 00:00:00', NULL),
(31, 24, 31, -1, 'Gefion Gymnasium', 'Øster Voldgade 10', '2100', 'København', 'København', 'Hovedstaden', '2.g.', 'Biologi', 'Thomas Kristiansen', '', 'tkr@gefion-gym.dk', 30, 0, 0, 0, 0, 0, '2014-11-05 00:00:00', '2014-05-27 00:00:00', '0000-00-00 00:00:00', NULL),
(32, 25, 32, 1, 'Rødovre Gymnasium', 'Hendriksholms Boulevard 28', '2610', 'Rødovre', 'Rødovre', 'Hovedstaden', '3.g.', 'Biologi', 'Nathan Russell', '', 'npf.russell@gmail.com', 19, 1, 0, 0, 0, 0, '2014-11-05 00:00:00', '2014-10-10 00:00:00', '0000-00-00 00:00:00', NULL),
(33, 26, 33, 1, 'Gefion Gymnasium', 'Østre Voldgade 10', '1350', 'København', 'København', 'Sjælland', '3.g.', 'Bioteknologi', 'Linda Schneider', '', 'lsc@gefion-gym.dk', 29, 1, 0, 0, 127, 0, '2014-11-06 00:00:00', '2014-05-14 00:00:00', '0000-00-00 00:00:00', NULL),
(34, 27, 34, 1, 'Roskilde Gymnasium', 'Domkirkepladsen', '4000', 'Roskilde', 'Roskilde', 'Hovedstaden', '2.g.', 'Bioteknologi', 'Ida Thingstrup', '', 'rgit@roskilde-gym.dk', 19, 1, 0, 0, 127, 0, '2014-11-07 00:00:00', '2014-05-21 00:00:00', '0000-00-00 00:00:00', NULL),
(35, 28, 35, 1, 'Selandia, HTX', 'Willemoesvej 4', '4200', 'Slagelse', 'Slagelse', 'Hovedstaden', '3.g.', 'Bioteknologi', 'Frederikke Tom-Petersen', '', 'frto@sceu.dk', 27, 1, 0, 0, 127, 0, '2014-11-11 00:00:00', '2014-05-26 00:00:00', '0000-00-00 00:00:00', NULL),
(36, 29, 36, 1, 'Stenhus Gymnasium & HF', 'Stenhusvej 20', '4300', 'Holbæk', 'Holbæk', 'Hovedstaden', '3.g.', 'Biologi', 'Johannes Worm', '', 'biosof@gmail.com', 28, 1, 0, 0, 127, 0, '2014-11-12 00:00:00', '2014-05-28 00:00:00', '0000-00-00 00:00:00', NULL),
(37, 30, 37, -1, 'Slagelse Gymnasium', 'Willemoesvej 2a', '4200', 'Slagelse', 'Slagelse', 'Midtjylland', '2.g.', 'Biologi', 'Kate Beck Jacobsen', '', 'kj@slagelse-gym.dk', 22, 1, 0, 0, 127, 0, '2014-11-13 00:00:00', '2014-05-29 00:00:00', '0000-00-00 00:00:00', NULL),
(38, 31, 38, 1, 'Grindsted Gymnasium & HF', 'Tinghusgade 20', '7200', 'Grindsted', 'Billund', 'Hovedstaden', '3.g.', 'Biologi', 'Heidi Nystrand', '', 'hn@ggnet.dk', 13, 1, 0, 0, 127, 0, '2014-11-14 00:00:00', '2014-05-28 00:00:00', '0000-00-00 00:00:00', NULL),
(39, 32, 39, 1, 'Køge Gymnasium', 'Gymnasievej 6', '4600', 'Køge', 'Køge', 'Hovedstaden', '1.g.', 'Bioteknologi', 'Marie Eiland', '', 'kgme@kggym.dk', 15, 1, 0, 0, 127, 0, '2014-11-18 00:00:00', '2014-06-26 00:00:00', '0000-00-00 00:00:00', NULL),
(40, 33, 40, 1, 'Køge Gymnasium', 'Gymnasievej 6', '4600', 'Køge', 'Køge', 'Hovedstaden', '1.g.', 'Bioteknologi', 'Kristian Poulsen', '', 'kgkp@kggym.dk', 17, 1, 0, 0, 127, 0, '2014-11-19 00:00:00', '2014-06-26 00:00:00', '0000-00-00 00:00:00', NULL),
(41, 34, 41, 1, 'Allerød Gymnasium', 'Rådhusvej 6', '3450', 'Allerød', 'Allerød', 'Syddanmark', '3.g.', 'Bioteknologi', 'Louise Lund Bækgaard', '', 'louise.lund.baekgaard@skolekom.dk', 12, 1, 0, 0, 127, 0, '2014-11-20 00:00:00', '2014-06-26 00:00:00', '0000-00-00 00:00:00', NULL),
(42, 35, 42, -1, 'Allerød Gymnasium', 'Rådhusvej 6', '3450', 'Allerød', 'Allerød', 'Hovedstaden', '3.g.', 'Biologi', 'Max Torbensen', '', 'maxtorbensen@hotmail.com', 12, 1, 0, 0, 127, 0, '2014-11-21 00:00:00', '2014-06-26 00:00:00', '0000-00-00 00:00:00', NULL),
(43, 36, 43, 1, 'Frederiksberg Gymnasium', 'Falkoner Plads 2', '2000', 'Frederiksberg', 'Frederiksberg', 'Sjælland', '2.g.', 'Biologi', 'Camilla Christensen', '', 'camch63@gmail.com', 22, 1, 0, 0, 127, 0, '2014-11-25 00:00:00', '2014-05-26 00:00:00', '0000-00-00 00:00:00', NULL),
(44, 37, 44, 1, 'Himmelev Gymnasium', 'herregårdsvej30', '4000', 'Roskilde', 'Roskilde', 'Sjælland', '3.g.', 'Biologi', 'Vibeke Almer', '', 'Vibekealmer@gmail.com', 21, 1, 0, 0, 127, 0, '2014-11-26 00:00:00', '2014-07-03 00:00:00', '0000-00-00 00:00:00', NULL),
(45, 38, 45, 1, 'Gribskov Gymnasium', 'Øster Voldgade 10', '1350', 'København', 'København', 'Hovedstaden', '2.g.', 'Biologi', 'Rudi Pedersen', '', 'rudi.pedersen@skolekom.dk', 19, 1, 0, 0, 127, 0, '2014-11-28 00:00:00', '2014-04-07 00:00:00', '0000-00-00 00:00:00', NULL),
(46, 39, 46, 1, 'Virum Gymnasium', 'Fuglsangvej 66', '2830', 'Virum', 'Lyngby-Taarbæk', 'Nordjylland', '3.g.', 'Biologi', 'Magnus Groes', '', 'gr@virum-gym.dk', 14, 1, 0, 0, 127, 0, '2014-12-02 00:00:00', '2014-07-31 00:00:00', '0000-00-00 00:00:00', NULL),
(47, 40, 47, -1, 'Grindsted Gymnasium & HF', 'Tinghusgade 20', '7200', 'Grindsted', 'Billund', 'Hovedstaden', '3.g.', 'Biologi', 'Heidi Nystrand', '', 'hn@ggnet.dk', 28, 0, 0, 0, 127, 0, '2014-12-03 00:00:00', '2014-05-28 00:00:00', '0000-00-00 00:00:00', NULL),
(48, 41, 48, 1, 'Grindsted Gymnasium & HF', 'Tinghusgade 20', '7200', 'Grindsted', 'Billund', 'Nordjylland', '3.g.', 'Biologi', 'Heidi Nystrand', '', 'hn@ggnet.dk', 12, 1, 0, 0, 127, 0, '2014-12-04 00:00:00', '2014-06-03 00:00:00', '0000-00-00 00:00:00', NULL),
(49, 41, 49, 1, 'Grindsted Gymnasium & HF', 'Tinghusgade 20', '7200', 'Grindsted', 'Billund', 'Sjælland', '3.g.', 'Biologi', 'Anja Lykke Hundebøll Nielsen', '', 'ah@ggnet.dk', 12, 1, 0, 0, 127, 0, '2014-12-04 00:00:00', '2014-08-04 00:00:00', '0000-00-00 00:00:00', NULL),
(50, 42, 50, 1, 'Erhvervsskolen Nordsjælland, HTX Hillerød', 'Carlsbergvej 34', '3400', 'Hillerød', 'Hillerød', 'Syddanmark', '3.g.', 'Biologi', 'Peter Rostgaard Christensen', '', 'prc@esnord.dk', 13, 1, 0, 0, 127, 0, '2014-12-05 00:00:00', '2014-08-26 00:00:00', '0000-00-00 00:00:00', NULL),
(51, 43, 51, 1, 'Ørestad Gymnasium', 'Ørestads Boulevard 75', '2300', 'København', 'København', 'Hovedstaden', '2.g.', 'Bioteknologi', 'Mia Godiksen', '', 'mtg@oegnet.dk', 31, 1, 0, 0, 127, 0, '2014-12-09 00:00:00', '2014-07-02 00:00:00', '0000-00-00 00:00:00', NULL),
(52, 44, 52, 1, 'Roskilde Katedralskole', 'Holbækvej 59', '4000', 'Roskilde', 'Roskilde', 'Hovedstaden', '2.g.', 'Bioteknologi', 'Mogens Ellebæk', '', 'Mogens.Ellebaek@rks-gym.dk', 30, 1, 0, 0, 127, 0, '2014-12-10 00:00:00', '2014-04-08 00:00:00', '0000-00-00 00:00:00', NULL),
(53, 45, 53, -1, 'Gladsaxe Gymnasium', 'Buddingehovedgade 81', '2860', 'Søborg', 'Gladsaxe', 'Hovedstaden', '3.g.', 'Bioteknologi', 'Martina Koch og Allan G. Olsen', '', 'MaK@gladgym.dk', 26, 2, 0, 0, 127, 0, '2014-12-11 00:00:00', '2014-08-11 00:00:00', '0000-00-00 00:00:00', NULL),
(54, 46, 54, 1, 'FYNs HF-kursus', 'Hunderupvej 17', '5000', 'Odense', 'Odense', 'Hovedstaden', '2.g.', 'Biologi', 'Mariann Rasmussen', '', 'mrm@vucfyn.dk', 10, 1, 0, 0, 127, 0, '2014-12-12 00:00:00', '2014-06-19 00:00:00', '0000-00-00 00:00:00', NULL),
(55, 47, 55, -1, 'Helsingør Gymnasium', 'Borgmester P. Christensensvej 3', '3000', 'Helsingør', 'Helsingør', 'Hovedstaden', '2.g.', 'Bioteknologi', 'Stine Weber', '', 'sw@hels-gym.dk', 28, 2, 0, 0, 127, 0, '2014-12-16 00:00:00', '2014-08-20 00:00:00', '0000-00-00 00:00:00', NULL),
(56, 48, 56, 1, 'Allerød Gymnasium', 'Rådhusvej 6', '3450', 'Allerød', 'Allerød', 'Hovedstaden', '2.g.', 'Biologi', 'Malthe Lund', '', 'malthelund@gmail.com', 26, 1, 0, 0, 127, 0, '2014-12-17 00:00:00', '2014-06-26 00:00:00', '0000-00-00 00:00:00', NULL),
(57, 49, 57, 1, 'Gefion Gymnasium', 'Øster Voldgade 10', '1350', 'København', 'København', 'Hovedstaden', '2.g.', 'Biologi', 'Signe Engelsen', '', 'sen@gefion-gym.dk', 30, 1, 0, 0, 127, 0, '2014-12-18 00:00:00', '2014-08-26 00:00:00', '0000-00-00 00:00:00', NULL),
(58, 50, 58, -1, 'Helsingør Gymnasium', 'Borgmester P. Christensensvej 3', '3000', 'Helsingør', 'Helsingør', 'Midtjylland', '3.g.', 'Biologi', 'Ole Carsten Pedersen', '', 'oc@hels-gym.dk', 23, 1, 0, 0, 0, 0, '2015-01-06 00:00:00', '2014-08-18 00:00:00', '0000-00-00 00:00:00', NULL),
(59, 51, 59, -1, 'Helsingør Gymnasium', 'Borgmester P. Christensensvej 3', '3000', 'Helsingør', 'Helsingør', 'Midtjylland', '3.g.', 'Biologi', 'Maria Steinhausen', '', 'st@hels-gym.dk', 24, 1, 0, 0, 0, 0, '2015-01-07 00:00:00', '2014-08-18 00:00:00', '0000-00-00 00:00:00', NULL),
(60, 52, 60, 1, 'Vordingborg Gymnasium & HF', 'Chr. Richardtsvej 45', '4760', 'Vordingborg', 'Vordingborg', 'Hovedstaden', '3.g.', 'Bioteknologi', 'Nils Skov Jørgensen', '29122221', 'nj@vordingborg-gym.dk', 23, 1, 0, 0, 127, 0, '2015-01-07 00:00:00', '2014-11-21 00:00:00', '0000-00-00 00:00:00', NULL),
(61, 53, 61, 1, 'Gladsaxe Gymnasium', 'Buddingehovedgade 81', '2860', 'Søborg', 'Gladsaxe', 'Hovedstaden', '3.g.', 'Bioteknologi', 'Natacha Bjerre og Anne Christine', '', 'natachabjerre@gmail.com', 36, 2, 0, 0, 127, 0, '2015-01-08 00:00:00', '2014-08-12 00:00:00', '0000-00-00 00:00:00', NULL),
(62, 54, 62, -1, 'Midtsjællands Gymnasieskole', 'Ahorn Alle 11', '4100', 'Ringsted', 'Ringsted', 'Sjælland', '3.g.', 'Biologi', 'Pernille Lærkedal Sørensen', '', 'ps@msg-gym.dk', 15, 1, 0, 0, 0, 0, '2015-01-09 00:00:00', '2014-08-31 00:00:00', '0000-00-00 00:00:00', NULL),
(63, 55, 63, 1, 'Gladsaxe Gymnasium', 'Buddinge Hovedgade 81', '', '2860', 'Gladsaxe', 'Hovedstaden', '3.g.', 'Bioteknologi', 'Martina Koch og Allan G. Olsen', '27570444', 'mak@gladgym.dk', 26, 2, 0, 0, 127, 0, '2015-01-09 00:00:00', '2014-12-05 00:00:00', '0000-00-00 00:00:00', NULL),
(64, 56, 64, 1, 'Gladsaxe Gymnasium', 'Buddinge Hovedgade 81', '2860', 'Søborg', 'Gladsaxe', 'Hovedstaden', '2.g.', 'Bioteknologi', 'Natacha Bjerre', '', 'natachabjerre@gmail.com', 30, 1, 0, 0, 127, 0, '2015-01-13 00:00:00', '2014-05-22 00:00:00', '0000-00-00 00:00:00', NULL),
(65, 57, 65, 1, 'Høje-Taastrup Gymnasium', 'Frøgårds Alle 2', '2630', 'Taastrup', 'Høje-Taastrup', 'Sjælland', '2.g.', 'Biologi', 'Søren Vienberg', '', 'soeren_vienberg@yahoo.com', 15, 1, 0, 0, 127, 0, '2015-01-14 00:00:00', '2014-06-24 00:00:00', '0000-00-00 00:00:00', NULL),
(66, 58, 66, 1, 'Odense Katedralskole', 'Jernbanegade 34', '5000', 'Odense', 'Odense', 'Hovedstaden', '3.g.', 'Bioteknologi', 'Jesper Terp', '', 'jesper.terp.joergensen1@skolekom.dk', 24, 1, 0, 0, 127, 0, '2015-01-15 00:00:00', '2014-07-01 00:00:00', '0000-00-00 00:00:00', NULL),
(67, 59, 67, 1, 'Nørre Gymnasium', 'Mørkhøjvej 78', '2700', 'Brønshøj', 'København', 'Hovedstaden', '2.g.', 'Biologi', 'Helle Nielsen', '', 'ni@norreg.dk', 29, 1, 0, 0, 127, 0, '2015-01-16 00:00:00', '2014-08-25 00:00:00', '0000-00-00 00:00:00', NULL),
(68, 60, 68, 1, 'Køge Gymnasium', 'Gymnasievej 6', '4600', 'Køge', 'Køge', 'Hovedstaden', '3.g.', 'Bioteknologi', 'Kristian Poulsen', '', 'kgkp@kggym.dk', 10, 1, 0, 0, 127, 0, '2015-01-20 00:00:00', '2014-06-26 00:00:00', '0000-00-00 00:00:00', NULL),
(69, 61, 69, 1, 'Greve Gymnasium', 'Rådhusholmen 12', '2670', 'Greve', 'Greve', 'Hovedstaden', '3.g.', 'Bioteknologi', 'Vibeke Birkmann', '', 'ggvbi@greve-gym.dk', 28, 2, 0, 0, 127, 0, '2015-01-21 00:00:00', '2014-06-22 00:00:00', '0000-00-00 00:00:00', NULL),
(70, 62, 70, 1, 'Stenhus Gymnasium & HF', 'Stenhusvej 20', '4300', 'Holbæk', 'Holbæk', 'Sjælland', '3.g.', 'Bioteknologi', 'Nadja Ramseyer', '', 'nramseyer@gmail.com', 26, 2, 0, 0, 127, 0, '2015-01-22 00:00:00', '2014-08-07 00:00:00', '0000-00-00 00:00:00', NULL),
(71, 63, 71, 1, 'Nørresundby Gymnasium & HF', 'Studievej 14', '9400', 'Nørresundby', 'Aalborg', 'Sjælland', '3.g.', 'Bioteknologi', 'Karen Margrethe Melchiorsen', '', 'kme@nghf.dk', 19, 1, 0, 0, 127, 0, '2015-01-23 00:00:00', '2014-09-11 00:00:00', '0000-00-00 00:00:00', NULL),
(72, 64, 72, 1, 'Rungsted Gymnasium', 'Stadion Allé 14', '2960', 'Rungsted', 'Hørsholm', 'Sjælland', '3.g.', 'Bioteknologi', 'Knud Johnsen', '', 'jo@rungsted-gym.dk', 10, 1, 0, 0, 127, 0, '2015-01-27 00:00:00', '2014-08-19 00:00:00', '0000-00-00 00:00:00', NULL),
(73, 65, 73, -1, 'Helsingør Gymnasium', 'Borgmester P. Christensensvej 3', '3000', 'Helsingør', 'Helsingør', 'Sjælland', '3.g.', 'Biologi', 'Maria Steinhausen', '20810825', 'st@hels-gym.dk', 21, 2, 0, 0, 127, 0, '2015-01-28 00:00:00', '2014-11-19 00:00:00', '0000-00-00 00:00:00', NULL),
(74, 66, 74, 1, 'Roskilde Gymnasium', 'Domkirkepladsen', '4000', 'Roskilde', 'Roskilde', 'Sjælland', '2.g.', 'Biologi', 'Gorm Clausen', '26804725', 'rggc@roskilde-gym.dk', 26, 3, 0, 0, 127, 0, '2015-01-29 00:00:00', '2014-11-13 00:00:00', '0000-00-00 00:00:00', NULL),
(75, 67, 75, 1, 'Helsingør Gymnasium', 'Borgmester P. Christensensvej 3', '3000', 'Helsingør', 'Helsingør', 'Sjælland', '3.g.', 'Biologi', 'Maria Steinhausen', '21665090', 'st@hels-gym.dk', 15, 1, 0, 0, 127, 0, '2015-02-03 00:00:00', '2014-11-19 00:00:00', '0000-00-00 00:00:00', NULL),
(76, 68, 76, 1, 'VUC Roskilde', 'Læderstræde 4', '4000', 'Roskilde', 'Roskilde', 'Sjælland', '2.g.', 'Biologi', 'Jesper B. Petersen', '60321946', 'rjp@vucroskilde.dk', 15, 1, 0, 0, 127, 0, '2015-02-04 00:00:00', '2014-11-07 00:00:00', '0000-00-00 00:00:00', NULL),
(77, 69, 77, 1, 'Gentofte HF', 'Dahlensstræde 5', '2820', 'Gentofte', 'Gentofte', 'Hovedstaden', '2.g.', 'Biologi', 'Jens Gerup Nielsen', '21167761', 'jens.liane@mail.dk', 24, 1, 0, 0, 127, 0, '2015-02-05 00:00:00', '2014-04-08 00:00:00', '0000-00-00 00:00:00', NULL),
(78, 70, 78, -1, 'Bagsværd kostskole og Gymnasium', 'Aldershvilevej 138', '2880', 'Bagsværd', 'Gladsaxe', 'Hovedstaden', '2.g.', 'Bioteknologi', 'Kirsten Thøgersen', '30668133', 'kt@bagkost.dk', 23, 1, 0, 0, 127, 0, '2015-02-06 00:00:00', '2014-11-27 00:00:00', '0000-00-00 00:00:00', NULL),
(79, 71, 79, 1, 'Helsingør Gymnasium', 'Borgmester P Christensensvej 3', '3000', 'Helsingør', 'Helsingør', 'Hovedstaden', '2.g.', 'Bioteknologi', 'Stine Weber', '51946203', 'sw@hels-gym.dk', 25, 2, 0, 0, 127, 0, '2015-02-17 00:00:00', '2014-12-16 00:00:00', '0000-00-00 00:00:00', NULL),
(80, 72, 80, 1, 'Hvidovre Gymnasium & HF', 'Blytækkerporten 2', '2650', 'Hvidovre', 'Hvidovre', 'Hovedstaden', '2.g.', 'Biologi', 'Rune Runesen', '', 'rune.runesen1@skolekom.dk', 20, 2, 0, 0, 127, 0, '2015-02-20 00:00:00', '2014-09-22 00:00:00', '0000-00-00 00:00:00', NULL),
(81, 73, 81, 1, 'Gladsaxe Gymnasium', 'Buddinge hovedgade 81', '2860', 'Søborg', 'Gladsaxe', 'Hovedstaden', '2.g.', 'Biologi', 'Martina Koch ', '27570444', 'martina.e.k@gmail.com', 16, 1, 0, 0, 0, 0, '2015-02-24 00:00:00', '2015-01-21 00:00:00', '0000-00-00 00:00:00', NULL),
(82, 74, 82, 1, 'Helsingør Gymnasium', 'Borgmester P Christensensvej 3', '3000', 'Helsingør', 'Helsingør', 'Hovedstaden', '3.g.', 'Biologi', 'Ole Carsten Pedersen', '21665090', 'oc@hels-gym.dk', 20, 1, 0, 0, 0, 0, '2015-02-26 00:00:00', '2014-11-19 00:00:00', '0000-00-00 00:00:00', NULL),
(83, 75, 83, 1, 'Frederiksberg Gymnasium', 'Falkoner Plads 2', '2000', 'Frederiksberg', 'Frederiksberg', 'Hovedstaden', '3.g.', 'Biologi', 'Peter Toft', '30258217', 'pt@frederiksberggymnasium.dk', 23, 1, 0, 0, 127, 0, '2015-02-27 00:00:00', '2014-11-12 00:00:00', '0000-00-00 00:00:00', NULL),
(84, 76, 84, 1, 'Svendborg Gymnasium & HF', 'AP Møllersvej 35', '5700', 'Svendborg', 'Svendborg', 'Hovedstaden', '2.g.', 'Biologi', 'Mette Lise Gade Nielsen', '', 'mn@svendborg-gym.dk', 28, 1, 0, 0, 127, 0, '2015-03-06 00:00:00', '2014-06-01 00:00:00', '0000-00-00 00:00:00', NULL),
(85, 77, 85, 1, 'Greve Gymnasium', 'Rådhusholmen 12', '2670', 'Greve', 'Greve', 'Hovedstaden', '3.g.', 'Biologi', 'Lone Vinkel', '', 'gglav@greve-gym.dk', 21, 1, 0, 0, 127, 0, '2015-03-10 00:00:00', '2014-06-17 00:00:00', '0000-00-00 00:00:00', NULL),
(86, 78, 86, 1, 'Høje-Taastrup Gymnasium', 'Frøgårds Alle 2', '2630', 'Taastrup', 'Høje-Taastrup', 'Sjælland', '2.g.', 'Biologi', 'Thomas Warner', '', 'tw@htgym.dk', 24, 2, 0, 0, 127, 0, '2015-03-11 00:00:00', '2014-06-30 00:00:00', '0000-00-00 00:00:00', NULL),
(87, 79, 87, 1, 'Høje-Taastrup Gymnasium', 'Frøgårds Alle 2', '2630', 'Taastrup', 'Høje-Taastrup', 'Hovedstaden', '2.g.', 'Biologi', 'Thomas Warner', '', 'tw@htgym.dk', 0, 0, 0, 0, 127, 0, '2015-03-11 00:00:00', '2014-06-30 00:00:00', '0000-00-00 00:00:00', NULL),
(88, 80, 88, 1, 'Odsherreds Gymnasium', 'Åstoftevej 34', '4550', 'Asnæs', 'Odsherred', 'Hovedstaden', '3.g.', 'Bioteknologi', 'Klaus Karlsen', '', 'Klaus.karlsen@skolekom.dk', 21, 1, 0, 0, 127, 0, '2015-03-17 00:00:00', '2014-08-14 00:00:00', '0000-00-00 00:00:00', NULL),
(89, 81, 89, 1, 'TEC Lyngby', 'Bygning 451, Akademivej', '2800', 'Kongens', 'Lyngby-Taarbæk', 'Syddanmark', '2.g.', 'Bioteknologi', 'Hanne Lodberg Olsen', '41418968', 'hlo@tec.dk', 24, 1, 0, 0, 0, 0, '2015-03-19 00:00:00', '2015-01-20 00:00:00', '0000-00-00 00:00:00', NULL),
(90, 82, 90, 1, 'Nørre Gymnasium', 'Mørkhøjvej 72', '2700', 'brønshøj', 'København', 'Hovedstaden', '2.g.', 'Biologi', 'Katie Lin Pedersen', '26712621', 'kl@norreg.dk', 21, 2, 0, 0, 0, 0, '2015-03-20 00:00:00', '2015-01-04 00:00:00', '0000-00-00 00:00:00', NULL),
(91, 83, 91, -1, 'Institut for skole og læring', 'Nyelandsvej 27-29', '2000', 'Frederiksberg', 'Frederiksberg', 'Hovedstaden', 'Lærerstuderende', '', 'Henrik Levinsen', '41411142', 'hele@phmetropol.dk', 22, 1, 0, 0, 0, 0, '2015-03-24 00:00:00', '2015-01-13 00:00:00', '0000-00-00 00:00:00', NULL),
(92, 84, 92, 1, 'Øregård Gymnasium', 'Gersonsvej 32', '2900', 'Hellerup', 'Gentofte', 'Sjælland', '3.g.', 'Biologi', 'Vibeke Tromholt', '30383038', 'vt@oregard.dk', 15, 1, 0, 0, 127, 0, '2015-03-25 00:00:00', '2014-11-20 00:00:00', '0000-00-00 00:00:00', NULL),
(93, 85, 93, 1, 'Himmelev Gymnasium', 'Herregårdsvej 30', '4000', 'Roskilde', 'Roskilde', 'Sjælland', '2.g.', 'Biologi', 'Mai Bjerg Hagens', '', 'maihagens@gmail.com', 23, 1, 0, 0, 0, 0, '2015-03-26 00:00:00', '2015-02-06 00:00:00', '0000-00-00 00:00:00', NULL),
(94, 86, 94, 1, 'Egedal Gymnasium & HF', 'Gymnasievej 1', '3660', 'Stenløse', 'Egedal', 'Sjælland', '3.g.', 'Biologi', 'Rikke Anker Jensen', '29914554', 'rj@egedal-gym.dk', 16, 1, 0, 0, 0, 0, '2015-04-07 00:00:00', '2015-02-02 00:00:00', '0000-00-00 00:00:00', NULL),
(95, 87, 95, -1, 'Nørre Gymnasium', 'Mørkhøjvej 78', '2700', 'Brønshøj', 'København', 'Hovedstaden', '1.g.', 'Biologi', 'Dorte Gedde', '', 'dg@norreg.dk', 28, 1, 0, 0, 0, 0, '2015-04-08 00:00:00', '2014-08-19 00:00:00', '0000-00-00 00:00:00', NULL),
(96, 88, 96, 1, 'Gladsaxe Gymnasium', 'Buddinge Hovedgade 81', '2860', 'Søborg', 'Gladsaxe', 'Hovedstaden', '3.g.', 'Biologi', 'Natacha Bjerre og Allan Olsen', '61685550', 'natachabjerre@gmail.com', 12, 2, 0, 0, 0, 0, '2015-04-08 00:00:00', '2015-01-12 00:00:00', '0000-00-00 00:00:00', NULL),
(97, 88, 97, 1, 'Horsens Gymnasium', 'Højen 1', '8700', 'Horsens', 'Horsens', 'Sjælland', '3.g.', 'Biologi', 'Rasmus Østergaard', '61685550', 'roe@horsensgym.dk', 6, 2, 0, 0, 0, 0, '2015-04-08 00:00:00', '2015-01-12 00:00:00', '0000-00-00 00:00:00', NULL),
(98, 89, 98, 1, 'Rødovre Gymnasium', 'Hendriksholms Boulevard 28', '2610', 'Rødovre', 'Rødovre', 'Sjælland', '2.g.', 'Biologi', 'Liane Gerup Damsø', '', 'liane.damsoe@skolekom.dk', 28, 1, 0, 0, 127, 0, '2015-04-09 00:00:00', '2014-07-23 00:00:00', '0000-00-00 00:00:00', NULL),
(99, 90, 99, 1, 'Øregård Gymnasium', 'Gersonsvej 32', '2900', 'Hellerup', 'København', 'Sjælland', '3.g.', 'Biologi', 'John hansen', '30383974', 'johnbrut@hotmail.com', 17, 1, 0, 0, 127, 0, '2015-04-10 00:00:00', '2014-11-20 00:00:00', '0000-00-00 00:00:00', NULL),
(100, 91, 100, -1, 'Køge Private Realskole, Gymnasium', 'Ølby Center 50', '4600', 'Køge', 'Køge', 'Hovedstaden', '1.g.', 'Biologi', 'Marie Kvist Bondesen', '30283077', 'mariebondesen@gmail.com', 15, 1, 0, 0, 0, 0, '2015-04-14 00:00:00', '2015-01-04 00:00:00', '0000-00-00 00:00:00', NULL),
(101, 92, 101, 1, 'Morsø Gymnasium', 'Limfjordsvej 95', '7900', 'Nykøbing', 'Morsø', 'Syddanmark', '3.g.', 'Biologi', 'Lene Olesen Jensen', '21459353', 'leneviggo@mail.dk', 17, 2, 0, 0, 0, 0, '2015-04-15 00:00:00', '2015-01-09 00:00:00', '0000-00-00 00:00:00', NULL),
(102, 93, 102, 1, 'Gladsaxe Gymnasium', 'buddinge hovedgade 81', '2860', 'Søborg', 'Gladsaxe', 'Syddanmark', '3.g.', 'Biologi', 'Allan Olsen', '31500392', 'ao@gladgym.dk', 18, 1, 0, 0, 0, 0, '2015-04-16 00:00:00', '2015-01-12 00:00:00', '0000-00-00 00:00:00', NULL),
(103, 94, 103, -1, 'Køge Private Realskole, Gymnasium', 'Ølby Center 50', '4600', 'Køge', 'Køge', 'Hovedstaden', '1.g.', 'Biologi', 'Marie Kvist Bondesen', '30283077', 'mariebondesen@gmail.com', 15, 1, 0, 0, 0, 0, '2015-04-17 00:00:00', '2015-01-04 00:00:00', '0000-00-00 00:00:00', NULL),
(104, 95, 104, 1, 'Nordvestsjællands HF & VUC', 'Slotshaven 5', '4300', 'Holbæk', 'Holbæk', 'Hovedstaden', '2.g.', 'Biologi', 'Johnny Vingart Kjerside', '24922021', 'jvk@nvsvuc.dk', 24, 1, 0, 0, 0, 0, '2015-04-17 00:00:00', '2015-01-20 00:00:00', '0000-00-00 00:00:00', NULL),
(105, 96, 105, 1, 'Sankt Annæ Gymnasium', 'Sjælør Boulevard 135', '2500', 'Valby', 'København', 'Hovedstaden', '3.g.', 'Bioteknologi', 'Mette Bohn Christiansen', '20269256', 'mc@sag.dk', 16, 4, 0, 0, 0, 0, '2015-04-21 00:00:00', '2015-01-04 00:00:00', '0000-00-00 00:00:00', NULL),
(106, 97, 106, 1, 'Ørestad Gymnasium', 'Ørestad Boulevard 75', '2300', 'København', 'København', 'Hovedstaden', '3.g.', 'Biologi', 'Sofie Bruhns', '29861030', 'srb@oegnet.dk', 24, 1, 0, 0, 0, 0, '2015-04-22 00:00:00', '2015-01-04 00:00:00', '0000-00-00 00:00:00', NULL),
(107, 98, 107, 1, 'Rysensteen Gymnasium', 'Tietgensgade 74', '1704', 'København', 'København', 'Hovedstaden', '1.g.', 'Bioteknologi', 'Søren Søgaard', '', 'ss@rysensteen.dk', 29, 1, 0, 0, 127, 0, '2015-04-23 00:00:00', '2014-08-06 00:00:00', '0000-00-00 00:00:00', NULL),
(108, 99, 108, 1, 'Tørring Gymnasium', 'Kirkevej 20', '7160', 'Tørring', 'Hedensted ', 'Hovedstaden', '3.g.', 'Biologi', 'Frank Grønlund Jørgensen', '60607862', 'fg@toerring-gym.dk', 24, 1, 0, 0, 0, 0, '2015-04-24 00:00:00', '2015-01-09 00:00:00', '0000-00-00 00:00:00', NULL),
(109, 99, 109, 1, 'Tørring Gymnasium', 'Kirkevej 20', '7160', 'Tørring', 'Hedensted ', 'Hovedstaden', '3.g.', 'Biologi', 'Frank Grønlund Jørgensen', '', '', 0, 0, 0, 0, 0, 0, '2015-04-24 00:00:00', '0000-00-00 00:00:00', '0000-00-00 00:00:00', NULL),
(110, 100, 110, -1, 'Vordingborg Gymnasium & HF', 'Chr. Richardtsvej 43', '4758', 'Vordingborg', 'Vordingborg', 'Hovedstaden', '2.g.', 'Biologi+biotek', 'Åse Uttenthal', '', 'aau@vordingborg-gym.dk', 30, 2, 0, 0, 127, 0, '2015-04-28 00:00:00', '2014-09-07 00:00:00', '0000-00-00 00:00:00', NULL),
(111, 101, 111, 1, 'Himmelev Gymnasium', 'Herregårdsvej 30', '4000', 'Roskilde', 'Roskilde', 'Hovedstaden', '2.g.', 'Biologi', 'Mai Bjerg Hagens', '25398979', 'maihagens@gmail.com', 23, 1, 0, 0, 0, 0, '2015-04-28 00:00:00', '2015-01-30 00:00:00', '0000-00-00 00:00:00', NULL),
(112, 102, 112, 1, 'Københavns Åbne Gymnasium', 'Sjælør Boulevard 133', '2500', 'Valby', 'København', 'Hovedstaden', '1.g.', 'Biologi', 'Martin Mejlhede Jensen', '', '', 0, 0, 0, 0, 0, 0, '2015-04-29 00:00:00', '0000-00-00 00:00:00', '0000-00-00 00:00:00', NULL),
(113, 102, 113, 1, 'Københavns Åbne Gymnasium', 'Sjælør Boulevard 133', '2500', 'Valby', 'København', 'Syddanmark', '1.g.', 'Biologi', 'Martin Mejlhede Jensen', '', 'mt@kg.dk', 28, 1, 0, 0, 127, 0, '2015-04-29 00:00:00', '2014-08-21 00:00:00', '0000-00-00 00:00:00', NULL),
(114, 103, 114, 1, 'Høng Gymnasium og HF', 'Hovedgaden 2', '4270', 'Høng', 'Kalundborg', 'Sjælland', '1.g.', 'Biologi', 'Tine Tønnes Sørensen', '', 'ts@hoeng-gymhf.dk', 4, 1, 0, 0, 0, 0, '2015-04-30 00:00:00', '0000-00-00 00:00:00', '0000-00-00 00:00:00', NULL),
(115, 103, 115, 1, 'Køge Private Realskole, Gymnasium', 'Ølby Center 50', '4600', 'Køge', 'Køge', 'Hovedstaden', '1.g.', 'Biologi', 'Marie Kvist Bondesen', '30283077', 'mariebondesen@gmail.com', 20, 1, 0, 0, 0, 0, '2015-04-30 00:00:00', '2015-01-13 00:00:00', '0000-00-00 00:00:00', NULL),
(116, 104, 116, 1, 'Køge Private Realskole, Gymnasium', 'Ølby Center 50', '4600', 'Køge', 'Køge', 'Hovedstaden', '1.g.', 'Biologi', 'Marie Kvist Bondesen', '30283077', 'mariebondesen@gmail.com', 16, 1, 0, 0, 0, 0, '2015-05-05 00:00:00', '2015-01-13 00:00:00', '0000-00-00 00:00:00', NULL),
(117, 105, 117, -1, 'Aurehøj Gymnasium', 'Skolevej 7', '2820', 'Gentofte', 'Gentofte', 'Hovedstaden', '2.g.', 'Biologi', 'Anne Winther Jørgensen', ' ', 'aj@aurehoej.dk', 8, 1, 0, 0, 0, 0, '2015-05-06 00:00:00', '2015-03-19 00:00:00', '0000-00-00 00:00:00', NULL),
(118, 106, 118, -1, 'Rødovre Gymnasium', 'hendrikholms bouleward 28', '2610', 'Rødovre', 'Rødovre', 'Hovedstaden', '1.g.', 'Biologi', 'liane gerup damsø', '29866967', 'liane.damsoe@skolekom.dk', 28, 2, 0, 0, 0, 0, '2015-05-06 00:00:00', '2015-04-16 00:00:00', '0000-00-00 00:00:00', NULL),
(119, 107, 119, -1, 'Vordingborg Gymnasium & HF', 'Chr. Richardtsvej 44', '4759', 'Vordingborg', 'Vordingborg', 'Hovedstaden', '3.g.', 'Biologi', 'Jeppe Mordhorst', '40685274', 'jm@vordingborg-gym.dk', 15, 1, 0, 0, 0, 0, '2015-05-06 00:00:00', '2015-01-13 00:00:00', '0000-00-00 00:00:00', NULL),
(120, 108, 120, 0, 'Vordingborg Gymnasium & HF', 'Chr. Richardtsvej 45', '4760', 'Vordingborg', 'Vordingborg', 'Hovedstaden', '3.g.', 'Bioteknologi', 'Nils Skov Jørgensen', '29122221', 'nj@vordingborg-gym.dk', 15, 1, 0, 0, 0, 0, '2015-05-07 00:00:00', '2015-01-14 00:00:00', '0000-00-00 00:00:00', NULL),
(121, 109, 121, 1, 'Gribskov Gymnasium', 'Østergade 52', '3200', 'Helsinge', 'Gribskov', 'Hovedstaden', '3.g.', 'Biologi', 'Morten Wermer', '24677788', 'mw@gribskovgymnasium.dk', 15, 1, 0, 0, 0, 0, '2015-05-08 00:00:00', '2015-02-05 00:00:00', '0000-00-00 00:00:00', NULL),
(122, 110, 122, 1, 'Vordingborg Gymnasium & HF', 'Chr. Richardsvej 45', '4760', 'vordingborg', 'Vordingborg', 'Midtjylland', '2.g.', 'Biologi', 'Åse Uttenthal', '23711143', 'aau@vordingborg-gym.dk', 30, 2, 0, 0, 0, 0, '2015-05-12 00:00:00', '2015-01-13 00:00:00', '0000-00-00 00:00:00', NULL),
(123, 111, 123, 1, 'Sankt Annæ Gymnasium', 'Sjælør Boulevard 135', '2500', 'Valby', 'København', 'Sjælland', '1.g.', 'Bioteknologi', 'Hans Marker', '', 'hm@sag.dk', 15, 1, 0, 0, 127, 0, '2015-05-13 00:00:00', '2014-05-21 00:00:00', '0000-00-00 00:00:00', NULL),
(124, 111, 124, 1, 'Sankt Annæ Gymnasium', 'Sjælør Boulevard 135', '2500', 'Valby', 'København', 'Sjælland', '1.g.', 'Bioteknologi', 'Hans Marker', '', 'hm@sag.dk', 0, 0, 0, 0, 127, 0, '2015-05-13 00:00:00', '2014-05-21 00:00:00', '0000-00-00 00:00:00', NULL),
(125, 112, 125, 1, 'Greve Gymnasium', 'Rådhusholmen 12', '2670', 'Greve', 'Greve', 'Hovedstaden', '2.g.', 'Bioteknologi', 'Kenneth Beri Ploug', '23234288', 'ggkbp@greve-gym.dk', 22, 2, 0, 0, 0, 0, '2015-05-19 00:00:00', '2015-01-22 00:00:00', '0000-00-00 00:00:00', NULL),
(126, 112, 126, 1, 'Greve Gymnasium', 'Rådhusholmen 12', '2670', 'Greve', 'Greve', 'Sjælland', '2.g.', 'Bioteknologi', 'Kenneth Beri Ploug', '23234288', 'ggkbp@greve-gym.dk', 0, 0, 0, 0, 0, 0, '2015-05-19 00:00:00', '2015-01-22 00:00:00', '0000-00-00 00:00:00', NULL),
(127, 113, 127, -1, 'Birkerød Gymnasium - HF - IB & Kostskole', 'Søndervangen 56, ', '3460', 'Birkerød', 'Rudersdal', 'Hovedstaden', '2.g.', 'Biologi', 'Christina Høier Ricke', '61696739', 'cr@birke-gym.dk', 26, 1, 0, 0, 0, 0, '2015-05-20 00:00:00', '2015-03-11 00:00:00', '0000-00-00 00:00:00', NULL),
(128, 114, 128, 1, 'Christianshavns Gymnasium', 'Prinsessegade 35 ', '1422', 'København', 'København', 'Hovedstaden', '2.g.', 'Biologi', 'Rasmus Andreasen', '26826010', 'ra@cg-gym.dk', 15, 1, 0, 0, 0, 0, '2015-05-21 00:00:00', '2015-02-05 00:00:00', '0000-00-00 00:00:00', NULL),
(129, 115, 129, 1, 'Erhvervsskolen Nordsjælland, HTX Hillerød', 'Carlsbergvej 34', '3400', 'Hillerød', 'Hillerød', 'Sjælland', '1.g.', 'Biologi', 'Peter Rostgaard Christensen', '21515609', 'prc@esnord.dk', 22, 1, 0, 0, 0, 0, '2015-05-22 00:00:00', '2015-04-08 00:00:00', '0000-00-00 00:00:00', NULL),
(130, 116, 130, 1, 'Ordrup Gymnasium', 'Kirkevej 5', '2920', 'Charlottenlund', 'Gentofte', 'Syddanmark', '1.g.', 'Bioteknologi', 'Karin Frykman', '22253576', 'karinfrykman@gmail.com', 25, 3, 0, 0, 0, 0, '2015-05-28 00:00:00', '2015-02-06 00:00:00', '0000-00-00 00:00:00', NULL),
(131, 117, 131, 1, 'Rysensteen Gymnasium', 'Tietgensgade 74', '1704', 'København', 'København', 'Sjælland', '2.g.', 'Bioteknologi', 'Kasper Kristiansen', '20656667', 'kk@rysensteen.dk', 25, 2, 0, 0, 0, 0, '2015-05-29 00:00:00', '2015-05-04 00:00:00', '0000-00-00 00:00:00', NULL),
(132, 118, 132, 1, 'Rødovre Gymnasium', 'Hendrikholms Boulevard 28', '2610', 'Rødovre', 'København', 'Hovedstaden', '1.g.', 'Bioteknologi', 'Liane Gerup Damsø', '29866967', 'liane.damsoe@skolekom.dk', 26, 2, 0, 0, 0, 0, '2015-06-03 00:00:00', '2015-04-20 00:00:00', '0000-00-00 00:00:00', NULL),
(133, 119, 133, 1, 'Rødovre Gymnasium', 'Hendrikholms Boulevard 28', '2610', 'Rødovre', 'København', 'Hovedstaden', '1.g.', 'Bioteknologi', 'Liane Gerup Damsø', '29866967', 'liane.damsoe@skolekom.dk', 0, 0, 0, 0, 0, 0, '2015-06-03 00:00:00', '2015-04-20 00:00:00', '0000-00-00 00:00:00', NULL),
(134, 120, 134, -1, 'Tårnby Gymnasium & HF', 'Tejn alle 5', '2770', 'Kastrup', 'Tårnby', 'Hovedstaden', '3.g.', 'Bioteknologi', 'Ingelise Drozd Lund', '20438015', 'il@tgy.dk', 18, 1, 0, 0, 0, 0, '2015-08-25 00:00:00', '2015-04-08 00:00:00', '0000-00-00 00:00:00', NULL),
(135, 121, 135, 1, 'Svendborg Gymnasium & HF', 'A.P. Møllersvej 35', '5700', 'Svendborg', 'Svendborg', 'Hovedstaden', '3.g.', 'Bioteknologi', 'Peter Teglhøj', '27117255', 'pt@svendborg-gym.dk', 26, 2, 0, 0, 0, 0, '2015-08-25 00:00:00', '2015-06-25 00:00:00', '0000-00-00 00:00:00', NULL),
(136, 122, 136, 1, 'Gammel Hellerup Gymnasium', 'Svanemøllevej 87', '2900', 'Hellerup', 'Gentofte', 'Hovedstaden', '2.g.', 'Bioteknologi', 'Mie Marving', '26171557', 'mi@ghg.dk', 28, 2, 0, 0, 0, 0, '2015-08-26 00:00:00', '2015-04-16 00:00:00', '0000-00-00 00:00:00', NULL),
(137, 123, 137, 1, 'Københavns åbne Gymnasium', 'Sjælør Boulevard', '2500', 'Valby', 'København', 'Hovedstaden', '2.g.', 'Biologi', 'Finn Vanman Jørgensen', '25778059', 'fv@kg.dk', 15, 1, 0, 0, 0, 0, '2015-08-27 00:00:00', '2015-04-29 00:00:00', '0000-00-00 00:00:00', NULL),
(138, 124, 138, 1, 'Frederiksværk Gymnasium og HF', 'Strandgade 34', '3300', 'Frederiksværk', 'Halsnæs', 'Hovedstaden', '2.g.', 'Biologi', 'Bente Lerner Bregnbak', '21267728', 'bb@fvgh.dk', 23, 1, 0, 0, 0, 0, '2015-08-28 00:00:00', '2015-03-30 00:00:00', '0000-00-00 00:00:00', NULL),
(139, 125, 139, -1, 'Viborg Gymnasium og HF', 'Skaldehøjvej 12', '8800', 'Viborg', 'Viborg', 'Hovedstaden', '3.g.', 'Bioteknologi', 'Ulla Hjorth', '29898048', 'uh@vghf.dk', 15, 1, 0, 0, 0, 0, '2015-09-01 00:00:00', '2015-01-08 00:00:00', '0000-00-00 00:00:00', NULL),
(140, 126, 140, 1, 'Ørestad Gymnasium', 'Ørestad Boulevard 75', '2300', 'København', 'København', 'Hovedstaden', '3.g.', 'Biologi', 'Sofie Bruhns', '29861030', 'srb@oegnet.dk', 26, 1, 0, 0, 0, 0, '2015-09-02 00:00:00', '2015-01-09 00:00:00', '0000-00-00 00:00:00', NULL),
(141, 127, 141, 1, 'Gefion Gymnasium', 'Øster Voldgade 10', '1350', 'Kbh', 'København', 'Hovedstaden', '2.g.', 'Bioteknologi', 'Birgit Eliasson', '21692063', 'Bel@gefion-gym.dk', 24, 2, 0, 0, 0, 0, '2015-09-03 00:00:00', '2015-04-07 00:00:00', '0000-00-00 00:00:00', NULL),
(142, 127, 142, 1, 'Gefion Gymnasium', 'Øster Voldgade 10', '1350', 'Kbh', 'København', 'Sjælland', '2.g.', 'Bioteknologi', 'Birgit Eliasson', '21692063', 'Bel@gefion-gym.dk', 0, 0, 0, 0, 0, 0, '2015-09-03 00:00:00', '2015-04-07 00:00:00', '0000-00-00 00:00:00', NULL),
(143, 128, 143, -1, 'Allerød Gymnasium', 'Rådhusvej 6', '3450', 'Allerød', 'Allerød', 'Hovedstaden', '2.g.', 'Bioteknologi', 'Louise Lund Bækgaard', '26152562', 'louise.lund.baekgaard@skolekom.dk', 23, 1, 0, 0, 0, 0, '2015-09-04 00:00:00', '2015-04-20 00:00:00', '0000-00-00 00:00:00', NULL),
(144, 128, 144, -1, 'Allerød Gymnasium', 'Rådhusvej 6', '3450', 'Allerød', 'Allerød', 'Hovedstaden', '2.g.', 'Bioteknologi', 'Louise Lund Bækgaard', '26152562', 'louise.lund.baekgaard@skolekom.dk', 0, 0, 0, 0, 0, 0, '2015-09-04 00:00:00', '2015-04-20 00:00:00', '0000-00-00 00:00:00', NULL),
(145, 129, 145, 1, 'Viborg Gymnasium og HF', 'Skaldehøjvej 12', '8800', 'Viborg', 'Viborg', 'Syddanmark', '2.g.', 'Bioteknologi', 'Astrid Siegumfeldt', '25115155', 'as@vghf.dk', 27, 1, 0, 0, 0, 0, '2015-09-08 00:00:00', '2015-04-07 00:00:00', '0000-00-00 00:00:00', NULL),
(146, 130, 146, 1, 'Høje-Taastrup Gymnasium', 'Frøgård Allé 2', '2630', 'Taastrup', 'Høje-Taastrup', 'Hovedstaden', '2.g.', 'Biologi', 'Thomas Warner', '51359953', 'tw@htgym.dk', 12, 1, 0, 0, 0, 0, '2015-09-09 00:00:00', '2015-04-15 00:00:00', '0000-00-00 00:00:00', NULL),
(147, 130, 147, 1, 'Høje-Taastrup Gymnasium', 'Frøgård Allé 2', '2630', 'Taastrup', 'Høje-Taastrup', 'Sjælland', '2.g.', 'Biologi', 'Gudrun Beyer Poulsen', '51359953', 'tw@htgym.dk', 12, 1, 0, 0, 0, 0, '2015-09-09 00:00:00', '2015-04-15 00:00:00', '0000-00-00 00:00:00', NULL),
(148, 131, 148, 1, 'Allerød Gymnasium', 'Rådhusvej 6', '3450', 'Allerød', 'Allerød', 'Hovedstaden', '2.g.', 'Biologi', 'Vagn Rasmussen', '21206073', 'vra@mail.dk', 17, 1, 0, 0, 0, 0, '2015-09-10 00:00:00', '2015-04-29 00:00:00', '0000-00-00 00:00:00', NULL),
(149, 132, 149, 1, 'Tårnby Gymnasium & HF', 'Tejn alle 5', '2770', 'Kastrup', 'Tårnby', 'Syddanmark', '3.g.', 'Bioteknologi', 'Ingelise Drozd Lund', '20438015', 'il@tgy.dk', 15, 1, 0, 0, 0, 0, '2015-09-11 00:00:00', '2015-05-22 00:00:00', '0000-00-00 00:00:00', NULL),
(150, 132, 150, 1, 'Tårnby Gymnasium & HF', 'Tejn alle 5', '2770', 'Kastrup', 'Tårnby', 'Midtjylland', '3.g.', 'Bioteknologi', 'Ingelise Drozd Lund', '20438015', 'il@tgy.dk', 0, 0, 0, 0, 0, 0, '2015-09-11 00:00:00', '2015-05-22 00:00:00', '0000-00-00 00:00:00', NULL),
(151, 133, 151, 1, 'Gladsaxe Gymnasium', 'Buddinge Hovedgade 81', '2860', 'Gladsaxe', 'Gladsaxe', 'Sjælland', '2.g.', 'Biologi', 'Tobias Frykman', '51222671', 'tobiasfrykman@gmail.com', 26, 1, 0, 0, 0, 0, '2015-09-16 00:00:00', '2015-05-30 00:00:00', '0000-00-00 00:00:00', NULL),
(152, 134, 152, 1, 'Borupgaard Gymnasium', 'Lautruphøj 9', '2750', 'Ballerup', 'Ballerup', 'Sjælland', '3.g.', 'Bioteknologi', 'Jens Bøgeskov', '29893667', 'jb@boag.nu', 13, 2, 0, 0, 0, 0, '2015-09-17 00:00:00', '2015-04-06 00:00:00', '0000-00-00 00:00:00', NULL),
(153, 135, 153, 1, 'FYNs HF-kursus', 'Hunderupvej 17', '5000', 'Odense', 'Odense', 'Sjælland', '2.g.', 'Biologi', 'Morten Jerris', '61716734', 'mrj@vucfyn.dk', 13, 1, 0, 0, 0, 0, '2015-09-18 00:00:00', '2015-04-29 00:00:00', '0000-00-00 00:00:00', NULL),
(154, 136, 154, 1, 'Nykøbing Katedralskole', 'Poul Martin Møllersvej 3', '4840', 'Nykøbing', 'Guldborgsund', 'Hovedstaden', '3.g.', 'Biologi', 'Grete Christiansen', '29648288', 'gc@nykgym.dk', 26, 2, 0, 0, 0, 0, '2015-09-22 00:00:00', '2015-06-10 00:00:00', '0000-00-00 00:00:00', NULL),
(155, 137, 155, -1, 'Næstved Gymnasium', 'Nygårdsvej 43', '4700', 'næstved', 'Næstved', 'Hovedstaden', '3.g.', 'Biologi', 'Thomas Bang', '28891969', 'tb@ngh.nu', 25, 1, 0, 0, 0, 0, '2015-09-23 00:00:00', '2015-05-13 00:00:00', '0000-00-00 00:00:00', NULL),
(156, 138, 156, 1, 'Hasseris Gymnasium', 'Hasserisvej 300', '9000', 'Aalborg', 'Aalborg', 'Hovedstaden', '3.g.', 'Biologi', 'Tore Rubak', '61277766', 'tr@hasseris-gym.dk', 17, 1, 0, 0, 0, 0, '2015-09-24 00:00:00', '2015-02-24 00:00:00', '0000-00-00 00:00:00', NULL),
(157, 139, 157, -1, 'Slagelse Gymnasium', 'Willemoesvej 2a', '4200', 'Slagelse', 'Slagelse', 'Hovedstaden', '3.g.', 'Biologi', 'Trine Nielsen', '28970393', 'te@slagelse-gym.dk', 26, 1, 0, 0, 0, 0, '2015-09-25 00:00:00', '2015-08-04 00:00:00', '0000-00-00 00:00:00', NULL),
(158, 140, 158, 1, 'Gladsaxe Gymnasium', 'Buddinge Hovedgade 81', '2860', 'Søborg', 'Gladsaxe', 'Hovedstaden', '3.g.', 'Biologi', 'Tobias Frykman', '51222671', 'tobiasfrykman@gmail.com', 19, 1, 0, 0, 0, 0, '2015-09-25 00:00:00', '2015-08-19 00:00:00', '0000-00-00 00:00:00', NULL),
(159, 141, 159, 1, 'Allerød Gymnasium', 'Rådhusvej 6', '3450', 'Allerød', 'Allerød', 'Hovedstaden', '2.g.', 'Bioteknologi', 'Louise Lund Bækgaard', '26152562', 'louise.lund.baekaard@gmail.com', 20, 1, 0, 0, 0, 0, '2015-09-29 00:00:00', '2015-08-12 00:00:00', '0000-00-00 00:00:00', NULL),
(160, 141, 160, 1, 'Allerød Gymnasium', 'Rådhusvej 6', '3450', 'Allerød', 'Allerød', 'Hovedstaden', '2.g.', 'Bioteknologi', 'Louise Lund Bækgaard', '26152562', 'louise.lund.baekaard@gmail.com', 0, 0, 0, 0, 0, 0, '2015-09-29 00:00:00', '2015-08-12 00:00:00', '0000-00-00 00:00:00', NULL),
(161, 142, 161, 1, 'Høje-Taastrup Gymnasium', 'Frøgaard alle 2', '2630', 'Taastrup', 'Høje-Taastrup', 'Hovedstaden', '2.g.', 'Biologi', 'Sofie Brix', '53344411', 'Sofieab@gmail.com', 15, 2, 0, 0, 0, 0, '2015-09-30 00:00:00', '2015-06-28 00:00:00', '0000-00-00 00:00:00', NULL),
(162, 143, 162, 1, 'Frederiksborg Gymnasium og HF', 'Carlsbergvej 15', '3400', 'Hillerød', 'Hillerød', 'Hovedstaden', '2.g.', 'Bioteknologi', 'Torsten Ingerslev', '30741421', 'torsten.ingerslev@gmail.com', 20, 1, 0, 0, 0, 0, '2015-10-01 00:00:00', '2015-04-20 00:00:00', '0000-00-00 00:00:00', NULL),
(163, 144, 163, 1, 'Københavns VUC', 'Vognmagergade 8', '1120', 'KBH', 'København', 'Hovedstaden', '2.g.', 'Biologi', 'Bent Nielsen', '82326600', 'bn@kvuc.dk', 23, 1, 0, 0, 0, 0, '2015-10-02 00:00:00', '2015-04-23 00:00:00', '0000-00-00 00:00:00', NULL),
(164, 144, 164, 1, 'Københavns VUC', 'Vognmagergade 8', '1120', 'KBH', 'København', 'Midtjylland', '2.g.', 'Biologi', 'Bent Nielsen', '82326600', 'bn@kvuc.dk', 0, 0, 0, 0, 0, 0, '2015-10-02 00:00:00', '2015-04-23 00:00:00', '0000-00-00 00:00:00', NULL),
(165, 145, 165, 1, 'Skanderborg Gymnasium', 'Højvangens Torv 6', '8660', 'Skanderborg', 'Skanderborg', 'Hovedstaden', '3.g.', 'Bioteknologi', 'Mikala Winther Voldby', '30276193', 'vv@skanderborg-gym.dk', 20, 2, 0, 0, 0, 0, '2015-10-06 00:00:00', '2015-06-25 00:00:00', '0000-00-00 00:00:00', NULL),
(166, 146, 166, 1, 'Køge Gymnasium', 'Gymnasievej 4', '4600', 'Køge', 'Køge', 'Hovedstaden', '2.g.', 'Biologi', 'Marie Eiland', '27284531', 'kgme@kggym.dk', 20, 2, 0, 0, 0, 0, '2015-10-07 00:00:00', '2015-06-30 00:00:00', '0000-00-00 00:00:00', NULL),
(167, 147, 167, 1, 'Falkonergårdens Gymnasium og HF-Kursus', 'Sønderjyllands Alle 25', '2000', 'Frederiksberg', 'Frederiksberg', 'Syddanmark', '2.g.', 'Biologi', 'Signe Markman og Morten Skaarup', '26783639', 'signemarkman@gmail.com', 29, 2, 0, 0, 0, 0, '2015-10-08 00:00:00', '2015-08-26 00:00:00', '0000-00-00 00:00:00', NULL),
(168, 148, 168, 1, 'Egedal Gymnasium & HF', 'Gymnasievej 1', '3660', 'Stenløse', 'Egedal', 'Sjælland', '2.g.', 'Biologi', 'Rikke Anker Jensen', '29914554', 'rj@egedal-gym.dk', 30, 2, 0, 0, 0, 0, '2015-10-23 00:00:00', '2015-04-08 00:00:00', '0000-00-00 00:00:00', NULL),
(169, 148, 169, 1, 'Egedal Gymnasium & HF', 'Gymnasievej 1', '3660', 'Stenløse', 'Egedal', 'Nordjylland', '2.g.', 'Biologi', 'Rikke Anker Jensen', '29914554', 'rj@egedal-gym.dk', 0, 0, 0, 0, 0, 0, '2015-10-23 00:00:00', '2015-04-08 00:00:00', '0000-00-00 00:00:00', NULL),
(170, 149, 170, -1, 'Høje-Taastrup Gymnasium', 'Frøgård alle 2', '2630', 'Taastrup', 'Høje-Taastrup', 'Hovedstaden', '2.g.', 'Biologi', 'Anders Jensen', '28251979', 'anders@rapanden.dk', 26, 1, 0, 0, 0, 0, '2015-10-27 00:00:00', '2015-08-17 00:00:00', '0000-00-00 00:00:00', NULL),
(171, 150, 171, 0, 'Rosborg Gymnasium & HF', 'Vestre Engvej 61', '7100', 'Vejle', 'Vejle', 'Hovedstaden', '3.g.', 'Biologi', 'Lone Kjærby Rasmussen', '27771452', 'lr@rosborg-gym.dk', 17, 1, 0, 0, 0, 0, '2015-10-29 00:00:00', '2015-06-12 00:00:00', '0000-00-00 00:00:00', NULL),
(172, 151, 172, -1, 'Rosborg Gymnasium & HF', 'Vestre Engvej 61', '7100', 'Vejle', 'Vejle', 'Hovedstaden', '3.g.', 'Biologi', 'Lone Kjærby Rasmussen', '27771452', 'lr@rosborg-gym.dk', 21, 1, 0, 0, 0, 0, '2015-10-30 00:00:00', '2015-09-06 00:00:00', '0000-00-00 00:00:00', NULL),
(173, 152, 173, -1, 'Viby Gymnasium', 'Søndervangs alle 45', '8260', 'Viby', 'Aarhus', 'Hovedstaden', '3.g.', 'Bioteknologi', 'Katrine Pedersen', '25611514', 'kp@vibygym.dk', 15, 1, 0, 0, 0, 0, '2015-11-05 00:00:00', '2015-08-12 00:00:00', '0000-00-00 00:00:00', NULL),
(174, 153, 174, 1, 'ZBC HTX Vordingborg', 'Chr. Richardtsvej 43', '4760', 'Vordingborg', 'Vordingborg', 'Sjælland', '3.g.', 'Bioteknologi', 'Eman Soubani og Stefan Vemmer Kronhoff', '42446360, 55788888', 'esou@zbc.dk', 12, 2, 0, 0, 0, 0, '2015-11-05 00:00:00', '2015-10-20 00:00:00', '0000-00-00 00:00:00', NULL),
(175, 154, 175, -1, 'Viby Gymnasium', 'Søndervangs alle 45', '8260', 'Viby', 'Aarhus', 'Hovedstaden', '3.g.', 'Bioteknologi', 'Katrine Pedersen', '25611514', 'Kp@vibygym.dk', 15, 1, 0, 0, 0, 0, '2015-11-06 00:00:00', '2015-08-10 00:00:00', '0000-00-00 00:00:00', NULL),
(176, 155, 176, 1, 'Borupgaard Gymnasium', 'Lautruphøj 9', '2750', 'Ballerup', 'Ballerup', 'Hovedstaden', '3.g.', 'Biologi', 'Ditte Zimmermann', '91250681', 'db@boag.nu', 13, 1, 0, 0, 0, 0, '2015-11-06 00:00:00', '2015-10-07 00:00:00', '0000-00-00 00:00:00', NULL),
(177, 156, 177, 1, 'Espergærde Gymnasium og HF', 'Gymnasievej 2', '3060', 'Espergærde', 'Helsingør', 'Hovedstaden', '3.g.', 'Biologi', 'Rikke Louise Rentsch', '21929989', 'RI@eg-gym.dk', 30, 1, 0, 0, 0, 0, '2015-11-10 00:00:00', '2015-08-27 00:00:00', '0000-00-00 00:00:00', NULL),
(178, 156, 178, 1, 'Espergærde Gymnasium og HF', 'Gymnasievej 2', '3060', 'Espergærde', 'Helsingør', 'Hovedstaden', '3.g.', 'Biologi', 'Rikke Louise Rentsch', '21929989', 'RI@eg-gym.dk', 0, 0, 0, 0, 0, 0, '2015-11-10 00:00:00', '2015-08-27 00:00:00', '0000-00-00 00:00:00', NULL),
(179, 157, 179, 1, 'Christianshavns Gymnasium', 'Princessegade 35', '1422', 'KBH', 'København', 'Hovedstaden', '2.g.', 'Bioteknologi', 'Jette Feld', '29800128', 'jf@cg-gym.dk', 0, 0, 0, 0, 0, 0, '2015-11-11 00:00:00', '2015-05-27 00:00:00', '0000-00-00 00:00:00', NULL),
(180, 157, 180, 1, 'Christianshavns Gymnasium', 'Princessegade 35', '1422', 'KBH', 'København', 'Hovedstaden', '2.g.', 'Bioteknologi', 'Jette Feld', '29800128', 'jf@cg-gym.dk', 14, 1, 0, 0, 0, 0, '2015-11-11 00:00:00', '2015-05-27 00:00:00', '0000-00-00 00:00:00', NULL);
INSERT INTO `klasse` (`klasse_id`, `booking_id`, `lokalitet_id`, `status`, `institutionsnavn`, `adresse`, `postnr`, `by`, `kommune`, `region`, `klassetrin`, `fag`, `laererNavn`, `laererTlf`, `laererEmail`, `antalElever`, `antalLaerer`, `KuvertProeverAfsendt`, `Proevermodtaget`, `SendtInfoMailTilLaerer`, `UdtraekFraFiskedatabasen`, `DatoForBesoeg`, `DatoForBooking`, `DatoForEkst`, `EANBlanket`) VALUES
(181, 158, 181, 1, 'Vordingborg Gymnasium & HF', 'Chr. Richardtsvej 45', '4760', 'Vordingborg', 'Vordingborg', 'Hovedstaden', '3.g.', 'Biologi', 'Jeppe Mordhorst', '40685274', 'jm@vordingborg-gym.dk', 24, 1, 0, 0, 0, 0, '2015-11-12 00:00:00', '2015-09-03 00:00:00', '0000-00-00 00:00:00', NULL),
(182, 159, 182, -1, 'Frederiksberg Gymnasium', 'Falkoner Plads 2', '2000', 'Frederiksberg', 'Frederiksberg', 'Hovedstaden', '3.g.', 'Biologi', 'Peter Toft', '30258217', 'pt@frederiksberggymnasium.dk', 20, 1, 0, 0, 0, 0, '2015-11-13 00:00:00', '2015-08-19 00:00:00', '0000-00-00 00:00:00', NULL),
(183, 160, 183, 1, 'Viby Gymnasium', 'Søndervangs alle 45', '8260', 'Viby', 'Aarhus', 'Hovedstaden', '3.g.', 'Bioteknologi', 'Katrine Pedersen', '25611514', 'kp@vibygym.dk', 15, 1, 0, 0, 0, 0, '2015-11-17 00:00:00', '2015-09-02 00:00:00', '0000-00-00 00:00:00', NULL),
(184, 161, 184, 1, 'SRP-elever, Borupgaard Gym', 'Gothersgade 130', '1350', 'København', 'København', 'Sjælland', '3.g.', 'Biologi/Biotek', 'Andreas Kelager og Marie Lillemark', '20616020', 'akelager@snm.ku.dk; marie.lillemark@snm.ku.dk', 1, 0, 0, 0, 0, 0, '2015-11-18 00:00:00', '2015-10-20 00:00:00', '0000-00-00 00:00:00', NULL),
(185, 161, 185, 1, 'SRP-elever, Frederiksværk Gym', 'Gothersgade 130', '1350', 'København', 'København', 'Hovedstaden', '3.g.', 'Biologi/Biotek', 'Andreas Kelager og Marie Lillemark', '20616020', 'akelager@snm.ku.dk; marie.lillemark@snm.ku.dk', 1, 0, 0, 0, 0, 0, '2015-11-18 00:00:00', '2015-10-20 00:00:00', '0000-00-00 00:00:00', NULL),
(186, 161, 186, 1, 'SRP-elever, Frederiksværk Gym', 'Gothersgade 130', '1350', 'København', 'København', 'Hovedstaden', '3.g.', 'Biologi/Biotek', 'Andreas Kelager og Marie Lillemark', '20616020', 'akelager@snm.ku.dk; marie.lillemark@snm.ku.dk', 1, 0, 0, 0, 0, 0, '2015-11-18 00:00:00', '2015-10-20 00:00:00', '0000-00-00 00:00:00', NULL),
(187, 161, 187, 1, 'SRP-elever, Rødovre Gym', 'Gothersgade 130', '1350', 'København', 'København', 'Hovedstaden', '3.g.', 'Biologi/Biotek', 'Andreas Kelager og Marie Lillemark', '20616020', 'akelager@snm.ku.dk; marie.lillemark@snm.ku.dk', 1, 0, 0, 0, 0, 0, '2015-11-18 00:00:00', '2015-10-20 00:00:00', '0000-00-00 00:00:00', NULL),
(188, 162, 188, 1, 'Birkerød Gymnasium - HF - IB & Kostskole', 'Søndervangen 56', '3460', 'Birkerød', 'Rudersdal', 'Sjælland', '3.g.', 'Biologi', 'Christina Høier Ricke & Jette Eibye-Jacobsen', '61696739', 'ei@birke-gym.dk', 16, 2, 0, 0, 0, 0, '2015-11-19 00:00:00', '2015-08-11 00:00:00', '0000-00-00 00:00:00', NULL),
(189, 163, 189, 1, 'Aurehøj Gymnasium', 'Skolevej 7', '2820', 'Gentofte', 'Gentofte', 'Hovedstaden', '2.g.', 'Biologi', 'Anne Winther Jørgensen', '', 'aj@aurehoej.dk', 9, 1, 0, 0, 0, 0, '2015-11-20 00:00:00', '2015-05-16 00:00:00', '0000-00-00 00:00:00', NULL),
(190, 163, 190, 1, 'Rungsted Gymnasium', 'Stadion Allé 14', '2960', 'Rungsted', 'Hørsholm', 'Sjælland', '3.g.', 'Biologi', 'Knud Johnsen', '81503755', 'jo@rungsted-gym.dk', 15, 1, 0, 0, 0, 0, '2015-11-20 00:00:00', '2015-05-16 00:00:00', '0000-00-00 00:00:00', NULL),
(191, 164, 191, 1, 'Københavns Tekniske Skole, HTX Vibenhus', 'Jagtvej 163', '2100', 'København', 'København', 'Hovedstaden', '2.g.', 'Biologi', 'Hanne Juhl (hju)', '21424674', 'hju@kts.dk', 23, 2, 0, 0, 0, 0, '2015-11-24 00:00:00', '2015-08-13 00:00:00', '0000-00-00 00:00:00', NULL),
(192, 165, 192, 1, 'Ørestad Gymnasium', 'Ørestad Boulevard 75', '2300', 'København', 'København', 'Sjælland', '2.g.', 'Bioteknologi', 'Sofie Bruhns', '29861030', 'srb@oegnet.dk', 18, 1, 0, 0, 0, 0, '2015-11-25 00:00:00', '2015-11-04 00:00:00', '0000-00-00 00:00:00', NULL),
(193, 166, 193, 1, 'Ordrup Gymnasium', 'Kirkevej 5', '2920', 'Gentofte', 'Gentofte', 'Syddanmark', '3.g.', 'Biologi', 'Karin Frykman', '22253576', 'karinfrykman@gmail.com', 18, 1, 0, 0, 0, 0, '2015-12-02 00:00:00', '2015-06-14 00:00:00', '0000-00-00 00:00:00', NULL),
(194, 167, 194, 1, 'Gladsaxe Gymnasium', 'Buddinge Hovedgade 81', '2860', 'Søborg', 'Gladsaxe', 'Hovedstaden', '2.g.', 'Biologi', 'Kenn Madsen', '40941331', 'ksmadsen@msn.com', 27, 1, 0, 0, 0, 0, '2015-12-09 00:00:00', '2015-09-28 00:00:00', '0000-00-00 00:00:00', NULL),
(195, 168, 195, -1, 'Espergærde Gymnasium og HF', 'Gymnasievej 2', '3060', 'Espergærde', 'Helsingør', 'Sjælland', '2.g.', 'Biologi', 'Katrine Skjøth', '40786427', 'katrineskjoeth@yahoo.dk', 28, 1, 0, 0, 127, 0, '2015-12-10 00:00:00', '2014-11-03 00:00:00', '0000-00-00 00:00:00', NULL),
(196, 169, 196, 1, 'Nærum Gymnasium', 'Nærum Hovedgade 30', '2850', 'Nærum', 'Rudersdal', 'Sjælland', '1.g.', 'Bioteknologi', 'Helle Jarden', '40783646', 'hj@nagym.dk', 29, 1, 0, 0, 0, 0, '2015-12-11 00:00:00', '2015-08-31 00:00:00', '0000-00-00 00:00:00', NULL),
(197, 170, 197, 1, 'Grindsted Gymnasium & HF', 'Tinghusgade 20', '7200', 'Grindsted', 'Billund', 'Hovedstaden', '3.g.', 'Bioteknologi', 'Anja Lykke Hundebøll Nielsen', '22819393', 'ah@ggnet.dk', 15, 1, 0, 0, 0, 0, '2015-12-16 00:00:00', '2015-02-03 00:00:00', '0000-00-00 00:00:00', NULL),
(198, 171, 198, 1, 'Helsingør Gymnasium', 'Borgmester P. Christensensvej 3', '3000', 'Helsingør', 'Helsingør', 'Sjælland', '2.g.', 'Bioteknologi', 'Thea Feld Nielsen og Stine Weber', '26498331', 'tf@hels-gym.dk', 28, 2, 0, 0, 0, 0, '2015-12-17 00:00:00', '2015-04-21 00:00:00', '0000-00-00 00:00:00', NULL),
(199, 172, 199, -1, 'Gladsaxe Gymnasium', 'Søborg hovedgade 81', '2860', 'Søborg', 'Gladsaxe', 'Sjælland', '3.g.', 'Biologi', 'Allan Gylling Olsen', '31500392', 'ao@gladgym.dk', 15, 1, 0, 0, 0, 0, '2016-01-06 00:00:00', '2015-10-24 00:00:00', '0000-00-00 00:00:00', NULL),
(200, 173, 200, 1, 'Espergærde Gymnasium og HF', 'Gymnasievej 2', '3060', 'Espergærde', 'Helsingør', 'Sjælland', '3.g.', 'Bioteknologi', 'Niels Kristian Holm', '60731927', 'nk@eg-gym.dk', 24, 1, 0, 0, 0, 0, '2016-01-07 00:00:00', '2015-11-17 00:00:00', '0000-00-00 00:00:00', NULL),
(201, 174, 201, 1, 'Egedal Gymnasium & HF', 'Gymnasievej 2', '3660', 'Stenløse', 'Egedal', 'Sjælland', '3.g.', 'Biologi', 'Malene Sloth-Brodersen', '27304769', 'malene@sloth-brodersen.dk', 21, 1, 0, 0, 0, 0, '2016-01-08 00:00:00', '2015-10-21 00:00:00', '0000-00-00 00:00:00', NULL),
(202, 175, 202, 1, 'VUC Roskilde', 'Læderstræde 4', '4000', 'Roskilde', 'Roskilde', 'Hovedstaden', '2.g.', 'Biologi', 'Sarah Kassem Kaltoft', '53575904', 'rka@vucroskilde.dk', 19, 1, 0, 0, 0, 0, '2016-01-12 00:00:00', '2015-11-30 00:00:00', '0000-00-00 00:00:00', NULL),
(203, 176, 203, 1, 'Roskilde Gymnasium', 'Domkirkepladsen 1', '4000', 'Roskilde', 'Roskilde', 'Syddanmark', '2.g.', 'Biologi', 'Karina Lærekdal Sørensen', '29909774', 'rgks@roskilde-gym.dk', 25, 1, 0, 0, 0, 0, '2016-01-15 00:00:00', '2015-12-07 00:00:00', '0000-00-00 00:00:00', NULL),
(204, 177, 204, 1, 'VUC Frederiksberg', 'Falstersvej 3-5', '2000', 'Frederiksberg', 'Frederiksberg', 'Sjælland', '3.g.', 'Biologi', 'Thorsten Dyrby Nielsen', '61995921', 'tdn@vuf.nu', 24, 1, 0, 0, 0, 0, '2016-01-19 00:00:00', '2015-11-24 00:00:00', '0000-00-00 00:00:00', NULL),
(205, 178, 205, 1, 'Høje-Taastrup Gymnasium', 'Frøgaard alle 2', '2630', 'Taastrup', 'Høje-Taastrup', 'Sjælland', '2.g.', 'Biologi', 'Christina Bramow & Søren Vienberg', '60682179', 'cb@htgym.dk; Soeren_vienberg@yahoo.com', 30, 2, 0, 0, 0, 0, '2016-01-20 00:00:00', '2015-04-24 00:00:00', '0000-00-00 00:00:00', NULL),
(206, 179, 206, -1, 'Roskilde Gymnasium', 'Domkirkepladsen 1', '4000', 'Roskilde', 'Roskilde', 'Hovedstaden', '2.g.', 'Biologi', 'Karina Lærekdal Sørensen', '29909774', 'rgks@roskilde-gym.dk', 28, 1, 0, 0, 0, 0, '2016-01-21 00:00:00', '2015-08-21 00:00:00', '0000-00-00 00:00:00', NULL),
(207, 179, 207, -1, 'Roskilde Gymnasium', 'Domkirkepladsen 1', '4000', 'Roskilde', 'Roskilde', 'Hovedstaden', '2.g.', 'Biologi', 'Karina Lærekdal Sørensen', '29909774', 'rgks@roskilde-gym.dk', 0, 0, 0, 0, 0, 0, '2016-01-21 00:00:00', '2015-08-21 00:00:00', '0000-00-00 00:00:00', NULL),
(208, 180, 208, 1, 'Nørresundby Gymnasium & HF', 'Studievej 14', '9400', 'Nørresundby', 'Aalborg', 'Sjælland', '3.g.', 'Bioteknologi', 'Dorte Schartau Rasmussen', '21765353', 'dra@nghf.dk', 15, 2, 0, 0, 0, 0, '2016-01-21 00:00:00', '2015-05-19 00:00:00', '0000-00-00 00:00:00', NULL),
(209, 181, 209, 1, 'Nørresundby Gymnasium & HF', 'Studievej 14', '9400', 'Nørresundby', 'Aalborg', 'Hovedstaden', '3.g.', 'Bioteknologi', 'Dorte Schartau Rasmussen', '21765353', 'dra@nghf.dk', 15, 2, 0, 0, 0, 0, '2016-01-21 00:00:00', '2015-05-19 00:00:00', '0000-00-00 00:00:00', NULL),
(210, 180, 210, -1, 'Nørresundby Gymnasium & HF', 'Studievej 14', '9400', 'Nørresundby', 'Aalborg', 'Hovedstaden', '3.g.', 'Bioteknologi', 'Dorte Schartau Rasmussen', '21765353', 'dra@nghf.dk', 15, 2, 0, 0, 0, 0, '2016-01-22 00:00:00', '2015-05-19 00:00:00', '0000-00-00 00:00:00', NULL),
(211, 182, 211, 1, 'VUC Frederiksberg', 'Falstersvej 3-5', '2000', 'Frederiksberg', 'Frederiksberg', '', '2.g.', 'Biologi', 'Tina Flensburg', '22167935', 'tif@vuf.nu', 17, 1, 0, 0, 0, 0, '2016-01-26 00:00:00', '2016-01-05 00:00:00', '0000-00-00 00:00:00', NULL),
(212, 183, 212, 1, 'Køge Gymnasium', 'Gymnasievej 4', '4600', 'Køge', 'Køge', 'Midtjylland', '1.g.', 'Bioteknologi', 'Christian Becher Clausen', '61702107', 'kgcc@kggym.dk', 31, 2, 0, 0, 0, 0, '2016-01-27 00:00:00', '2015-08-17 00:00:00', '0000-00-00 00:00:00', NULL),
(213, 184, 213, 1, 'Køge Gymnasium', 'Gymnasievej 4', '4600', 'Køge', 'Køge', 'Hovedstaden', '1.g.', 'Biologi', 'Kristian Poulsen', '40348616', 'kgkp@kggym.dk', 26, 1, 0, 0, 0, 0, '2016-01-28 00:00:00', '2015-08-17 00:00:00', '0000-00-00 00:00:00', NULL),
(214, 185, 214, 1, 'Gentofte HF', 'Dahlensstræde 5', '2820', 'Gentofte', 'Gentofte', 'Sjælland', '2.g.', 'Biologi', 'Jens Gerup Nielsen', '21167761', 'jens.liane@mail.dk', 27, 1, 0, 0, 0, 0, '2016-01-29 00:00:00', '2015-06-16 00:00:00', '0000-00-00 00:00:00', NULL),
(215, 186, 215, 1, 'Falkonergårdens Gymnasium og HF-Kursus', 'Sønderjyllands Alle 25', '2000', 'Frederiksberg', 'Frederiksberg', 'Hovedstaden', '3.g.', 'Biologi', 'Torben Roldsgaard', '23707840', 'torbenroldsgaard@hotmail.com', 20, 1, 0, 0, 0, 0, '2016-02-02 00:00:00', '2015-11-27 00:00:00', '0000-00-00 00:00:00', NULL),
(216, 187, 216, 1, 'Frederiksberg Gymnasium', 'Falkoner Plads 2', '2000', 'Frederiksberg', 'Frederiksberg', 'Syddanmark', '2.g.', 'Biologi', 'Jens Vilsom Andersen', '27626080', 'jv@frederiksberggymnasium.dk', 22, 1, 0, 0, 0, 0, '2016-02-03 00:00:00', '2015-11-17 00:00:00', '0000-00-00 00:00:00', NULL),
(217, 188, 217, 1, 'Silkeborg Gymnasium', 'Oslovej 10', '8600', 'Silkeborg', 'Silkeborg', 'Hovedstaden', '3.g.', 'Bioteknologi', 'Maiken Larsen', '25135959', 'kl@sg.dk', 28, 2, 0, 0, 0, 0, '2016-02-04 00:00:00', '2015-12-07 00:00:00', '0000-00-00 00:00:00', NULL),
(218, 189, 218, 1, 'Gentofte HF', 'Dahlensstræde 5', '2820', 'Gentofte', 'Gentofte', 'Hovedstaden', '1.g.', 'Biologi', 'Helle Munk Jensen', '21167586', 'hellemunk@gmail.com', 26, 2, 0, 0, 0, 0, '2016-02-05 00:00:00', '2015-08-17 00:00:00', '0000-00-00 00:00:00', NULL),
(219, 190, 219, 1, 'Virum Gymnasium', 'Fuglsangvej 66', '2830', 'Virum', 'Lyngby-Taarbæk', 'Sjælland', '3.g.', 'Bioteknologi', 'Dorte Kühnau', '29413443', 'dk@edu.virum-gym.dk', 27, 1, 0, 0, 0, 0, '2016-02-09 00:00:00', '2015-11-19 00:00:00', '0000-00-00 00:00:00', NULL),
(220, 191, 220, 1, 'Munkensdam Gymnasium', 'Tøndervej 100', '6000', 'Kolding', 'Kolding', 'Sjælland', '3.g.', 'Biologi', 'Merete Greniman', '51208884', 'mg@munkensdam.dk', 24, 2, 0, 0, 0, 0, '2016-02-10 00:00:00', '2015-08-11 00:00:00', '0000-00-00 00:00:00', NULL),
(221, 192, 221, 1, 'VUC Roskilde', 'Læderstræde 4', '4000', 'Roskilde', 'Roskilde', 'Hovedstaden', '2.g.', 'Biologi', 'Jesper B. Petersen', '30483062', 'rjp@vucroskilde.dk', 25, 1, 0, 0, 0, 0, '2016-02-11 00:00:00', '2015-08-07 00:00:00', '0000-00-00 00:00:00', NULL),
(222, 193, 222, 1, 'Gladsaxe Gymnasium', 'Buddinge Hovedgade 81', '2860', 'Søborg', 'Gladsaxe', 'Sjælland', '3.g.', 'Biologi', 'Kenn Madsen', '40941331', 'ksmadsen@msn.com', 26, 1, 0, 0, 0, 0, '2016-02-23 00:00:00', '2016-01-05 00:00:00', '0000-00-00 00:00:00', NULL),
(223, 194, 223, 1, 'Frederiksberg Gymnasium', 'Falkoner Plads 2', '2000', 'Frederiksberg', 'Frederiksberg', 'Hovedstaden', '3.g.', 'Biologi', 'Peter Toft', '30258217', 'pt@frederiksberggymnasium.dk', 20, 1, 0, 0, 0, 0, '2016-02-24 00:00:00', '2015-10-13 00:00:00', '0000-00-00 00:00:00', NULL),
(224, 195, 224, 1, 'Kruses Gymnasium', 'Stavnsholtvej 29-31', '3520', 'Farum', 'Furesø', 'Hovedstaden', '3.g.', 'Bioteknologi', 'John B. Nielsen', '31191122', 'jbn1@mks.dk', 27, 1, 0, 0, 0, 0, '2016-02-25 00:00:00', '2015-11-17 00:00:00', '0000-00-00 00:00:00', NULL),
(225, 196, 225, 1, 'Øregård Gymnasium', 'Gersonsvej 32', '2900', 'Hellerup', 'Gentofte', 'Sjælland', '3.g.', 'Biologi', 'Vibeke Tromholt', '30383038', 'vt@oregard.dk', 26, 1, 0, 0, 0, 0, '2016-02-26 00:00:00', '2015-09-08 00:00:00', '0000-00-00 00:00:00', NULL),
(226, 197, 226, -1, 'Nørresundby Gymnasium & HF', 'Studievej 14', '9400', 'Nørresundby', 'Aalborg', 'Midtjylland', '3.g.', 'Bioteknologi', 'Dorte Schartau Rasmussen', '21765353', 'dra@nghf.dk', 15, 2, 0, 0, 0, 0, '2016-02-28 00:00:00', '2015-05-19 00:00:00', '0000-00-00 00:00:00', NULL),
(227, 198, 227, 1, 'Det frie Gymnasium', 'Møllegade 26', '2200', 'København', 'København', 'Hovedstaden', '1.g.', 'Biologi', 'Kazem Neisari', '51367695', 'kn@detfri.dk', 28, 1, 0, 0, 0, 0, '2016-03-02 00:00:00', '2015-11-17 00:00:00', '0000-00-00 00:00:00', NULL),
(228, 199, 228, 1, 'Gladsaxe Gymnasium', 'Buddinge hovedgade 81', '2860', 'Søborg', 'Gladsaxe', 'Hovedstaden', '2.g.', 'Biologi', 'Tobias Frykman (forløbet er oprindelig booket af M', '23304980', 'tobiasfrykman@gmail.com', 18, 1, 0, 0, 0, 0, '2016-03-03 00:00:00', '2015-11-20 00:00:00', '0000-00-00 00:00:00', NULL),
(229, 200, 229, 1, 'Virum Gymnasium', 'Fuglsangvej 66', '2830', 'Virum', 'Lyngby-Taarbæk', 'Sjælland', '2.g.', 'Biologi', 'Annegrete Rømer', '51898486', 'annegrete_r@yahoo.dk', 21, 2, 0, 0, 0, 0, '2016-03-04 00:00:00', '2015-11-19 00:00:00', '0000-00-00 00:00:00', NULL),
(230, 201, 230, 1, 'Øregård Gymnasium', 'Gersonsvej 32', '2900', 'Hellerup', 'Gentofte', 'Hovedstaden', '3.g.', 'Biologi', 'Morten Bøyesen', '30383214', 'mb@oregard.dk', 27, 1, 0, 0, 0, 0, '2016-03-08 00:00:00', '2015-11-17 00:00:00', '0000-00-00 00:00:00', NULL),
(231, 202, 231, -1, 'Rysensteen Gymnasium', 'Tietgensgade 74', '1704', 'København', 'København', 'Sjælland', '3.g.', 'Bioteknologi', 'Jan Andersen', '53743576', 'ja@rysensteen.dk', 28, 1, 0, 0, 0, 0, '2016-03-09 00:00:00', '2015-11-17 00:00:00', '0000-00-00 00:00:00', NULL),
(232, 203, 232, 1, 'Næstved Gymnasium og hf', 'Nygårdsvej 43', '4700', 'Næstved', 'Næstved', 'Hovedstaden', '3.g.', 'Bioteknologi', 'Kim Bidstrup Withen', '60767799', 'kb@ngh.nu', 10, 2, 0, 0, 0, 0, '2016-03-09 00:00:00', '2015-12-23 00:00:00', '0000-00-00 00:00:00', NULL),
(233, 203, 233, 1, 'Silkeborg Gymnasium', 'Oslovej 10', '8600', 'Silkeborg', 'Silkeborg', 'Sjælland', '3.g.', 'Bioteknologi', 'Kim Bidstrup Withen', '60767799', 'kb@ngh.nu', 10, 2, 0, 0, 0, 0, '2016-03-09 00:00:00', '2015-12-23 00:00:00', '0000-00-00 00:00:00', NULL),
(234, 203, 234, 1, 'Svendborg Gymnasium & HF', 'AP Møllersvej 35', '5700', 'Svendborg', 'Svendborg', 'Hovedstaden', '3.g.', 'Bioteknologi', 'Kim Bidstrup Withen', '60767799', 'kb@ngh.nu', 10, 2, 0, 0, 0, 0, '2016-03-09 00:00:00', '2015-12-23 00:00:00', '0000-00-00 00:00:00', NULL),
(235, 204, 235, 1, 'Næstved Gymnasium og HF', 'Nygårdsvej 43', '4700', 'Næstved', 'Næstved', 'Hovedstaden', '3.g.', 'Biologi', 'Tina Christensen', '27483926', 'tc@ngh.nu', 27, 1, 0, 0, 0, 0, '2016-03-10 00:00:00', '2015-11-17 00:00:00', '0000-00-00 00:00:00', NULL),
(236, 205, 236, 1, 'Espergærde Gymnasium og HF', 'Gymnasievej 2', '3060', 'Espergærde', 'Helsingør', '', '1.g.', 'Bioteknologi', 'Thor Højen Wind', '60604723', 'tw@eg-gym.dk', 28, 2, 0, 0, 0, 0, '2016-03-11 00:00:00', '2016-01-12 00:00:00', '0000-00-00 00:00:00', NULL),
(237, 206, 237, -1, 'Gammel Hellerup Gymnasium', 'Svanemøllevej 87', '2900', 'Hellerup', 'Gentofte', 'Hovedstaden', '1.g.', 'Bioteknologi', 'Bo Kildeager', '29117481', 'bk@ghg.dk', 28, 1, 0, 0, 0, 0, '2016-03-15 00:00:00', '2015-10-26 00:00:00', '0000-00-00 00:00:00', NULL),
(238, 207, 238, 1, 'Gribskov Gymnasium', 'Østergade 52', '3200', 'Helsinge', 'Gribskov', '', '3.g.', 'Bioteknologi', 'Niels J. Willumsen', '26204431', 'njwillumsen@gmail.com', 30, 2, 0, 0, 0, 0, '2016-03-15 00:00:00', '2016-01-06 00:00:00', '0000-00-00 00:00:00', NULL),
(239, 208, 239, 1, 'Ribe Katedralskole.dk', 'Puggaaardsgade 22', '6760', 'Ribe', 'Esbjerg', 'Hovedstaden', '1.g.', 'Biologi', 'Hanne Skalborg Jensen', '23644884', 'hs@ribekatedralskole.dk', 25, 1, 0, 0, 0, 0, '2016-03-17 00:00:00', '2015-11-17 00:00:00', '0000-00-00 00:00:00', NULL),
(240, 209, 240, -1, 'Gribskov Gymnasium', 'Østergade 52', '3200', 'Helsinge', 'Gribskov', 'Hovedstaden', '3.g.', 'Biologi', 'Rudi Pedersen', '29850957', 'RP@gribskovgymnasium.dk', 17, 1, 0, 0, 0, 0, '2016-03-18 00:00:00', '2015-11-22 00:00:00', '0000-00-00 00:00:00', NULL),
(241, 210, 241, 1, 'HF og VUC Nordsjælland', 'Gurrevej 90', '3000', 'Helsingør', 'Helsingør', 'Sjælland', '2.g.', 'Biologi', 'Louise Adelhart', '60870803', 'loa@vucns.dk', 30, 1, 0, 0, 0, 0, '2016-03-18 00:00:00', '2016-01-05 00:00:00', '0000-00-00 00:00:00', NULL),
(242, 211, 242, 1, 'Gammel Hellerup Gymnasium', 'Svanemøllevej 87', '2900', 'Hellerup', 'Gentofte', 'Sjælland', '1.g.', 'Bioteknologi', 'Bo Kildeager', '29117481', 'bk@ghg.dk', 19, 1, 0, 0, 0, 0, '2016-03-29 00:00:00', '2016-01-03 00:00:00', '0000-00-00 00:00:00', NULL),
(243, 212, 243, 1, 'Stenhus Gymnasium og HF', 'Stenhusvej 20', '4300', 'Holbæk', 'Holbæk', 'Hovedstaden', '3.g.', 'Bioteknologi', 'Peter Jensen', '28959901', '911jensen@gmail.com', 15, 1, 0, 0, 0, 0, '2016-03-30 00:00:00', '2015-11-17 00:00:00', '0000-00-00 00:00:00', NULL),
(244, 213, 244, 1, 'Køge Private Realskole, Gymnasium', 'Ølby Center 50', '4600', 'Køge', 'Køge', 'Hovedstaden', '1.g.', 'Biologi', 'Marie Kvist Bondesen', '30283077', 'mariebondesen@gmail.com', 19, 1, 0, 0, 0, 0, '2016-03-31 00:00:00', '2015-12-28 00:00:00', '0000-00-00 00:00:00', NULL),
(245, 214, 245, 1, 'Køge Gymnasium', 'Gymnasievej 4', '4600', 'Køge', 'Køge', 'Hovedstaden', '2.g.', 'Biologi', 'Pia Myler', '30272272', 'kgpm@kggym.dk', 28, 1, 0, 0, 0, 0, '2016-04-01 00:00:00', '2015-11-19 00:00:00', '0000-00-00 00:00:00', NULL),
(246, 215, 246, 1, 'HTX Gastro Science', 'Vigerslev Allé 18', '2500', 'Valby', 'København', 'Hovedstaden', '1.g.', 'Bioteknologi', 'Ditte Elsborg', '60883120', 'del@hrs.dk', 15, 1, 0, 0, 0, 0, '2016-04-05 00:00:00', '2015-11-24 00:00:00', '0000-00-00 00:00:00', NULL),
(247, 216, 247, 1, 'Nordsjællands Grundskole og Gymnasium', 'Christianshusvej 16', '2970', 'Hørsholm', 'Hørsholm', 'Hovedstaden', '2.g.', 'Biologi', 'Marianne Johansson', '27514149', 'mjo@ngg.dk', 25, 2, 0, 0, 0, 0, '2016-04-06 00:00:00', '2015-11-17 00:00:00', '0000-00-00 00:00:00', NULL),
(248, 217, 248, 1, 'Allerød Gymnasium', 'Rådhusvej 6', '3450', 'Allerød', 'Fredensborg', 'Hovedstaden', '1.g.', 'Biologi', 'Malthe Lund og Marianne Maigaard', '26364844', 'malthelund@gmail.com', 29, 2, 0, 0, 0, 0, '2016-04-07 00:00:00', '2015-10-28 00:00:00', '0000-00-00 00:00:00', NULL),
(249, 218, 249, 1, 'Ingrid Jespersens Gymnasieskole', 'Nordre Frihavnsgade 9', '2100', 'København', 'København', 'Hovedstaden', '2.g.', 'Biologi', 'Christian Riisager-Pedersen', '20119987', 'riisager-pedersen@hotmail.com', 26, 1, 0, 0, 0, 0, '2016-04-08 00:00:00', '2015-11-12 00:00:00', '0000-00-00 00:00:00', NULL),
(250, 219, 250, 1, 'Thisted Gymnasium', 'Ringvej 32', '7700', 'Thisted', 'Thisted', 'Syddanmark', '2.g.', 'Biologi', 'Pia Lassen', '20627656', 'pl@thisted-gymnasium.dk', 24, 1, 0, 0, 0, 0, '2016-04-12 00:00:00', '2015-06-23 00:00:00', '0000-00-00 00:00:00', NULL),
(251, 220, 251, -1, 'Gribskov Gymnasium', 'Østergade 52', '3200', 'Helsinge', 'Gribskov', 'Midtjylland', '3.g.', 'Biologi', 'Morten Wermer', '24677788', 'mw@gribskovgymnasium.dk', 20, 1, 0, 0, 0, 0, '2016-04-14 00:00:00', '2015-08-14 00:00:00', '0000-00-00 00:00:00', NULL),
(252, 221, 252, -1, 'Solrød Gymnasium', 'Solrød Center 2', '2680', 'Solrød', 'Solrød', 'Hovedstaden', '2.g.', 'Biologi', 'Laura Dall Køhler', '31230190', 'sglk@solgym.dk', 30, 1, 0, 0, 0, 0, '2016-04-15 00:00:00', '2015-11-26 00:00:00', '0000-00-00 00:00:00', NULL),
(253, 222, 253, 1, 'Marselisborg Gymnasium', 'Birketinget 9', '8000', 'Aarhus', 'Aarhus', 'Syddanmark', '3.g.', 'Biologi', 'Torben Hviid', '29720358', 'th@marselisborg-gym.dk', 24, 2, 0, 0, 0, 0, '2016-04-19 00:00:00', '2015-08-15 00:00:00', '0000-00-00 00:00:00', NULL),
(254, 223, 254, 1, 'Rysensteen Gymnasium', 'Tietgensgade 74', '1704', 'København', 'København', 'Sjælland', '1.g.', 'Bioteknologi', 'Søren Søgaard', '53603891', 'ss@rysensteen.dk', 30, 1, 0, 0, 0, 0, '2016-04-20 00:00:00', '2015-06-17 00:00:00', '0000-00-00 00:00:00', NULL),
(255, 224, 255, 1, 'Espergærde Gymnasium og HF', 'Gymnasievej 2', '3060', 'Espergærde', 'Helsingør', 'Hovedstaden', '2.g.', 'Biologi', 'Katrine Skjøth', '40786427', 'katrineskjoeth@yahoo.dk', 28, 1, 0, 0, 0, 0, '2016-04-21 00:00:00', '2015-09-28 00:00:00', '0000-00-00 00:00:00', NULL),
(256, 225, 256, 1, 'Roskilde Gymnasium', 'Domkirkepladsen', '4000', 'Roskilde', 'Roskilde', 'Hovedstaden', '1.g.', 'Biologi', 'Rune Olsen', '21180778', 'Rune.Olsen@roskilde-gym.dk', 28, 1, 0, 0, 0, 0, '2016-04-26 00:00:00', '2015-10-21 00:00:00', '0000-00-00 00:00:00', NULL),
(257, 226, 257, 1, 'Solrød Gymnasium', 'Solrød Center 2', '2680', 'Solrød', 'Solrød', 'Syddanmark', '1.g.', 'Biologi', 'Bodil Theilade', '27127093', 'sgbth@solgym.dk', 29, 1, 0, 0, 0, 0, '2016-04-27 00:00:00', '2015-11-17 00:00:00', '0000-00-00 00:00:00', NULL),
(258, 227, 258, 1, 'Borupgaard Gymnasium', 'Lautruphøj 9', '2750', 'Ballerup', 'Ballerup', 'Hovedstaden', '2.g.', 'Bioteknologi', 'Jens Bøgeskov', '29893667', 'jb@boag.nu', 20, 2, 0, 0, 0, 0, '2016-04-28 00:00:00', '2015-10-23 00:00:00', '0000-00-00 00:00:00', NULL),
(259, 228, 259, 1, 'Roskilde Gymnasium', 'Domkirkepladsen', '4000', 'Roskilde', 'Roskilde', 'Hovedstaden', '1.g.', 'Bioteknologi', 'Christine Brænder Almstrup', '25852802', 'rgch@roskilde-gym.dk', 30, 1, 0, 0, 127, 0, '2016-04-29 00:00:00', '2015-11-17 00:00:00', '0000-00-00 00:00:00', NULL),
(260, 229, 260, 1, 'Erhvervsskolen Nordsjælland, HTX Hillerød', 'Carlsbergvej 34', '3400', 'Hillerød', 'Hillerød', 'Hovedstaden', '2.g.', 'Biologi', 'Maria Rentsch', '20404152', 'mare@esnord.dk', 27, 1, 0, 0, 0, 0, '2016-05-04 00:00:00', '2015-12-03 00:00:00', '0000-00-00 00:00:00', NULL),
(261, 230, 261, 1, 'Birkerød Gymnasium - HF - IB & Kostskole', 'Søndervangen 56', '3460', 'Birkerød', 'Rudersdal', 'Hovedstaden', '2.g.', 'Biologi', 'Christina Høier Ricke', '61696739', 'cr@birke-gym.dk', 25, 1, 0, 0, 0, 0, '2016-05-10 00:00:00', '2016-01-05 00:00:00', '0000-00-00 00:00:00', NULL),
(262, 231, 262, 1, 'Roskilde Gymnasium', 'Domkirkepladsen 3', '4000', 'Roskilde', 'Roskilde', 'Hovedstaden', '1.g.', 'Biologi', 'Rune Sjødahl', '25678196', 'rgrs@roskilde-gym.dk', 27, 1, 0, 0, 0, 0, '2016-05-11 00:00:00', '2015-11-17 00:00:00', '0000-00-00 00:00:00', NULL),
(263, 232, 263, 1, 'Gribskov Gymnasium', 'Østergade 52', '3200', 'Helsinge', 'Gribskov', '', '3.g.', 'Biologi', 'Morten Wermer', '24677788', 'mw@gribskovgymnasium.dk', 20, 1, 0, 0, 0, 0, '2016-05-12 00:00:00', '2016-01-25 00:00:00', '0000-00-00 00:00:00', NULL),
(264, 233, 264, 1, 'Rysensteen Gymnasium', 'Tietgensgade 74', '1704', 'København', 'København', '', '2.g.', 'Biologi', 'Marie Brøndum', '60850717', 'br@rysensteen.dk', 24, 1, 0, 0, 0, 0, '2016-05-13 00:00:00', '2016-01-13 00:00:00', '0000-00-00 00:00:00', NULL),
(265, 234, 265, 1, 'Birkerød Gymnasium - HF - IB & Kostskole', 'Søndervangen 56', '3460', 'Birkerød', 'Rudersdal', '', '2.g.', 'Biologi', 'Jette Eibye-Jacobsen', '22913753', 'ei@birke-gym.dk', 20, 1, 0, 0, 0, 0, '2016-05-17 00:00:00', '2016-01-07 00:00:00', '0000-00-00 00:00:00', NULL),
(266, 235, 266, 1, 'Stenhus Gymnasium og HF', 'Stenhusvej 20', '4300', 'Holbæk', 'Holbæk', 'Hovedstaden', '1.g.', 'Bioteknologi', 'Anfinn Joensen', '30825556', 'anfinn@gmail.com', 30, 2, 0, 0, 0, 0, '2016-05-18 00:00:00', '2015-11-17 00:00:00', '0000-00-00 00:00:00', NULL),
(267, 236, 267, 1, 'Rungsted Gymnasium', 'Stadion Alle', '2960', 'Rungsted', 'Hørsholm', 'Hovedstaden', '1.g.', 'Bioteknologi', 'Charlotte puge', '26813503', 'Cpuge@hotmail.com', 15, 1, 0, 0, 0, 0, '2016-05-19 00:00:00', '2015-11-17 00:00:00', '0000-00-00 00:00:00', NULL),
(268, 237, 268, 1, 'CELF', 'Kringelborg Alle 7', '4800', 'Nykøbing', 'Guldborgsund', '', '1.g.', 'Bioteknologi', 'Ivar Dencker', '51360563', 'ivde@celf.dk', 22, 2, 0, 0, 0, 0, '2016-05-25 00:00:00', '2016-01-25 00:00:00', '0000-00-00 00:00:00', NULL),
(269, 238, 269, -1, 'Vordingborg Gymnasium & HF', 'Chr. Richardtsvej 45', '4760', 'Vordingborg', 'Vordingborg', '', '2.g.', 'Bioteknologi', 'Jeppe Mordhorst', '40685274', 'jm@vordingborg-gym.dk', 28, 2, 0, 0, 0, 0, '2016-05-27 00:00:00', '2016-01-18 00:00:00', '0000-00-00 00:00:00', NULL),
(270, 239, 270, -1, 'Grindsted Gymnasium & HF', 'Tinghusgade 20', '7200', 'Grindsted', 'Billund', 'Hovedstaden', '3.g.', 'Biologi', 'Heidi Nystrand', '', 'hn@ggnet.dk', 28, 1, 0, 0, 0, 0, '0000-00-00 00:00:00', '2014-05-28 00:00:00', '0000-00-00 00:00:00', NULL),
(271, 240, 271, -1, 'Grindsted Gymnasium & HF', 'Tinghusgade 20', '7200', 'Grindsted', 'Billund', 'Sjælland', '3.g.', 'Biologi', 'Heidi Nystrand', '', 'hn@ggnet.dk', 28, 1, 0, 0, 0, 0, '0000-00-00 00:00:00', '2014-10-01 00:00:00', '0000-00-00 00:00:00', NULL),
(272, 241, 272, -1, 'Grindsted Gymnasium & HF', 'Tinghusgade 20', '7200', 'Grindsted', 'Billund', 'Nordjylland', '3.g.', 'Bioteknologi', 'Anja Lykke Hundebøll Nielsen', '', 'ah@ggnet.dk', 16, 1, 0, 0, 0, 0, '0000-00-00 00:00:00', '2014-08-04 00:00:00', '0000-00-00 00:00:00', NULL),
(273, 242, 273, 0, '', '', '', '', '', '', '', '', '', '', '', 0, 0, 0, 0, 0, 0, '0000-00-00 00:00:00', '0000-00-00 00:00:00', '0000-00-00 00:00:00', NULL);

-- --------------------------------------------------------

--
-- Table structure for table `klassetrin`
--

CREATE TABLE IF NOT EXISTS `klassetrin` (
  `klassetrin_id` int(11) NOT NULL AUTO_INCREMENT,
  `klassetrin_navn` varchar(50) NOT NULL,
  PRIMARY KEY (`klassetrin_id`)
) ENGINE=InnoDB  DEFAULT CHARSET=utf8 AUTO_INCREMENT=4 ;

--
-- Dumping data for table `klassetrin`
--

INSERT INTO `klassetrin` (`klassetrin_id`, `klassetrin_navn`) VALUES
(1, '1.g'),
(2, '2.g'),
(3, '3.g');

-- --------------------------------------------------------

--
-- Table structure for table `kommentar`
--

CREATE TABLE IF NOT EXISTS `kommentar` (
  `kommentar_id` int(11) NOT NULL AUTO_INCREMENT,
  `type_id` int(11) NOT NULL,
  `relation_id` int(11) NOT NULL,
  `kommentar` text NOT NULL,
  `created_timestamp` timestamp NOT NULL DEFAULT CURRENT_TIMESTAMP,
  `created_userName` varchar(50) NOT NULL,
  PRIMARY KEY (`kommentar_id`)
) ENGINE=InnoDB  DEFAULT CHARSET=utf8 AUTO_INCREMENT=135 ;

--
-- Dumping data for table `kommentar`
--

INSERT INTO `kommentar` (`kommentar_id`, `type_id`, `relation_id`, `kommentar`, `created_timestamp`, `created_userName`) VALUES
(1, 2, 4, 'Vi vil gerne tage egne vandprøver i sensommeren. Hvis muligt send venligst info', '2016-05-23 10:52:49', '{ Excel }'),
(2, 2, 20, 'vi vil gerne tage vandprøven i sensommeren, så send venligst materiale på forhånd', '2016-05-23 10:52:54', '{ Excel }'),
(3, 2, 49, 'Booket sammen med Heidi Nystrand. Oprindelig sagsnr. F14-01', '2016-05-23 10:53:01', '{ Excel }'),
(4, 2, 55, 'Én elev gennemgår en stor operation i ryggen 1-2 mdr inden besøget og må forventes at få lidt lang snor mht evnen til at sidde på en stol osv.', '2016-05-23 10:53:03', '{ Excel }'),
(5, 2, 56, 'Ombooket, læreren HAR modtaget indsamlingskit, men pgha efterårsferie ændrede han datoen', '2016-05-23 10:53:03', '{ Excel }'),
(6, 2, 60, 'Klassen er 3y BI.', '2016-05-23 10:53:04', '{ Excel }'),
(7, 2, 61, 'Vi har to A niveau hold med 2g med 8 elever og 3g med 25 elever', '2016-05-23 10:53:04', '{ Excel }'),
(8, 2, 64, 'Holdet er et hf-enkeltfagshold på B-niveau - Altså vokse kursister!', '2016-05-23 10:53:05', '{ Excel }'),
(9, 2, 65, 'bio b.', '2016-05-23 10:53:06', '{ Excel }'),
(10, 2, 78, 'Det er en dygtig klasse.', '2016-05-23 10:53:09', '{ Excel }'),
(11, 2, 79, 'Henvisning til sag F14-13 Vi havde ikke skrevet den korrekte dato i vores kalender. Vi har desuden en elev, der er nyligt rygopereret, som nok ikke kan sidde ned så længe af gangen. Bare så der er forståelse for, at hun evt. går rundt, ligger ned eller lignende', '2016-05-23 10:53:09', '{ Excel }'),
(12, 2, 82, 'Vi har haft en del datobytningsforvirring, som også har involveret parallelholdet i biologi med Maria Steinhausen - også fra Helsingør Gymnasium. Det betyder ikke så meget, udover at jeg gerne vil bemærke, at vores prøver er de, som er taget fra "Politisøen" i Helsingør. Så lad ikke booking-koden forlede Jer til at tro, at vi skal behandle Maria Steinhausens prøver :-) hilsen OLe Carsten Pedersen', '2016-05-23 10:53:10', '{ Excel }'),
(13, 2, 83, 'Klassen har biologi på B-niveau', '2016-05-23 10:53:10', '{ Excel }'),
(14, 2, 86, '1 ekstra hold på 18 elever fra samme gym er tilmeldt. Booking ændret d. 14. august 2014', '2016-05-23 10:53:11', '{ Excel }'),
(15, 2, 87, '1 ekstra hold på 18 elever fra samme gym er tilmeldt. Booking ændret d. 14. august 2014', '2016-05-23 10:53:11', '{ Excel }'),
(16, 2, 91, 'Det er et hold fra læreruddannelsen, der har biologi som undervisningsfag. Tager kontakt pr. mail. Vigtigt for mig at få reserveret dagen i første omgang', '2016-05-23 10:53:13', '{ Excel }'),
(17, 2, 92, 'Biologi studieretning A niveau', '2016-05-23 10:53:14', '{ Excel }'),
(18, 2, 96, 'Det er et hold der kommer ind Det er mange elever, men de er meget rolige', '2016-05-23 10:53:15', '{ Excel }'),
(19, 2, 97, 'Det er et hold der kommer ind Det er mange elever, men de er meget rolige', '2016-05-23 10:53:15', '{ Excel }'),
(20, 2, 101, '2 hold. Det ene hold 2g (9 elever) det andet hold 3g (11 elever). Begge hold på A-niveau. ', '2016-05-23 10:53:16', '{ Excel }'),
(21, 2, 115, 'OBS: to klasser fra to forskellige gymnasier. De skal have tilsendt to kits. Det ene til Køge, det andet til Tine Tønnes SørensenHøng Gymnasium og HFHovedgaden 2 4270 Høng', '2016-05-23 10:53:20', '{ Excel }'),
(22, 2, 119, 'Almindelig ''Papegøjeklasse'' med sproglige elever', '2016-05-23 10:53:22', '{ Excel }'),
(23, 2, 122, 'Vi kommer med 2 klasser, en biotek A på 11 elever og en Biologi C på 19 elever. Jeg er lærer for dem begge og vil sørge for at de har hørt om DNA og PCR forinden. 1 elev er kørestolsbruger, som har en medhjælper med.', '2016-05-23 10:53:22', '{ Excel }'),
(24, 2, 134, 'Jeg har fået et vandopsamlingssæt udleveret på Big Bang konferencen. Jeg sender noget vand ind i slutningen af april.', '2016-05-23 10:53:26', '{ Excel }'),
(25, 2, 136, 'Den anden lærer er kemilærer i bioteknologi, og hedder Jens Sveistrup', '2016-05-23 10:53:26', '{ Excel }'),
(26, 2, 138, 'Holdet jeg tænker på er 2g Biologi B , der er 12 elever. Imidlertid kunne jeg tænke mig også at deltage samtidigt med 12 Biologi A-elever . Begge dele kræver imidlertid godkendelse fra skolen som jeg straks vil forespørge om Dvs jeg ønsker at reservere dagen. Skulle dagen være optaget vil torsdag d 3 eller fre d 4-9 / uge 36 også være interessant mvh bente bregnbak.', '2016-05-23 10:53:27', '{ Excel }'),
(27, 2, 146, 'Jeg kender ikke klassens størrelse endnu', '2016-05-23 10:53:29', '{ Excel }'),
(28, 2, 147, 'Jeg kender ikke klassens størrelse endnu', '2016-05-23 10:53:29', '{ Excel }'),
(29, 2, 148, 'Klassen har i april underøgt søens kvalitet ved undersøgelse af plante- og dyreliv, iltmåling, BI5, sigtdybde mm Undersøgelsen er del af et løbende samarbejde mellem Allerød Gymnasium og Grundejerforeningen omkring søen, som glæder sig til at høre resultatet af eDNA analyserne', '2016-05-23 10:53:29', '{ Excel }'),
(30, 2, 154, 'Aftalt starttidspunkt 9.30 (ved Andreas)', '2016-05-23 10:53:31', '{ Excel }'),
(31, 2, 159, 'Vi har tidligere booket en forløb, men måtte aflyse, og har derfor genbooket._x000D_ Vi har indsendt vandprøver. Det oprindelige bookingnummer var F14-85.', '2016-05-23 10:53:32', '{ Excel }'),
(32, 2, 167, 'Der er tale om to studieretninger: Biologi og bioteknologi', '2016-05-23 10:53:34', '{ Excel }'),
(33, 2, 168, 'Klassen er på en naturvidenskabelig studieretning med Bio A, kemi B og Mat B og er generelt både dygtige og ambitiøse udi det naturvidenskabelige så bare fyld på:-)', '2016-05-23 10:53:35', '{ Excel }'),
(34, 2, 169, 'Klassen er på en naturvidenskabelig studieretning med Bio A, kemi B og Mat B og er generelt både dygtige og ambitiøse udi det naturvidenskabelige så bare fyld på:-)', '2016-05-23 10:53:35', '{ Excel }'),
(35, 2, 171, '1 hørehæmmet elev. Evt. følger tolk med', '2016-05-23 10:53:36', '{ Excel }'),
(36, 2, 172, 'Der er en hørehæmmet elev i klassen, så der vil evt. være en tolk med. Jeg har haft sendt en tilmelding før sommerferien, som jeg afbestilte igen. Jeg fik tilsendt prøverør mv. inden jeg fik afbestilt. Så hvis vi skal indsamle vandprøve, har jeg fået et kit. Vi skal rejse retur til Vejle fredag eftermiddag med DSB frirejse. Jeg har endnu ikke fået billetterne. Er der mulighed for, at vi kan starte lidt tidligere, hvis det bliver vanskeligt at få det til at hænge sammen med vores hjemrejse?', '2016-05-23 10:53:36', '{ Excel }'),
(37, 2, 177, 'Biologi A', '2016-05-23 10:53:37', '{ Excel }'),
(38, 2, 178, 'Biologi A', '2016-05-23 10:53:38', '{ Excel }'),
(39, 2, 181, 'Vi har i foråret indsamlet og indsendt prøve fra vores lokalområde, Kulsbjerg - og det håber vi jo meget at vi selv kan komme til at analysere!', '2016-05-23 10:53:38', '{ Excel }'),
(40, 2, 182, 'Klassen har biologi på B-niveau.', '2016-05-23 10:53:39', '{ Excel }'),
(41, 2, 188, 'Dette er et IB biologi hold og de skal meget gerne undervises på engelsk; material behøver ikke at være på engelsk, da alle har modtaget undervisning i sporget dansk.', '2016-05-23 10:53:40', '{ Excel }'),
(42, 2, 190, 'Incl 8 elever fra Aurehøj', '2016-05-23 10:53:41', '{ Excel }'),
(43, 2, 192, 'Meget gerne det forløb om livet i drikkevand, da det passer bedre til hvad klassen har om for tiden, som netop er bakterier i vores omgivelser, og som organisme', '2016-05-23 10:53:41', '{ Excel }'),
(44, 2, 193, 'biologi B niveau Vi indsamler DNA i august, har et prøvesæt!', '2016-05-23 10:53:42', '{ Excel }'),
(45, 2, 200, 'Klassen kender de grundlæggende DNA-teknikker.  ', '2016-05-23 10:53:44', '{ Excel }'),
(46, 2, 203, 'Ombooket, fra F15-018. Vi vil gerne se på prøver fra Bølle Sø eller Avn Sø, prøver er sendt ind fra Gorm Clausen DL_F15-018_2', '2016-05-23 10:53:45', '{ Excel }'),
(47, 2, 209, 'Dette er en ombookning. Oprindeligt skulle vi komme d. 28.1, så blev det d. 22.1 og nu altså den 21.1. Vores oprindelige bookingnummer DL_F14-96 Vi har indsendt prøver både fra en sø og fra vandhanevand.', '2016-05-23 10:53:47', '{ Excel }'),
(48, 2, 215, 'En Team Danmark klasse som har morgentræning denne dag, så hvis øvelsesstarten kan rykkes til kl. 9.30- 9.45 vil det være fint.', '2016-05-23 10:53:48', '{ Excel }'),
(49, 2, 216, 'Klassen har biologi på B-niveau', '2016-05-23 10:53:49', '{ Excel }'),
(50, 2, 218, 'Dagen er booket som en del af et projekt vi kalder "Superbiologer". Eleverne kommer fra 8 forskellige 1. hf klasser - og de har meldt sig frivilligt til arrangementet. Da eleverne kommer fra 8 forskellige klasser (med forskellige lærere) har de ikke haft en fælles introduktion til dagen. Alle eleverne kender til cellers opbygning, DNA''s opbygning og har lavet forsøg med elektroforese. De har biologi på C-niveau._x000D__x000D_Inden sommerferien sendte jeg vandprøver til jer._x000D__x000D_Mvh Helle ', '2016-05-23 10:53:50', '{ Excel }'),
(51, 2, 220, 'Vi er to A-niveau hold. Det ene hold (9 elever) har biologi på A-niveau og det andet hold (16 elever) har bioteknologi på A-niveau._x000D__x000D_Vi kommer fra Kolding i Jylland, men den kommune findes ikke i jeres oversigt. Betyder det at jyder ikke kan få adgang til jeres undervisning???_x000D__x000D_Venlig hilsen_x000D_Merete Greniman', '2016-05-23 10:53:50', '{ Excel }'),
(52, 2, 223, 'Gymnasietjenesten/BEKL: Oprindeligt forløb den 13/11-2015 rykket til 24/2 efter henvendelse fra lærer. Lærers bemærkninger 12/10-2015: ”Klassen har biologi på B-niveau. Vi har taget vandprøve fra Schweizersøen i Frederiksberg Have, som vi sendte til jer den 30/9. På den er vores besøgsdato markeret som 13/11. Vi mangler endnu at tage prøven fra gymnasiets postevand', '2016-05-23 10:53:51', '{ Excel }'),
(53, 2, 224, 'den med ferskvandsdyr i søer (Furesøen): livet i et snapseglas', '2016-05-23 10:53:51', '{ Excel }'),
(54, 2, 227, 'Klassen har den basale viden om genetik inden besøget.', '2016-05-23 10:53:52', '{ Excel }'),
(55, 2, 228, 'Biologi B', '2016-05-23 10:53:52', '{ Excel }'),
(56, 2, 229, 'Eleverne har Biologi A i studieretningen. Der er to udvekslingsstudenter (en fra USA og en fra Argentina)', '2016-05-23 10:53:53', '{ Excel }'),
(57, 2, 232, 'Eleverne er en masterclass i biologi og bioteknologi, hvor eleverne kommer fra Silkeborg, Svendborg og Næstved Gymnasium. De er dygtige og vil gerne udfordres. Hvis I har et ekstra fagligt gear må I gerne bruge det.', '2016-05-23 10:53:54', '{ Excel }'),
(58, 2, 233, 'Eleverne er en masterclass i biologi og bioteknologi, hvor eleverne kommer fra Silkeborg, Svendborg og Næstved Gymnasium. De er dygtige og vil gerne udfordres. Hvis I har et ekstra fagligt gear må I gerne bruge det.', '2016-05-23 10:53:54', '{ Excel }'),
(59, 2, 234, 'Eleverne er en masterclass i biologi og bioteknologi, hvor eleverne kommer fra Silkeborg, Svendborg og Næstved Gymnasium. De er dygtige og vil gerne udfordres. Hvis I har et ekstra fagligt gear må I gerne bruge det.', '2016-05-23 10:53:54', '{ Excel }'),
(60, 2, 235, 'Jeg har rettet denne booking til d. 10/3 fra en tidligere booking d. 3/3 - efter mailhenvendelse fra læreren. /Mia 17/11', '2016-05-23 10:53:54', '{ Excel }'),
(61, 2, 237, 'Jeg skal nok have gennemgået alt det faglige relevante for klassen inden besøget. Vh Bo', '2016-05-23 10:53:56', '{ Excel }'),
(62, 2, 238, 'OBS! Prøve: DL_GYM_008, indsamlet d. 7.6.2015 af Niels J. Willumsen. To hold: 3.g biotek 19 elever, 1.g biologi 11 elever', '2016-05-23 10:53:56', '{ Excel }'),
(63, 2, 239, 'Det bliver en studieretningsklasse med Biologi på A-niveau, og matenmatik på A og kemi på B. Klassen er ikke dannet endnu. Det sker først efter nytår, så derfor kan jeg ikke angive antal elever præcist, men det bliver sikkert en hel klasse. ', '2016-05-23 10:53:56', '{ Excel }'),
(64, 2, 240, 'Biologi A, KemiB sk´tudieretning._x000D_Da vi kommer med tog fra Helsinge vil vi gerne starte 9.15 hvis det er muligt ', '2016-05-23 10:53:57', '{ Excel }'),
(65, 2, 241, 'Der er tale om et valgfag Biologi på B-niveau. Der er enkelte kursister som er 1. års elever. Da valgfaget netop er startet op (januar 2016) er kursisttallet forbundet med en smule usikkerhed. På nuværende tidspunkt er der tilmeldt 32 til holdet. Er det i orden at give et kursisttal per 1. marts 2016?', '2016-05-23 10:53:57', '{ Excel }'),
(66, 2, 242, 'Jeg skal nok have gennemgået alt det faglige relevante for klassen inden besøget. Vh Bo', '2016-05-23 10:53:58', '{ Excel }'),
(67, 2, 243, 'Vi glæder os.   Vh.  Peter Jensen. ', '2016-05-23 10:53:58', '{ Excel }'),
(68, 2, 248, 'Har ej indsendt prøver (men prøve indsendt af Vagn Rasmussen, Allerød; DL_GYM_010 /Marie)', '2016-05-23 10:53:59', '{ Excel }'),
(69, 2, 249, 'Forløbet kommer til at afslutte et forløb om økologi, samt være opsummering på teori om evolution, DNAreplikation og proteinsyntese.', '2016-05-23 10:54:00', '{ Excel }'),
(70, 2, 251, 'Evt DL_GYM_003, tidligere booking 15-9', '2016-05-23 10:54:00', '{ Excel }'),
(71, 2, 253, 'Klassen har biologi på A-niveau', '2016-05-23 10:54:01', '{ Excel }'),
(72, 2, 255, 'Jeg har booket en dato den 10. december som jeg gerne vil aflyse, men jeg har i den forbindelse allerede modtaget et indsamlingskit. Mange hilsner Katrine', '2016-05-23 10:54:01', '{ Excel }'),
(73, 2, 259, 'Vi har ikke selv vandprøve med, men benytter jeres. er det ok?_x000D_\nBekræftet"', '2016-05-23 10:54:02', '{ Excel }'),
(74, 2, 261, 'Klassen er en international IB klasse, så det normale undervisnings sprog for dem er engelsk, men de fleste forstår noget dansk. Så ligesom sidst vi var på besøg kunne det være fantastisk med samme material (på dansk) men selve underviningen på engelsk? mvh, Christina', '2016-05-23 10:54:03', '{ Excel }'),
(75, 2, 262, 'Det er en 1g-klasse med studieretning med biologi på A-niveau. ', '2016-05-23 10:54:03', '{ Excel }'),
(76, 2, 263, 'Tidligere booking 15-9', '2016-05-23 10:54:04', '{ Excel }'),
(77, 2, 264, 'Klassen har biologi på C-niveau. De går på en naturvidenskabelig studieretning, og det er generelt en dygtig klasse', '2016-05-23 10:54:04', '{ Excel }'),
(78, 2, 265, 'Dette er en IB klasse og vi vil værdsætte det voldsomt, hvis det kan lade sig gøre at gennemføre det meste af dagen på engelsk :o)', '2016-05-23 10:54:04', '{ Excel }'),
(79, 2, 269, 'Hej Jeg var med stor succes hos jer med min gymnasieklasse i 3 g. Med denne klasse har jeg så ikke endnu nået at tage vandprøver- men det kan måske godt nås i april? Vi vil dog så finde en anden prøvestation, da vi kun fandt lille vandsalamander i Kulsbjerg-søen. mvhJeppe Mordhorst', '2016-05-23 10:54:05', '{ Excel }'),
(80, 3, 2, 'Skal analyseres 15-01-2016', '2016-05-23 10:55:28', '{ Excel }'),
(81, 3, 4, 'Kan bruges af andre', '2016-05-23 10:55:28', '{ Excel }'),
(82, 3, 5, 'booket 12-05-2016', '2016-05-23 10:55:28', '{ Excel }'),
(83, 3, 6, 'Kan bruges af andre', '2016-05-23 10:55:28', '{ Excel }'),
(84, 3, 7, 'Kan bruges af andre. Anne C. Winther Jørgensen og 2ybi', '2016-05-23 10:55:29', '{ Excel }'),
(85, 3, 8, ' Ole Carsten Pedersen, Kan bruges af andre', '2016-05-23 10:55:29', '{ Excel }'),
(86, 3, 10, 'Niels J Willumsen, , F15_078 15-03-2016', '2016-05-23 10:55:29', '{ Excel }'),
(87, 3, 11, 'Vagn Rasmussen', '2016-05-23 10:55:29', '{ Excel }'),
(88, 3, 12, 'Vagn Rasmussen, evt bruges med holdet fra Allerød 7/4 F15_037', '2016-05-23 10:55:29', '{ Excel }'),
(89, 3, 13, 'Mogens Ellebæk (må bruges af andre)', '2016-05-23 10:55:30', '{ Excel }'),
(90, 3, 15, 'kan bruges af andre', '2016-05-23 10:55:30', '{ Excel }'),
(91, 3, 16, 'Kan bruges af andre', '2016-05-23 10:55:30', '{ Excel }'),
(92, 3, 17, 'Kan bruges af andre', '2016-05-23 10:55:30', '{ Excel }'),
(93, 3, 22, 'Prøven hed tidligere DL_F15_063, men blev flytte da den ikke nåede at blive ekstraheret før klassens besøg.', '2016-05-23 10:55:31', '{ Excel }'),
(94, 3, 30, 'Clara/Frederikke/Mehrshrshad', '2016-05-23 10:55:32', '{ Excel }'),
(95, 3, 53, 'Kun 50ml vand igennem filter', '2016-05-23 10:55:35', '{ Excel }'),
(96, 3, 78, 'Prøven er modtaget i juli, hvor der ikke var booket. ', '2016-05-23 10:55:38', '{ Excel }'),
(97, 3, 157, 'Prøver indsamles i uge 36 og sendes straks derefter.', '2016-05-23 10:55:50', '{ Excel }'),
(98, 3, 196, 'Stør', '2016-05-23 10:55:57', '{ Excel }'),
(99, 3, 203, 'Frøer', '2016-05-23 10:55:58', '{ Excel }'),
(100, 3, 247, '4 prøver per sø koordinat (kaldet A, B, C, D)', '2016-05-23 10:56:04', '{ Excel }'),
(101, 3, 248, '4 prøver per sø koordinat (kaldet A, B, C, D)', '2016-05-23 10:56:04', '{ Excel }'),
(102, 3, 249, '4 prøver per sø koordinat (kaldet A, B, C, D)', '2016-05-23 10:56:04', '{ Excel }'),
(103, 3, 250, '4 prøver per sø koordinat (kaldet A, B, C, D)', '2016-05-23 10:56:04', '{ Excel }'),
(104, 3, 251, '2 prøver per sø koordinat (kaldet A, B)', '2016-05-23 10:56:05', '{ Excel }'),
(105, 3, 252, '2 prøver per sø koordinat (kaldet A, B)', '2016-05-23 10:56:05', '{ Excel }'),
(106, 3, 253, '4 prøver per sø koordinat (kaldet A, B, C, D)', '2016-05-23 10:56:05', '{ Excel }'),
(107, 3, 254, '4 prøver per sø koordinat (kaldet A, B, C, D)', '2016-05-23 10:56:05', '{ Excel }'),
(108, 3, 255, '4 prøver per sø koordinat (kaldet A, B, C, D)', '2016-05-23 10:56:05', '{ Excel }'),
(109, 3, 256, '4 prøver per sø koordinat (kaldet A, B, C, D)', '2016-05-23 10:56:06', '{ Excel }'),
(110, 3, 257, '4 prøver per sø koordinat (kaldet A, B, C, D)', '2016-05-23 10:56:06', '{ Excel }'),
(111, 3, 258, '4 prøver per sø koordinat (kaldet A, B, C, D)', '2016-05-23 10:56:06', '{ Excel }'),
(112, 3, 259, '4 prøver per sø koordinat (kaldet A, B, C, D)', '2016-05-23 10:56:06', '{ Excel }'),
(113, 3, 260, '4 prøver per sø koordinat (kaldet A, B, C, D)', '2016-05-23 10:56:06', '{ Excel }'),
(114, 3, 261, '4 prøver per sø koordinat (kaldet A, B, C, D)', '2016-05-23 10:56:07', '{ Excel }'),
(115, 3, 262, '4 prøver per sø koordinat (kaldet A, B, C, D)', '2016-05-23 10:56:07', '{ Excel }'),
(116, 3, 263, '4 prøver per sø koordinat (kaldet A, B, C, D)', '2016-05-23 10:56:07', '{ Excel }'),
(117, 3, 264, '4 prøver per sø koordinat (kaldet A, B, C, D)', '2016-05-23 10:56:07', '{ Excel }'),
(118, 3, 265, '4 prøver per sø koordinat (kaldet A, B, C, D)', '2016-05-23 10:56:07', '{ Excel }'),
(119, 3, 266, '4 prøver per sø koordinat (kaldet A, B, C, D)', '2016-05-23 10:56:07', '{ Excel }'),
(120, 3, 267, '4 prøver per sø koordinat (kaldet A, B, C, D)', '2016-05-23 10:56:08', '{ Excel }'),
(121, 3, 268, '4 prøver per sø koordinat (kaldet A, B, C, D)', '2016-05-23 10:56:08', '{ Excel }'),
(122, 3, 269, '4 prøver per sø koordinat (kaldet A, B, C, D)', '2016-05-23 10:56:08', '{ Excel }'),
(123, 3, 270, '4 prøver per sø koordinat (kaldet A, B, C, D)', '2016-05-23 10:56:08', '{ Excel }'),
(124, 3, 271, '4 prøver per sø koordinat (kaldet A, B, C, D)', '2016-05-23 10:56:08', '{ Excel }'),
(125, 3, 272, '4 prøver per sø koordinat (kaldet A, B, C, D)', '2016-05-23 10:56:09', '{ Excel }'),
(126, 3, 273, '2 prøver per sø koordinat (kaldet A, B)', '2016-05-23 10:56:09', '{ Excel }'),
(127, 3, 274, '2 prøver per sø koordinat (kaldet A, B)', '2016-05-23 10:56:09', '{ Excel }'),
(128, 3, 276, '500 ml gennem sterivex filter, til sammenligning med DL_SNM_2014_0002', '2016-05-23 10:56:09', '{ Excel }'),
(129, 3, 321, 'Der er to ens prøver. Prøven er leveret af en lærer i en spand og kørt igennem filteret af Mette', '2016-05-23 10:56:15', '{ Excel }'),
(130, 3, 322, 'Der er to ens prøver. Prøven er leveret af en lærer i en spand og kørt igennem filteret af Mette', '2016-05-23 10:56:15', '{ Excel }'),
(131, 3, 330, 'Næsten tom', '2016-05-23 10:56:16', '{ Excel }'),
(132, 3, 357, 'sfsfsfsdfsdf', '2016-06-06 12:28:35', '-- test --'),
(133, 3, 358, 'dette er en test', '2016-06-06 12:30:02', '-- test --'),
(134, 3, 43, 'qsdasdasdasda sdfsf fsdfsdf ssdfsdf sdfsdf sdfsdf sdfsdf sdfsdf sdfsdf', '2016-06-09 04:39:01', '-- test --');

-- --------------------------------------------------------

--
-- Table structure for table `kommentar_type`
--

CREATE TABLE IF NOT EXISTS `kommentar_type` (
  `type_id` int(11) NOT NULL AUTO_INCREMENT,
  `relation` varchar(20) DEFAULT NULL,
  PRIMARY KEY (`type_id`)
) ENGINE=InnoDB  DEFAULT CHARSET=utf8 AUTO_INCREMENT=7 ;

--
-- Dumping data for table `kommentar_type`
--

INSERT INTO `kommentar_type` (`type_id`, `relation`) VALUES
(1, 'booking'),
(2, 'klasse'),
(3, 'proeve'),
(4, 'resultat'),
(5, 'lokalitet'),
(6, 'lokalitet_spot');

-- --------------------------------------------------------

--
-- Table structure for table `lokalitet`
--

CREATE TABLE IF NOT EXISTS `lokalitet` (
  `lokalitet_id` int(11) NOT NULL AUTO_INCREMENT,
  `X_GPS` varchar(50) DEFAULT NULL,
  `Y_GPS` varchar(50) DEFAULT NULL,
  `latitude` varchar(50) NOT NULL,
  `longitude` varchar(50) NOT NULL,
  `locked` tinyint(1) NOT NULL DEFAULT '0',
  `showPolygon` tinyint(1) NOT NULL DEFAULT '1',
  `showMarker` tinyint(1) NOT NULL DEFAULT '1',
  `showPopup` tinyint(1) NOT NULL DEFAULT '1',
  `geometryWkt` text,
  `type` varchar(50) DEFAULT NULL,
  `subtype` varchar(50) DEFAULT NULL,
  `presentationString` varchar(50) DEFAULT NULL,
  `skrivemaade` varchar(50) DEFAULT NULL,
  `skrivemaade_officiel` varchar(50) DEFAULT NULL,
  `skrivemaader_uofficiel` varchar(50) DEFAULT NULL,
  UNIQUE KEY `lokalitet_id` (`lokalitet_id`)
) ENGINE=InnoDB  DEFAULT CHARSET=utf8 AUTO_INCREMENT=635 ;

--
-- Dumping data for table `lokalitet`
--

INSERT INTO `lokalitet` (`lokalitet_id`, `X_GPS`, `Y_GPS`, `latitude`, `longitude`, `locked`, `showPolygon`, `showMarker`, `showPopup`, `geometryWkt`, `type`, `subtype`, `presentationString`, `skrivemaade`, `skrivemaade_officiel`, `skrivemaader_uofficiel`) VALUES
(1, 'KLASSE', NULL, '55.71780', '12.50389', 0, 1, 1, 1, NULL, NULL, NULL, 'Utterslev Mose', NULL, NULL, NULL),
(2, 'KLASSE', NULL, '55.75249', '12.53455', 0, 1, 1, 1, NULL, NULL, NULL, 'Gentofte sø', NULL, NULL, NULL),
(3, 'KLASSE', NULL, '', '', 0, 1, 1, 1, NULL, NULL, NULL, '', NULL, NULL, NULL),
(4, 'KLASSE', NULL, '55.67639', '12.48111', 0, 1, 1, 1, NULL, NULL, NULL, 'Damhussøen', NULL, NULL, NULL),
(5, 'KLASSE', NULL, '55.72176', '12.54861', 0, 1, 1, 1, NULL, NULL, NULL, 'Emdrup Sø', NULL, NULL, NULL),
(6, 'KLASSE', NULL, '55.42826', '11.55270', 0, 1, 1, 1, NULL, NULL, NULL, 'Sorø Sø, bådbro ved Søro akedemi', NULL, NULL, NULL),
(7, 'KLASSE', NULL, '55.93847', '11.73901', 0, 1, 1, 1, NULL, NULL, NULL, 'Søndervang Vandhul', NULL, NULL, NULL),
(8, 'KLASSE', NULL, '55.56720', '11.88787', 0, 1, 1, 1, NULL, NULL, NULL, 'Bøllesø, Særløse overdrev, Hvalsø', NULL, NULL, NULL),
(9, 'KLASSE', NULL, '55.29810', '8.79911', 0, 1, 1, 1, NULL, NULL, NULL, 'Lustrup fællesjord 1', NULL, NULL, NULL),
(10, 'KLASSE', NULL, '55.29787', '8.79974', 0, 1, 1, 1, NULL, NULL, NULL, 'Lustrup fællesjord 2', NULL, NULL, NULL),
(11, 'KLASSE', NULL, '55.29894', '8.79810', 0, 1, 1, 1, NULL, NULL, NULL, 'Lustrup fællesjord 3', NULL, NULL, NULL),
(12, 'KLASSE', NULL, '55.81564', '12.43367', 0, 1, 1, 1, NULL, NULL, NULL, 'Furesø, Birkerød roklub', NULL, NULL, NULL),
(13, 'KLASSE', NULL, '55.81867', '12.45037', 0, 1, 1, 1, NULL, NULL, NULL, 'Furesø, Dumpedalrendens udløb', NULL, NULL, NULL),
(14, 'KLASSE', NULL, '55.81515', '12.45860', 0, 1, 1, 1, NULL, NULL, NULL, 'Furesø, Holte roklub', NULL, NULL, NULL),
(15, 'KLASSE', NULL, '55.68966', '12.58024', 0, 1, 1, 1, NULL, NULL, NULL, 'Østre Anlæg', NULL, NULL, NULL),
(16, 'KLASSE', NULL, '', '', 0, 1, 1, 1, NULL, NULL, NULL, '', NULL, NULL, NULL),
(17, 'KLASSE', NULL, '', '', 0, 1, 1, 1, NULL, NULL, NULL, '', NULL, NULL, NULL),
(18, 'KLASSE', NULL, '', '', 0, 1, 1, 1, NULL, NULL, NULL, '', NULL, NULL, NULL),
(19, 'KLASSE', NULL, '55.73669', '12.38305', 0, 1, 1, 1, NULL, NULL, NULL, 'Borupgaard Gymnasium, lille sø', NULL, NULL, NULL),
(20, 'KLASSE', NULL, '55.77204', '12.29962', 0, 1, 1, 1, NULL, NULL, NULL, 'Bringe Mose, Flyvestation Værløse', NULL, NULL, NULL),
(21, 'KLASSE', NULL, '56.03272', '12.47050', 0, 1, 1, 1, NULL, NULL, NULL, 'Gurre Sø, Nordsjælland', NULL, NULL, NULL),
(22, 'KLASSE', NULL, '55.80605', '12.55734', 0, 1, 1, 1, NULL, NULL, NULL, 'Raadvad Dam (Mølleåen)', NULL, NULL, NULL),
(23, 'KLASSE', NULL, '55.83625', '12.44074', 0, 1, 1, 1, NULL, NULL, NULL, 'Dumpedalen vandhul', NULL, NULL, NULL),
(24, 'KLASSE', NULL, '55.61643', '12.56141', 0, 1, 1, 1, NULL, NULL, NULL, 'Store Høj Søen', NULL, NULL, NULL),
(25, 'KLASSE', NULL, '55.68944', '12.58000', 0, 1, 1, 1, NULL, NULL, NULL, 'Østre Anlæg', NULL, NULL, NULL),
(26, 'KLASSE', NULL, '55.83686', '12.42627', 0, 1, 1, 1, NULL, NULL, NULL, 'Birkerød Sø', NULL, NULL, NULL),
(27, 'KLASSE', NULL, '55.86430', '12.33291', 0, 1, 1, 1, NULL, NULL, NULL, 'Gymnasiesøen', NULL, NULL, NULL),
(28, 'KLASSE', NULL, '55.86262', '12.33423', 0, 1, 1, 1, NULL, NULL, NULL, 'Regnvandsbassinet', NULL, NULL, NULL),
(29, 'KLASSE', NULL, '55.87218', '12.36206', 0, 1, 1, 1, NULL, NULL, NULL, 'Søren Hvidehusvej, Allerød', NULL, NULL, NULL),
(30, 'KLASSE', NULL, '', '', 0, 1, 1, 1, NULL, NULL, NULL, '', NULL, NULL, NULL),
(31, 'KLASSE', NULL, '', '', 0, 1, 1, 1, NULL, NULL, NULL, '', NULL, NULL, NULL),
(32, 'KLASSE', NULL, '', '', 0, 1, 1, 1, NULL, NULL, NULL, '', NULL, NULL, NULL),
(33, 'KLASSE', NULL, '55.68925', '12.57808', 0, 1, 1, 1, NULL, NULL, NULL, 'Østre Anlæg', NULL, NULL, NULL),
(34, 'KLASSE', NULL, '55.665656', '12.015396', 0, 1, 1, 1, NULL, NULL, NULL, 'Store Kattinge sø, nær fugletårn ved Boserupvej', NULL, NULL, NULL),
(35, 'KLASSE', NULL, '55.568596', '11.399539', 0, 1, 1, 1, NULL, NULL, NULL, 'Tranemosen', NULL, NULL, NULL),
(36, 'KLASSE', NULL, '55.98817', '10.56183', 0, 1, 1, 1, NULL, NULL, NULL, 'Kragemosen, Samsø nord', NULL, NULL, NULL),
(37, 'KLASSE', NULL, '', '', 0, 1, 1, 1, NULL, NULL, NULL, '', NULL, NULL, NULL),
(38, 'KLASSE', NULL, '', '', 0, 1, 1, 1, NULL, NULL, NULL, '?', NULL, NULL, NULL),
(39, 'KLASSE', NULL, '55.45706', '12.15958', 0, 1, 1, 1, NULL, NULL, NULL, 'Ellesøen', NULL, NULL, NULL),
(40, 'KLASSE', NULL, '55.465925', '12.15686', 0, 1, 1, 1, NULL, NULL, NULL, 'Vandhul, Åsen, Køge', NULL, NULL, NULL),
(41, 'KLASSE', NULL, '55.859008', '12.325931', 0, 1, 1, 1, NULL, NULL, NULL, 'Rørmose, Allerød', NULL, NULL, NULL),
(42, 'KLASSE', NULL, '55.86437', '12.33256', 0, 1, 1, 1, NULL, NULL, NULL, 'Branddam, Rådhusvej 6, Allerød', NULL, NULL, NULL),
(43, 'KLASSE', NULL, '55.67469', '12.52008', 0, 1, 1, 1, NULL, NULL, NULL, 'Frederiksberg Have', NULL, NULL, NULL),
(44, 'KLASSE', NULL, '55.66290', '12.11892', 0, 1, 1, 1, NULL, NULL, NULL, 'Himmelev Grusgrav', NULL, NULL, NULL),
(45, 'KLASSE', NULL, '', '', 0, 1, 1, 1, NULL, NULL, NULL, '', NULL, NULL, NULL),
(46, 'KLASSE', NULL, '55.79670', '12.41249', 0, 1, 1, 1, NULL, NULL, NULL, 'Furesø', NULL, NULL, NULL),
(47, 'KLASSE', NULL, '', '', 0, 1, 1, 1, NULL, NULL, NULL, '', NULL, NULL, NULL),
(48, 'KLASSE', NULL, '55.756211', '8.918613', 0, 1, 1, 1, NULL, NULL, NULL, 'Grindsted Langsø', NULL, NULL, NULL),
(49, 'KLASSE', NULL, '55.75856', '8.88785', 0, 1, 1, 1, NULL, NULL, NULL, 'Grindsted Engsø', NULL, NULL, NULL),
(50, 'KLASSE', NULL, '', '', 0, 1, 1, 1, NULL, NULL, NULL, '', NULL, NULL, NULL),
(51, 'KLASSE', NULL, '55.65028', '12.58454', 0, 1, 1, 1, NULL, NULL, NULL, 'Grønjordssøen', NULL, NULL, NULL),
(52, 'KLASSE', NULL, '55.62987', '12.05289', 0, 1, 1, 1, NULL, NULL, NULL, 'Hyrdehøjskov sø', NULL, NULL, NULL),
(53, 'KLASSE', NULL, '55.73896', '12.23349', 0, 1, 1, 1, NULL, NULL, NULL, 'Værebro Å, Hovevej', NULL, NULL, NULL),
(54, 'KLASSE', NULL, '55.39246', '10.38176', 0, 1, 1, 1, NULL, NULL, NULL, 'Odense Å ved Stryget, Munke Mose', NULL, NULL, NULL),
(55, 'KLASSE', NULL, '56.02456', '12.58878', 0, 1, 1, 1, NULL, NULL, NULL, 'Dam v Helsingør Elforsyning', NULL, NULL, NULL),
(56, 'KLASSE', NULL, '55.86251', '12.33421', 0, 1, 1, 1, NULL, NULL, NULL, 'Tingvej Sø', NULL, NULL, NULL),
(57, 'KLASSE', NULL, '55.69018', '12.58038', 0, 1, 1, 1, NULL, NULL, NULL, 'Østre Anlæg', NULL, NULL, NULL),
(58, 'KLASSE', NULL, '56.01811', '12.57377', 0, 1, 1, 1, NULL, NULL, NULL, 'Sneglehøj sø', NULL, NULL, NULL),
(59, 'KLASSE', NULL, '55.999192', '12.564043', 0, 1, 1, 1, NULL, NULL, NULL, 'Sø(dam), Espergærde', NULL, NULL, NULL),
(60, 'KLASSE', NULL, '', '', 0, 1, 1, 1, NULL, NULL, NULL, '', NULL, NULL, NULL),
(61, 'KLASSE', NULL, '55.78644', '12.44319', 0, 1, 1, 1, NULL, NULL, NULL, 'Furesøen, Frederiksdal Fribad', NULL, NULL, NULL),
(62, 'KLASSE', NULL, '', '', 0, 1, 1, 1, NULL, NULL, NULL, '', NULL, NULL, NULL),
(63, 'KLASSE', NULL, '', '', 0, 1, 1, 1, NULL, NULL, NULL, '', NULL, NULL, NULL),
(64, 'KLASSE', NULL, '55.78322', '12.44381', 0, 1, 1, 1, NULL, NULL, NULL, 'Mølleåen ved Frederiksdal Friluftsbad', NULL, NULL, NULL),
(65, 'KLASSE', NULL, '55.663056', '12.265833', 0, 1, 1, 1, NULL, NULL, NULL, 'Hakkemosen', NULL, NULL, NULL),
(66, 'KLASSE', NULL, '55.33328', '10.536707', 0, 1, 1, 1, NULL, NULL, NULL, 'Davinde sø', NULL, NULL, NULL),
(67, 'KLASSE', NULL, '55.712252', '12.487586', 0, 1, 1, 1, NULL, NULL, NULL, 'Utterslev Mose', NULL, NULL, NULL),
(68, 'KLASSE', NULL, '55.462902', '12.161908', 0, 1, 1, 1, NULL, NULL, NULL, 'Åsen,Køge', NULL, NULL, NULL),
(69, 'KLASSE', NULL, '55.573738', '12.263745', 0, 1, 1, 1, NULL, NULL, NULL, 'Rørmosen, Karlslunde', NULL, NULL, NULL),
(70, 'KLASSE', NULL, '55.71055', '11.68272', 0, 1, 1, 1, NULL, NULL, NULL, 'Sø v.Stenhus gym. Busstoppested', NULL, NULL, NULL),
(71, 'KLASSE', NULL, '', '', 0, 1, 1, 1, NULL, NULL, NULL, '', NULL, NULL, NULL),
(72, 'KLASSE', NULL, '55.89343', '12.52161', 0, 1, 1, 1, NULL, NULL, NULL, 'Vallerød Gadekær', NULL, NULL, NULL),
(73, 'KLASSE', NULL, '55.999192', '12.564043', 0, 1, 1, 1, NULL, NULL, NULL, 'Egebæksvang Sø(dam), Espergærde', NULL, NULL, NULL),
(74, 'KLASSE', NULL, '', '', 0, 1, 1, 1, NULL, NULL, NULL, '', NULL, NULL, NULL),
(75, 'KLASSE', NULL, '55.999192', '12.564043', 0, 1, 1, 1, NULL, NULL, NULL, 'Egebæksvang Sø', NULL, NULL, NULL),
(76, 'KLASSE', NULL, '', '', 0, 1, 1, 1, NULL, NULL, NULL, '', NULL, NULL, NULL),
(77, 'KLASSE', NULL, '55.74635', '12.53626', 0, 1, 1, 1, NULL, NULL, NULL, 'Gentofte Sø', NULL, NULL, NULL),
(78, 'KLASSE', NULL, '', '', 0, 1, 1, 1, NULL, NULL, NULL, '', NULL, NULL, NULL),
(79, 'KLASSE', NULL, '56.024561', '12.588776', 0, 1, 1, 1, NULL, NULL, NULL, 'Dam v Helsingør Elforsyning', NULL, NULL, NULL),
(80, 'KLASSE', NULL, '', '', 0, 1, 1, 1, NULL, NULL, NULL, '', NULL, NULL, NULL),
(81, 'KLASSE', NULL, '', '', 0, 1, 1, 1, NULL, NULL, NULL, '', NULL, NULL, NULL),
(82, 'KLASSE', NULL, '56.018109', '12.573767', 0, 1, 1, 1, NULL, NULL, NULL, 'Sneglehøj sø', NULL, NULL, NULL),
(83, 'KLASSE', NULL, '', '', 0, 1, 1, 1, NULL, NULL, NULL, '', NULL, NULL, NULL),
(84, 'KLASSE', NULL, '55.05354', '10.586344', 0, 1, 1, 1, NULL, NULL, NULL, 'Poul Smedes mose, Svendborg', NULL, NULL, NULL),
(85, 'KLASSE', NULL, '55.573738', '12.263745', 0, 1, 1, 1, NULL, NULL, NULL, 'Rørmosen, Karlslunde', NULL, NULL, NULL),
(86, 'KLASSE', NULL, '', '', 0, 1, 1, 1, NULL, NULL, NULL, 'Øtoftegårdsvej, Taastrup', NULL, NULL, NULL),
(87, 'KLASSE', NULL, '55.660681', '12.262654', 0, 1, 1, 1, NULL, NULL, NULL, 'Mlm. Hakkemosemosevej og Lervangen', NULL, NULL, NULL),
(88, 'KLASSE', NULL, '55.79724', '11.55047', 0, 1, 1, 1, NULL, NULL, NULL, 'Grevinge Sø', NULL, NULL, NULL),
(89, 'KLASSE', NULL, '', '', 0, 1, 1, 1, NULL, NULL, NULL, '', NULL, NULL, NULL),
(90, 'KLASSE', NULL, '', '', 0, 1, 1, 1, NULL, NULL, NULL, '', NULL, NULL, NULL),
(91, 'KLASSE', NULL, '', '', 0, 1, 1, 1, NULL, NULL, NULL, '', NULL, NULL, NULL),
(92, 'KLASSE', NULL, '', '', 0, 1, 1, 1, NULL, NULL, NULL, '', NULL, NULL, NULL),
(93, 'KLASSE', NULL, '', '', 0, 1, 1, 1, NULL, NULL, NULL, '', NULL, NULL, NULL),
(94, 'KLASSE', NULL, '', '', 0, 1, 1, 1, NULL, NULL, NULL, '', NULL, NULL, NULL),
(95, 'KLASSE', NULL, '', '', 0, 1, 1, 1, NULL, NULL, NULL, 'Furesø', NULL, NULL, NULL),
(96, 'KLASSE', NULL, '', '', 0, 1, 1, 1, NULL, NULL, NULL, '', NULL, NULL, NULL),
(97, 'KLASSE', NULL, '', '', 0, 1, 1, 1, NULL, NULL, NULL, '', NULL, NULL, NULL),
(98, 'KLASSE', NULL, '55.67605', '12.47712', 0, 1, 1, 1, NULL, NULL, NULL, 'Damhussøen', NULL, NULL, NULL),
(99, 'KLASSE', NULL, '', '', 0, 1, 1, 1, NULL, NULL, NULL, '', NULL, NULL, NULL),
(100, 'KLASSE', NULL, '', '', 0, 1, 1, 1, NULL, NULL, NULL, '', NULL, NULL, NULL),
(101, 'KLASSE', NULL, '', '', 0, 1, 1, 1, NULL, NULL, NULL, 'Lene Olesen Jensen', NULL, NULL, NULL),
(102, 'KLASSE', NULL, '', '', 0, 1, 1, 1, NULL, NULL, NULL, '', NULL, NULL, NULL),
(103, 'KLASSE', NULL, '', '', 0, 1, 1, 1, NULL, NULL, NULL, '', NULL, NULL, NULL),
(104, 'KLASSE', NULL, '', '', 0, 1, 1, 1, NULL, NULL, NULL, '', NULL, NULL, NULL),
(105, 'KLASSE', NULL, '', '', 0, 1, 1, 1, NULL, NULL, NULL, '', NULL, NULL, NULL),
(106, 'KLASSE', NULL, '', '', 0, 1, 1, 1, NULL, NULL, NULL, '', NULL, NULL, NULL),
(107, 'KLASSE', NULL, '', '', 0, 1, 1, 1, NULL, NULL, NULL, '', NULL, NULL, NULL),
(108, 'KLASSE', NULL, '56.018333', '9.379444', 0, 1, 1, 1, NULL, NULL, NULL, 'Hampen sø', NULL, NULL, NULL),
(109, 'KLASSE', NULL, '56.010833', '9.402778', 0, 1, 1, 1, NULL, NULL, NULL, 'Troldsø', NULL, NULL, NULL),
(110, 'KLASSE', NULL, '', '', 0, 1, 1, 1, NULL, NULL, NULL, '', NULL, NULL, NULL),
(111, 'KLASSE', NULL, '', '', 0, 1, 1, 1, NULL, NULL, NULL, '', NULL, NULL, NULL),
(112, 'KLASSE', NULL, '55.653711', '12.483806', 0, 1, 1, 1, NULL, NULL, NULL, 'Harrestrup Å, v. Vigerslev Allé', NULL, NULL, NULL),
(113, 'KLASSE', NULL, '55.65981', '12.52876', 0, 1, 1, 1, NULL, NULL, NULL, 'Vestre Kirkegårdssø, Valby', NULL, NULL, NULL),
(114, 'KLASSE', NULL, '', '', 0, 1, 1, 1, NULL, NULL, NULL, 'Bøstrup Å', NULL, NULL, NULL),
(115, 'KLASSE', NULL, '55.4579', '12.1638', 0, 1, 1, 1, NULL, NULL, NULL, 'Køge Å', NULL, NULL, NULL),
(116, 'KLASSE', NULL, '55.5141', '12.1498', 0, 1, 1, 1, NULL, NULL, NULL, 'Skensved Å', NULL, NULL, NULL),
(117, 'KLASSE', NULL, '', '', 0, 1, 1, 1, NULL, NULL, NULL, '', NULL, NULL, NULL),
(118, 'KLASSE', NULL, '', '', 0, 1, 1, 1, NULL, NULL, NULL, '', NULL, NULL, NULL),
(119, 'KLASSE', NULL, '', '', 0, 1, 1, 1, NULL, NULL, NULL, '', NULL, NULL, NULL),
(120, 'KLASSE', NULL, '', '', 0, 1, 1, 1, NULL, NULL, NULL, 'Krobæk', NULL, NULL, NULL),
(121, 'KLASSE', NULL, '56.07189', '12.210407', 0, 1, 1, 1, NULL, NULL, NULL, 'Uglebrovej 6, Helsinge', NULL, NULL, NULL),
(122, 'KLASSE', NULL, '55.00730637', '11.912925', 0, 1, 1, 1, NULL, NULL, NULL, 'Vordingborg Voldgrav', NULL, NULL, NULL),
(123, 'KLASSE', NULL, '55.608633', '12.337417', 0, 1, 1, 1, NULL, NULL, NULL, 'Ishøj Søpark', NULL, NULL, NULL),
(124, 'KLASSE', NULL, '55.608633', '12.337417', 0, 1, 1, 1, NULL, NULL, NULL, 'Måløv', NULL, NULL, NULL),
(125, 'KLASSE', NULL, '55.57379', '12.264122', 0, 1, 1, 1, NULL, NULL, NULL, 'Rørmosen, Karlslunde', NULL, NULL, NULL),
(126, 'KLASSE', NULL, '', '', 0, 1, 1, 1, NULL, NULL, NULL, 'Sø v.Greve Gym', NULL, NULL, NULL),
(127, 'KLASSE', NULL, '', '', 0, 1, 1, 1, NULL, NULL, NULL, '', NULL, NULL, NULL),
(128, 'KLASSE', NULL, '55.7196', '12.5196', 0, 1, 1, 1, NULL, NULL, NULL, 'Utterslev mose', NULL, NULL, NULL),
(129, 'KLASSE', NULL, '55.923611', '12.313889', 0, 1, 1, 1, NULL, NULL, NULL, 'Teglgårdssøen, Hillerød', NULL, NULL, NULL),
(130, 'KLASSE', NULL, '55.773363', '12.56395', 0, 1, 1, 1, NULL, NULL, NULL, 'Fuglesangssø', NULL, NULL, NULL),
(131, 'KLASSE', NULL, '55.674535', '12.556086', 0, 1, 1, 1, NULL, NULL, NULL, 'Sankt Jørgens Sø', NULL, NULL, NULL),
(132, 'KLASSE', NULL, '55.676375', '12.477293', 0, 1, 1, 1, NULL, NULL, NULL, 'Damhussøen', NULL, NULL, NULL),
(133, 'KLASSE', NULL, '', '', 0, 1, 1, 1, NULL, NULL, NULL, 'Furesøen', NULL, NULL, NULL),
(134, 'KLASSE', NULL, '', '', 0, 1, 1, 1, NULL, NULL, NULL, '', NULL, NULL, NULL),
(135, 'KLASSE', NULL, '55.05354', '10.586344', 0, 1, 1, 1, NULL, NULL, NULL, 'Poul Smeds Mose', NULL, NULL, NULL),
(136, 'KLASSE', NULL, '55.745802', '12.537935', 0, 1, 1, 1, NULL, NULL, NULL, 'Gentofte Sø', NULL, NULL, NULL),
(137, 'KLASSE', NULL, '55.619967', '12.373301', 0, 1, 1, 1, NULL, NULL, NULL, 'Store vejle Å', NULL, NULL, NULL),
(138, 'KLASSE', NULL, '55.978549', '12.030759', 0, 1, 1, 1, NULL, NULL, NULL, 'Tranemosen, Frederiksværk', NULL, NULL, NULL),
(139, 'KLASSE', NULL, '', '', 0, 1, 1, 1, NULL, NULL, NULL, '', NULL, NULL, NULL),
(140, 'KLASSE', NULL, '', '', 0, 1, 1, 1, NULL, NULL, NULL, '', NULL, NULL, NULL),
(141, 'KLASSE', NULL, '55.745446', '12.535712', 0, 1, 1, 1, NULL, NULL, NULL, 'Gentofte Sø', NULL, NULL, NULL),
(142, 'KLASSE', NULL, '55.745446', '12.535712', 0, 1, 1, 1, NULL, NULL, NULL, 'Gentofte Sø', NULL, NULL, NULL),
(143, 'KLASSE', NULL, '55.862331', '12.334121', 0, 1, 1, 1, NULL, NULL, NULL, 'Allerød gymnasie regnvandsbassin', NULL, NULL, NULL),
(144, 'KLASSE', NULL, '55.862331', '12.334121', 0, 1, 1, 1, NULL, NULL, NULL, 'Allerød/lillerød', NULL, NULL, NULL),
(145, 'KLASSE', NULL, '56.423092', '9.447617', 0, 1, 1, 1, NULL, NULL, NULL, 'Bruunshåb Mølleå', NULL, NULL, NULL),
(146, 'KLASSE', NULL, '54.982567', '11.513476', 0, 1, 1, 1, NULL, NULL, NULL, 'Østermosen, Femø', NULL, NULL, NULL),
(147, 'KLASSE', NULL, '55.6626', '12.2613', 0, 1, 1, 1, NULL, NULL, NULL, 'Hakkemosen', NULL, NULL, NULL),
(148, 'KLASSE', NULL, '55.872184', '12.362007', 0, 1, 1, 1, NULL, NULL, NULL, 'Hvidehusvej, Allerød', NULL, NULL, NULL),
(149, 'KLASSE', NULL, '55.464806', '11.886722', 0, 1, 1, 1, NULL, NULL, NULL, 'Kværkeby Mose, karpesø', NULL, NULL, NULL),
(150, 'KLASSE', NULL, '55.464611', '11.888972', 0, 1, 1, 1, NULL, NULL, NULL, 'Kværkeby Mose, store sø', NULL, NULL, NULL),
(151, 'KLASSE', NULL, '55.745186', '12.535906', 0, 1, 1, 1, NULL, NULL, NULL, 'Gentofte Sø', NULL, NULL, NULL),
(152, 'KLASSE', NULL, '55.7407', '12.376968', 0, 1, 1, 1, NULL, NULL, NULL, 'Digterparken, Ballerup', NULL, NULL, NULL),
(153, 'KLASSE', NULL, '55.390861', '10.382167', 0, 1, 1, 1, NULL, NULL, NULL, 'Odense Å', NULL, NULL, NULL),
(154, 'KLASSE', NULL, '54.843051', '11.979298', 0, 1, 1, 1, NULL, NULL, NULL, 'Møllesø v. Virket', NULL, NULL, NULL),
(155, 'KLASSE', NULL, '', '', 0, 1, 1, 1, NULL, NULL, NULL, '', NULL, NULL, NULL),
(156, 'KLASSE', NULL, '57.039596', '9.859091', 0, 1, 1, 1, NULL, NULL, NULL, 'Mølholm Sø, Norholmsvej 55, Aalborg', NULL, NULL, NULL),
(157, 'KLASSE', NULL, '', '', 0, 1, 1, 1, NULL, NULL, NULL, '', NULL, NULL, NULL),
(158, 'KLASSE', NULL, '55.783305', '12.495093', 0, 1, 1, 1, NULL, NULL, NULL, 'Mølleåen, v. Sorgenfri Slotspark', NULL, NULL, NULL),
(159, 'KLASSE', NULL, '55.862331', '12.334121', 0, 1, 1, 1, NULL, NULL, NULL, 'Allerød gymnasie regnvandsbassin', NULL, NULL, NULL),
(160, 'KLASSE', NULL, '55.862331', '12.334121', 0, 1, 1, 1, NULL, NULL, NULL, 'Allerød/lillerød', NULL, NULL, NULL),
(161, 'KLASSE', NULL, '55.642146', '12.205181', 0, 1, 1, 1, NULL, NULL, NULL, 'Sejlsbjerg Mose', NULL, NULL, NULL),
(162, 'KLASSE', NULL, '55.924331', '12.313577', 0, 1, 1, 1, NULL, NULL, NULL, 'Teglgårdssøen, Hillerød', NULL, NULL, NULL),
(163, 'KLASSE', NULL, '55.703964', '12.418976', 0, 1, 1, 1, NULL, NULL, NULL, 'Ejby Mose', NULL, NULL, NULL),
(164, 'KLASSE', NULL, '55.96176', '11.746361', 0, 1, 1, 1, NULL, NULL, NULL, 'Dybesø', NULL, NULL, NULL),
(165, 'KLASSE', NULL, '56.027807', '9.956996', 0, 1, 1, 1, NULL, NULL, NULL, 'Skanderborg Sø, Vestermølle', NULL, NULL, NULL),
(166, 'KLASSE', NULL, '55.3464330', '12.2164240', 0, 1, 1, 1, NULL, NULL, NULL, 'Vandhul v Baunebovej 1, Hårlev', NULL, NULL, NULL),
(167, 'KLASSE', NULL, '55.6811', '12.4734', 0, 1, 1, 1, NULL, NULL, NULL, 'Damhussøen', NULL, NULL, NULL),
(168, 'KLASSE', NULL, '55.970056', '12.281583', 0, 1, 1, 1, NULL, NULL, NULL, 'Rødedam, Gribskov', NULL, NULL, NULL),
(169, 'KLASSE', NULL, '55.984843', '12.302713', 0, 1, 1, 1, NULL, NULL, NULL, 'Store Gribsø', NULL, NULL, NULL),
(170, 'KLASSE', NULL, '', '', 0, 1, 1, 1, NULL, NULL, NULL, 'skal køre en SNM-prøve', NULL, NULL, NULL),
(171, 'KLASSE', NULL, '55.705095', '9.515013', 0, 1, 1, 1, NULL, NULL, NULL, 'Vejle Å', NULL, NULL, NULL),
(172, 'KLASSE', NULL, '', '', 0, 1, 1, 1, NULL, NULL, NULL, '', NULL, NULL, NULL),
(173, 'KLASSE', NULL, '56.142972', '10.061035', 0, 1, 1, 1, NULL, NULL, NULL, 'Lyngbygård Å  ved Årslev Engsø', NULL, NULL, NULL),
(174, 'KLASSE', NULL, '', '', 0, 1, 1, 1, NULL, NULL, NULL, '', NULL, NULL, NULL),
(175, 'KLASSE', NULL, '', '', 0, 1, 1, 1, NULL, NULL, NULL, '', NULL, NULL, NULL),
(176, 'KLASSE', NULL, '', '', 0, 1, 1, 1, NULL, NULL, NULL, '', NULL, NULL, NULL),
(177, 'KLASSE', NULL, '55.999209', '12.563916', 0, 1, 1, 1, NULL, NULL, NULL, 'Egebæksvang', NULL, NULL, NULL),
(178, 'KLASSE', NULL, '55.999164', '12.563958', 0, 1, 1, 1, NULL, NULL, NULL, 'Egebæksvang', NULL, NULL, NULL),
(179, 'KLASSE', NULL, '55.6497954', '12.638346', 0, 1, 1, 1, NULL, NULL, NULL, 'Kastrupfortet', NULL, NULL, NULL),
(180, 'KLASSE', NULL, '55.6497954', '12.638346', 0, 1, 1, 1, NULL, NULL, NULL, 'Kastrupfortet', NULL, NULL, NULL),
(181, 'KLASSE', NULL, '55.013878', '12.008236', 0, 1, 1, 1, NULL, NULL, NULL, 'Smørhullet, Kulsbjerg, Stensved', NULL, NULL, NULL),
(182, 'KLASSE', NULL, '55.674667', '12.520241', 0, 1, 1, 1, NULL, NULL, NULL, 'Schweizersøen', NULL, NULL, NULL),
(183, 'KLASSE', NULL, '', '', 0, 1, 1, 1, NULL, NULL, NULL, '', NULL, NULL, NULL),
(184, 'KLASSE', NULL, '', '', 0, 1, 1, 1, NULL, NULL, NULL, 'Svanemøllen Havn', NULL, NULL, NULL),
(185, 'KLASSE', NULL, '', '', 0, 1, 1, 1, NULL, NULL, NULL, 'Frederiksværk', NULL, NULL, NULL),
(186, 'KLASSE', NULL, '', '', 0, 1, 1, 1, NULL, NULL, NULL, 'Frederiksværk', NULL, NULL, NULL),
(187, 'KLASSE', NULL, '', '', 0, 1, 1, 1, NULL, NULL, NULL, 'Frederiksværk', NULL, NULL, NULL),
(188, 'KLASSE', NULL, '55.835446', '12.441126', 0, 1, 1, 1, NULL, NULL, NULL, 'Dumpedalen, Birkerød', NULL, NULL, NULL),
(189, 'KLASSE', NULL, '', '', 0, 1, 1, 1, NULL, NULL, NULL, '', NULL, NULL, NULL),
(190, 'KLASSE', NULL, '55.893826', '12.520884', 0, 1, 1, 1, NULL, NULL, NULL, 'Vallerød gadekær', NULL, NULL, NULL),
(191, 'KLASSE', NULL, '55.701875', '12.5661284', 0, 1, 1, 1, NULL, NULL, NULL, 'Sø i Fælledparken', NULL, NULL, NULL),
(192, 'KLASSE', NULL, '', '', 0, 1, 1, 1, NULL, NULL, NULL, '', NULL, NULL, NULL),
(193, 'KLASSE', NULL, '55.773351', '12.563295', 0, 1, 1, 1, NULL, NULL, NULL, 'Fuglesangssø', NULL, NULL, NULL),
(194, 'KLASSE', NULL, '', '', 0, 1, 1, 1, NULL, NULL, NULL, '', NULL, NULL, NULL),
(195, 'KLASSE', NULL, '', '', 0, 1, 1, 1, NULL, NULL, NULL, '', NULL, NULL, NULL),
(196, 'KLASSE', NULL, '55.823056', '12.530833', 0, 1, 1, 1, NULL, NULL, NULL, 'Vandhul v Kikhanerende ', NULL, NULL, NULL),
(197, 'KLASSE', NULL, '55.7578', '8.9017', 0, 1, 1, 1, NULL, NULL, NULL, 'Grindsted Ådal', NULL, NULL, NULL),
(198, 'KLASSE', NULL, '56.060278', '12.558889', 0, 1, 1, 1, NULL, NULL, NULL, 'Kobberdammen, Hellebæk', NULL, NULL, NULL),
(199, 'KLASSE', NULL, '', '', 0, 1, 1, 1, NULL, NULL, NULL, '', NULL, NULL, NULL),
(200, 'KLASSE', NULL, '', '', 0, 1, 1, 1, NULL, NULL, NULL, '', NULL, NULL, NULL),
(201, 'KLASSE', NULL, '', '', 0, 1, 1, 1, NULL, NULL, NULL, '', NULL, NULL, NULL),
(202, 'KLASSE', NULL, '', '', 0, 1, 1, 1, NULL, NULL, NULL, '', NULL, NULL, NULL),
(203, 'KLASSE', NULL, '55.565137', '11.888165', 0, 1, 1, 1, NULL, NULL, NULL, 'Avnsø', NULL, NULL, NULL),
(204, 'KLASSE', NULL, '', '', 0, 1, 1, 1, NULL, NULL, NULL, '', NULL, NULL, NULL),
(205, 'KLASSE', NULL, '55.6625', '12.266386', 0, 1, 1, 1, NULL, NULL, NULL, 'Hakkemosen', NULL, NULL, NULL),
(206, 'KLASSE', NULL, '55.565137', '11.888165', 0, 1, 1, 1, NULL, NULL, NULL, 'Anv Sø', NULL, NULL, NULL),
(207, 'KLASSE', NULL, '55.567284', '11.887934', 0, 1, 1, 1, NULL, NULL, NULL, 'Bølle Sø', NULL, NULL, NULL),
(208, 'KLASSE', NULL, '57.0124', '9.9156', 0, 1, 1, 1, NULL, NULL, NULL, 'Lille Fuglsø, Østerådal', NULL, NULL, NULL),
(209, 'KLASSE', NULL, '57.0124', '9.9156', 0, 1, 1, 1, NULL, NULL, NULL, 'Lille Fuglsø, Østerådal', NULL, NULL, NULL),
(210, 'KLASSE', NULL, '57.0124', '9.9156', 0, 1, 1, 1, NULL, NULL, NULL, 'Lille Fuglsø, Østerådal', NULL, NULL, NULL),
(211, 'KLASSE', NULL, '', '', 0, 1, 1, 1, NULL, NULL, NULL, '', NULL, NULL, NULL),
(212, 'KLASSE', NULL, '55.464246', '12.135726', 0, 1, 1, 1, NULL, NULL, NULL, 'Køge Ås', NULL, NULL, NULL),
(213, 'KLASSE', NULL, '55.456967', '12.160442', 0, 1, 1, 1, NULL, NULL, NULL, 'Søen v. Ringstedvej', NULL, NULL, NULL),
(214, 'KLASSE', NULL, '55.745802', '12.537935', 0, 1, 1, 1, NULL, NULL, NULL, 'Gentofte Sø', NULL, NULL, NULL),
(215, 'KLASSE', NULL, '', '', 0, 1, 1, 1, NULL, NULL, NULL, '', NULL, NULL, NULL),
(216, 'KLASSE', NULL, '', '', 0, 1, 1, 1, NULL, NULL, NULL, '', NULL, NULL, NULL),
(217, 'KLASSE', NULL, '', '', 0, 1, 1, 1, NULL, NULL, NULL, '', NULL, NULL, NULL),
(218, 'KLASSE', NULL, '?', '?', 0, 1, 1, 1, NULL, NULL, NULL, 'Gentofte Sø', NULL, NULL, NULL),
(219, 'KLASSE', NULL, '', '', 0, 1, 1, 1, NULL, NULL, NULL, '', NULL, NULL, NULL),
(220, 'KLASSE', NULL, '55.501854', '9.490803', 0, 1, 1, 1, NULL, NULL, NULL, 'Marielundssøen, Kolding', NULL, NULL, NULL),
(221, 'KLASSE', NULL, '', '', 0, 1, 1, 1, NULL, NULL, NULL, '', NULL, NULL, NULL),
(222, 'KLASSE', NULL, '', '', 0, 1, 1, 1, NULL, NULL, NULL, '', NULL, NULL, NULL),
(223, 'KLASSE', NULL, '55.674667', '12.520241', 0, 1, 1, 1, NULL, NULL, NULL, 'Schweizersøen', NULL, NULL, NULL),
(224, 'KLASSE', NULL, '', '', 0, 1, 1, 1, NULL, NULL, NULL, '', NULL, NULL, NULL),
(225, 'KLASSE', NULL, '', '', 0, 1, 1, 1, NULL, NULL, NULL, '', NULL, NULL, NULL),
(226, 'KLASSE', NULL, '57.0124', '9.9156', 0, 1, 1, 1, NULL, NULL, NULL, 'Lille Fuglsø, Østerådal', NULL, NULL, NULL),
(227, 'KLASSE', NULL, '', '', 0, 1, 1, 1, NULL, NULL, NULL, '', NULL, NULL, NULL),
(228, 'KLASSE', NULL, '', '', 0, 1, 1, 1, NULL, NULL, NULL, '', NULL, NULL, NULL),
(229, 'KLASSE', NULL, '', '', 0, 1, 1, 1, NULL, NULL, NULL, '', NULL, NULL, NULL),
(230, 'KLASSE', NULL, '', '', 0, 1, 1, 1, NULL, NULL, NULL, '', NULL, NULL, NULL),
(231, 'KLASSE', NULL, '', '', 0, 1, 1, 1, NULL, NULL, NULL, '', NULL, NULL, NULL),
(232, 'KLASSE', NULL, '', '', 0, 1, 1, 1, NULL, NULL, NULL, '', NULL, NULL, NULL),
(233, 'KLASSE', NULL, '', '', 0, 1, 1, 1, NULL, NULL, NULL, '', NULL, NULL, NULL),
(234, 'KLASSE', NULL, '', '', 0, 1, 1, 1, NULL, NULL, NULL, '', NULL, NULL, NULL),
(235, 'KLASSE', NULL, '', '', 0, 1, 1, 1, NULL, NULL, NULL, '', NULL, NULL, NULL),
(236, 'KLASSE', NULL, '', '', 0, 1, 1, 1, NULL, NULL, NULL, '', NULL, NULL, NULL),
(237, 'KLASSE', NULL, '', '', 0, 1, 1, 1, NULL, NULL, NULL, '', NULL, NULL, NULL),
(238, 'KLASSE', NULL, '', '', 0, 1, 1, 1, NULL, NULL, NULL, '', NULL, NULL, NULL),
(239, 'KLASSE', NULL, '', '', 0, 1, 1, 1, NULL, NULL, NULL, '', NULL, NULL, NULL),
(240, 'KLASSE', NULL, '', '', 0, 1, 1, 1, NULL, NULL, NULL, '', NULL, NULL, NULL),
(241, 'KLASSE', NULL, '', '', 0, 1, 1, 1, NULL, NULL, NULL, '', NULL, NULL, NULL),
(242, 'KLASSE', NULL, '', '', 0, 1, 1, 1, NULL, NULL, NULL, '', NULL, NULL, NULL),
(243, 'KLASSE', NULL, '', '', 0, 1, 1, 1, NULL, NULL, NULL, '', NULL, NULL, NULL),
(244, 'KLASSE', NULL, '', '', 0, 1, 1, 1, NULL, NULL, NULL, '', NULL, NULL, NULL),
(245, 'KLASSE', NULL, '', '', 0, 1, 1, 1, NULL, NULL, NULL, '', NULL, NULL, NULL),
(246, 'KLASSE', NULL, '', '', 0, 1, 1, 1, NULL, NULL, NULL, '', NULL, NULL, NULL),
(247, 'KLASSE', NULL, '', '', 0, 1, 1, 1, NULL, NULL, NULL, '', NULL, NULL, NULL),
(248, 'KLASSE', NULL, '', '', 0, 1, 1, 1, NULL, NULL, NULL, '', NULL, NULL, NULL),
(249, 'KLASSE', NULL, '', '', 0, 1, 1, 1, NULL, NULL, NULL, '', NULL, NULL, NULL),
(250, 'KLASSE', NULL, '', '', 0, 1, 1, 1, NULL, NULL, NULL, '', NULL, NULL, NULL),
(251, 'KLASSE', NULL, '', '', 0, 1, 1, 1, NULL, NULL, NULL, '', NULL, NULL, NULL),
(252, 'KLASSE', NULL, '', '', 0, 1, 1, 1, NULL, NULL, NULL, '', NULL, NULL, NULL),
(253, 'KLASSE', NULL, '', '', 0, 1, 1, 1, NULL, NULL, NULL, '', NULL, NULL, NULL),
(254, 'KLASSE', NULL, '', '', 0, 1, 1, 1, NULL, NULL, NULL, '', NULL, NULL, NULL),
(255, 'KLASSE', NULL, '', '', 0, 1, 1, 1, NULL, NULL, NULL, '', NULL, NULL, NULL),
(256, 'KLASSE', NULL, '', '', 0, 1, 1, 1, NULL, NULL, NULL, '', NULL, NULL, NULL),
(257, 'KLASSE', NULL, '', '', 0, 1, 1, 1, NULL, NULL, NULL, '', NULL, NULL, NULL),
(258, 'KLASSE', NULL, '', '', 0, 1, 1, 1, NULL, NULL, NULL, '', NULL, NULL, NULL),
(259, 'KLASSE', NULL, '5', '2016', 0, 1, 1, 1, NULL, NULL, NULL, 'Gabriel Bjerre', NULL, NULL, NULL),
(260, 'KLASSE', NULL, '', '', 0, 1, 1, 1, NULL, NULL, NULL, '', NULL, NULL, NULL),
(261, 'KLASSE', NULL, '', '', 0, 1, 1, 1, NULL, NULL, NULL, '', NULL, NULL, NULL),
(262, 'KLASSE', NULL, '', '', 0, 1, 1, 1, NULL, NULL, NULL, '', NULL, NULL, NULL),
(263, 'KLASSE', NULL, '', '', 0, 1, 1, 1, NULL, NULL, NULL, '', NULL, NULL, NULL),
(264, 'KLASSE', NULL, '', '', 0, 1, 1, 1, NULL, NULL, NULL, '', NULL, NULL, NULL),
(265, 'KLASSE', NULL, '', '', 0, 1, 1, 1, NULL, NULL, NULL, '', NULL, NULL, NULL),
(266, 'KLASSE', NULL, '', '', 0, 1, 1, 1, NULL, NULL, NULL, '', NULL, NULL, NULL),
(267, 'KLASSE', NULL, '', '', 0, 1, 1, 1, NULL, NULL, NULL, '', NULL, NULL, NULL),
(268, 'KLASSE', NULL, '', '', 0, 1, 1, 1, NULL, NULL, NULL, '', NULL, NULL, NULL),
(269, 'KLASSE', NULL, '', '', 0, 1, 1, 1, NULL, NULL, NULL, '', NULL, NULL, NULL),
(270, 'KLASSE', NULL, '', '', 0, 1, 1, 1, NULL, NULL, NULL, '-', NULL, NULL, NULL),
(271, 'KLASSE', NULL, '', '', 0, 1, 1, 1, NULL, NULL, NULL, '-', NULL, NULL, NULL),
(272, 'KLASSE', NULL, '', '', 0, 1, 1, 1, NULL, NULL, NULL, '', NULL, NULL, NULL),
(273, 'KLASSE', NULL, '', '', 0, 1, 1, 1, NULL, NULL, NULL, '', NULL, NULL, NULL),
(274, 'N°56 02,670''', 'E10°04,708''', '56.056386', '10.057265', 0, 1, 1, 1, NULL, NULL, NULL, 'Solbjerg/Stilling Sø', NULL, NULL, NULL),
(275, '', '', '55.567284', '11.887934', 0, 1, 1, 1, NULL, NULL, NULL, 'Bølle Sø', NULL, NULL, NULL),
(276, '', '', '55.675963', '12.476979', 0, 1, 1, 1, NULL, NULL, NULL, 'Damhussøen', NULL, NULL, NULL),
(277, '', '', '55.053433', '10.586365', 0, 1, 1, 1, NULL, NULL, NULL, 'Pouls Smeds Mose', NULL, NULL, NULL),
(278, '', '', '56.067655', '12.230712', 0, 1, 1, 1, NULL, NULL, NULL, 'Tornegårdsvej 4, Helsinge', NULL, NULL, NULL),
(279, '', '', '55.166487', '12.028273', 0, 1, 1, 1, NULL, NULL, NULL, 'Krobækken, Vordingborg', NULL, NULL, NULL),
(280, '', '', '55.753279', '12.534386', 0, 1, 1, 1, NULL, NULL, NULL, 'Gentofte Sø', NULL, NULL, NULL),
(281, '55° 40'' 31'''' N', '12° 28'' 40'''' E', '55.675963', '12.476979', 0, 1, 1, 1, NULL, NULL, NULL, 'Damhussøen', NULL, NULL, NULL),
(282, '', '', '55.119700', '12.038400', 0, 1, 1, 1, NULL, NULL, NULL, 'Tubæk, Præstø', NULL, NULL, NULL),
(283, '', '', '55.915879', '12.070652', 0, 1, 1, 1, NULL, NULL, NULL, 'Lille privat sø, Ølsted', NULL, NULL, NULL),
(284, '', '', '55.864545', '12.332922', 0, 1, 1, 1, NULL, NULL, NULL, 'Gymnasiesøen, Allerød', NULL, NULL, NULL),
(285, '', '', '55.863515', '12.363408', 0, 1, 1, 1, NULL, NULL, NULL, 'Allerød Sø', NULL, NULL, NULL),
(286, '', '', '55.629376', '12.052436', 0, 1, 1, 1, NULL, NULL, NULL, 'Hyrdehøj Skov sø', NULL, NULL, NULL),
(287, '', '', '55.122800', '12.113200', 0, 1, 1, 1, NULL, NULL, NULL, 'Bøndernes Egehoved', NULL, NULL, NULL),
(288, '', '', '56.044180', '12.095695', 0, 1, 1, 1, NULL, NULL, NULL, 'Horsekær, Tisvilde Hegn', NULL, NULL, NULL),
(289, '', '', '57.449989', '9.986183', 0, 1, 1, 1, NULL, NULL, NULL, 'Beiths Vænge, Hjørring', NULL, NULL, NULL),
(290, '', '', '57.449989', '9.986183', 0, 1, 1, 1, NULL, NULL, NULL, 'Beiths Vænge, Hjørring', NULL, NULL, NULL),
(291, '55° 48'' 56,0'''' N', '11° 42'' 48,2'''' E', '55.815556', '11.713389', 0, 1, 1, 1, NULL, NULL, NULL, 'Kong Øres Grav', NULL, NULL, NULL),
(292, '', '', '55.976322', '12.032284', 0, 1, 1, 1, NULL, NULL, NULL, 'Arresø Kanal ', NULL, NULL, NULL),
(293, '', '', '56.649662', '10.098656', 0, 1, 1, 1, NULL, NULL, NULL, 'Kildevæld nær Mordal, Mariager Fjord', NULL, NULL, NULL),
(294, '', '', '55.719915', '12.507533', 0, 1, 1, 1, NULL, NULL, NULL, 'Utterslev Mose', NULL, NULL, NULL),
(295, '55,8231 N', '12,3425 Ø', '55.822699', '12.343016', 0, 1, 1, 1, NULL, NULL, NULL, 'Farum Overdrev sø', NULL, NULL, NULL),
(296, '', '', '', '', 0, 1, 1, 1, NULL, NULL, NULL, 'Sorø', NULL, NULL, NULL),
(297, 'N°55 30'' 47''''', 'E12° 8'' 40''''', '55.51336', '12.136872', 0, 1, 1, 1, NULL, NULL, NULL, 'Skensved Å', NULL, NULL, NULL),
(298, '', '', '55.36971', '12.38791', 0, 1, 1, 1, NULL, NULL, NULL, 'Møllesø, Gjorslev', NULL, NULL, NULL),
(299, '', '', '56.029292', '9.922504', 0, 1, 1, 1, NULL, NULL, NULL, 'Lillesø, Skanderborg', NULL, NULL, NULL),
(300, '', '', '', '', 0, 1, 1, 1, NULL, NULL, NULL, '?', NULL, NULL, NULL),
(301, '', '', '55.738', '12.381', 0, 1, 1, 1, NULL, NULL, NULL, '?', NULL, NULL, NULL),
(302, '', '', '55.862331', '12.334121', 0, 1, 1, 1, NULL, NULL, NULL, 'Allerød gymnasie regnvandsbassin', NULL, NULL, NULL),
(303, '', '', '55.862331', '12.334121', 0, 1, 1, 1, NULL, NULL, NULL, 'Allerød/lillerød', NULL, NULL, NULL),
(304, '', '', '55.462902', '12.161908', 0, 1, 1, 1, NULL, NULL, NULL, 'Åsen,Køge', NULL, NULL, NULL),
(305, '', '', '55.565137', '11.888165', 0, 1, 1, 1, NULL, NULL, NULL, 'Avnsø', NULL, NULL, NULL),
(306, '', '', '55.836593', '12.438289', 0, 1, 1, 1, NULL, NULL, NULL, 'Birkerød ', NULL, NULL, NULL),
(307, '', '', '55.83686', '12.42627', 0, 1, 1, 1, NULL, NULL, NULL, 'Birkerød Sø', NULL, NULL, NULL),
(308, '', '', '', '', 0, 1, 1, 1, NULL, NULL, NULL, 'Bølle Sø', NULL, NULL, NULL),
(309, '', '', '55.82671', '12.56391', 0, 1, 1, 1, NULL, NULL, NULL, 'Bøllemosen, Skodsborg', NULL, NULL, NULL),
(310, '', '', '55.56720', '11.88787', 0, 1, 1, 1, NULL, NULL, NULL, 'Bøllesø, Særløse overdrev, Hvalsø', NULL, NULL, NULL),
(311, '55.736692', '12.383048', '55.73669', '12.38305', 0, 1, 1, 1, NULL, NULL, NULL, 'Borupgaard Gymnasium, lille sø', NULL, NULL, NULL),
(312, '55° 32'' 45'''' N', '11° 15'' 35'''' E', '', '', 0, 1, 1, 1, NULL, NULL, NULL, 'Bøstrup Å', NULL, NULL, NULL),
(313, '55.772044', '12.299616', '55.77204', '12.29962', 0, 1, 1, 1, NULL, NULL, NULL, 'Bringe Mose, Flyvestation Værløse', NULL, NULL, NULL),
(314, '', '', '56.423092', '9.447617', 0, 1, 1, 1, NULL, NULL, NULL, 'Bruunshåb Mølleå', NULL, NULL, NULL),
(315, '56 1'' 27'''' N', '12 35'' 19'''' Ø', '56.024561', '12.588776', 0, 1, 1, 1, NULL, NULL, NULL, 'Dam v Helsingør Elforsyning', NULL, NULL, NULL),
(316, '55 40'' 35'''' ', '12 28'' 52'''' Ø', '55.67639', '12.48111', 0, 1, 1, 1, NULL, NULL, NULL, 'Damhussøen', NULL, NULL, NULL),
(317, '', '', '55.67605', '12.47712', 0, 1, 1, 1, NULL, NULL, NULL, 'Damhussøen', NULL, NULL, NULL),
(318, '', '', '55.676375', '12.477293', 0, 1, 1, 1, NULL, NULL, NULL, 'Damhussøen', NULL, NULL, NULL),
(319, '', '', '55.6811', '12.4734', 0, 1, 1, 1, NULL, NULL, NULL, 'Damhussøen', NULL, NULL, NULL),
(320, '', '', '55.33328', '10.536707', 0, 1, 1, 1, NULL, NULL, NULL, 'Davinde sø', NULL, NULL, NULL),
(321, '55° 44'' 28'''' N', '12° 22'' 37'''' E', '55.7407', '12.376968', 0, 1, 1, 1, NULL, NULL, NULL, 'Digterparken, Ballerup', NULL, NULL, NULL),
(322, '55 50'' 12'''' N', '12 26'' 24'''' Ø', '55.83625', '12.44074', 0, 1, 1, 1, NULL, NULL, NULL, 'Dumpedalen vandhul', NULL, NULL, NULL),
(323, '', '', '55.835446', '12.441126', 0, 1, 1, 1, NULL, NULL, NULL, 'Dumpedalen, Birkerød', NULL, NULL, NULL),
(324, '', '', '55.96176', '11.746361', 0, 1, 1, 1, NULL, NULL, NULL, 'Dybesø', NULL, NULL, NULL),
(325, '', '', '55.999164', '12.563958', 0, 1, 1, 1, NULL, NULL, NULL, 'Egebæksvang', NULL, NULL, NULL),
(326, '', '', '55.999209', '12.563916', 0, 1, 1, 1, NULL, NULL, NULL, 'Egebæksvang', NULL, NULL, NULL),
(327, '', '', '55.999192', '12.564043', 0, 1, 1, 1, NULL, NULL, NULL, 'Egebæksvang Sø', NULL, NULL, NULL),
(328, '', '', '55.703964', '12.418976', 0, 1, 1, 1, NULL, NULL, NULL, 'Ejby Mose', NULL, NULL, NULL),
(329, '55 27'' 25,4'''' N', '12 09'' 34,5'''' Ø', '55.45706', '12.15958', 0, 1, 1, 1, NULL, NULL, NULL, 'Ellesøen', NULL, NULL, NULL),
(330, '55 27 26N', '12 9 53E', '55.456115', '12.161793', 0, 1, 1, 1, NULL, NULL, NULL, 'Ellesøen, Gl.Køge Gård', NULL, NULL, NULL),
(331, '', '', '55.72176', '12.54861', 0, 1, 1, 1, NULL, NULL, NULL, 'Emdrup Sø', NULL, NULL, NULL),
(332, '55 40'' 28,9'''' N', '12 13'' 12,3'''' Ø', '55.67469', '12.52008', 0, 1, 1, 1, NULL, NULL, NULL, 'Frederiksberg Have', NULL, NULL, NULL),
(333, '', '', '55.972435', '12.019948', 0, 1, 1, 1, NULL, NULL, NULL, 'Frederiksværk', NULL, NULL, NULL),
(334, '', '', '55.972435', '12.019948', 0, 1, 1, 1, NULL, NULL, NULL, 'Frederiksværk', NULL, NULL, NULL),
(335, '', '', '55.773363', '12.56395', 0, 1, 1, 1, NULL, NULL, NULL, 'Fuglesangssø', NULL, NULL, NULL),
(336, '55° 46 N', '12° 33 E', '55.773351', '12.563295', 0, 1, 1, 1, NULL, NULL, NULL, 'Fuglesangssø', NULL, NULL, NULL),
(337, '', '', '55.79670', '12.41249', 0, 1, 1, 1, NULL, NULL, NULL, 'Furesø', NULL, NULL, NULL),
(338, '', '', '55.81564', '12.43367', 0, 1, 1, 1, NULL, NULL, NULL, 'Furesø, Birkerød roklub', NULL, NULL, NULL),
(339, '', '', '55.81867', '12.45037', 0, 1, 1, 1, NULL, NULL, NULL, 'Furesø, Dumpedalrendens udløb', NULL, NULL, NULL),
(340, '', '', '55.81515', '12.45860', 0, 1, 1, 1, NULL, NULL, NULL, 'Furesø, Holte roklub', NULL, NULL, NULL),
(341, '', '', '55.786403', '12.44353', 0, 1, 1, 1, NULL, NULL, NULL, 'Furesøen', NULL, NULL, NULL),
(342, '', '', '55.786403', '12.44353', 0, 1, 1, 1, NULL, NULL, NULL, 'Furesøen', NULL, NULL, NULL),
(343, '', '', '55.78644', '12.44319', 0, 1, 1, 1, NULL, NULL, NULL, 'Furesøen, Frederiksdal Fribad', NULL, NULL, NULL),
(344, '', '', '55.75249', '12.53455', 0, 1, 1, 1, NULL, NULL, NULL, 'Gentofte sø', NULL, NULL, NULL),
(345, '', '', '55.74635', '12.53626', 0, 1, 1, 1, NULL, NULL, NULL, 'Gentofte Sø', NULL, NULL, NULL),
(346, '55° 44'' 45'''' N', '12° 32'' 18'''' E', '55.745802', '12.537935', 0, 1, 1, 1, NULL, NULL, NULL, 'Gentofte Sø', NULL, NULL, NULL),
(347, '', '', '55.745446', '12.535712', 0, 1, 1, 1, NULL, NULL, NULL, 'Gentofte Sø', NULL, NULL, NULL),
(348, '', '', '55.745446', '12.535712', 0, 1, 1, 1, NULL, NULL, NULL, 'Gentofte Sø', NULL, NULL, NULL),
(349, '55° 44'' 42,67'''' N', '12° 32'' 9,26'''' E', '55.745186', '12.535906', 0, 1, 1, 1, NULL, NULL, NULL, 'Gentofte Sø', NULL, NULL, NULL),
(350, '', '', '55.745802', '12.537935', 0, 1, 1, 1, NULL, NULL, NULL, 'Gentofte Sø', NULL, NULL, NULL),
(351, '', '', '?', '?', 0, 1, 1, 1, NULL, NULL, NULL, 'Gentofte Sø', NULL, NULL, NULL),
(352, '', '', '55.748727', '12.536477', 0, 1, 1, 1, NULL, NULL, NULL, 'Gentofte Sø, ved badebro', NULL, NULL, NULL),
(353, '55 47'' 50,07'''' N', '11 33'' 1,7'''' Ø', '55.79724', '11.55047', 0, 1, 1, 1, NULL, NULL, NULL, 'Grevinge Sø', NULL, NULL, NULL),
(354, '', '', '55.7578', '8.9017', 0, 1, 1, 1, NULL, NULL, NULL, 'Grindsted Ådal', NULL, NULL, NULL),
(355, '55 8'' 8,96'''' N', '?', '55.75856', '8.88785', 0, 1, 1, 1, NULL, NULL, NULL, 'Grindsted Engsø', NULL, NULL, NULL),
(356, '', '', '55.756211', '8.918613', 0, 1, 1, 1, NULL, NULL, NULL, 'Grindsted Langsø', NULL, NULL, NULL),
(357, '55 39'' 07,2'''' N', '12 35'' 10,7'''' Ø', '55.65028', '12.58454', 0, 1, 1, 1, NULL, NULL, NULL, 'Grønjordssøen', NULL, NULL, NULL),
(358, '', '', '56.03272', '12.47050', 0, 1, 1, 1, NULL, NULL, NULL, 'Gurre Sø, Nordsjælland', NULL, NULL, NULL),
(359, '', '', '55.86430', '12.33291', 0, 1, 1, 1, NULL, NULL, NULL, 'Gymnasiesøen', NULL, NULL, NULL),
(360, '55 39'' 47'''' N', '12 15'' 57'''' Ø', '55.663056', '12.265833', 0, 1, 1, 1, NULL, NULL, NULL, 'Hakkemosen', NULL, NULL, NULL),
(361, '', '', '55.6626', '12.2613', 0, 1, 1, 1, NULL, NULL, NULL, 'Hakkemosen', NULL, NULL, NULL),
(362, '55° 38'' 94,7'''' N', '12° 12'' 45,0'''' E', '55.6625', '12.266386', 0, 1, 1, 1, NULL, NULL, NULL, 'Hakkemosen', NULL, NULL, NULL),
(363, '56° 1'' 06'''' N', '9°  22'' 46'''' E', '56.018333', '9.379444', 0, 1, 1, 1, NULL, NULL, NULL, 'Hampen sø', NULL, NULL, NULL),
(364, '', '', '55.653711', '12.483806', 0, 1, 1, 1, NULL, NULL, NULL, 'Harrestrup Å, v. Vigerslev Allé', NULL, NULL, NULL),
(365, '', '', '55.652684', '12.133659', 0, 1, 1, 1, NULL, NULL, NULL, 'Himmelev Bæk, opdæmmet sø ved RUC', NULL, NULL, NULL),
(366, '55 39'' 45,15'''' N', '12 7'' 8,49'''' Ø', '55.66290', '12.11892', 0, 1, 1, 1, NULL, NULL, NULL, 'Himmelev Grusgrav', NULL, NULL, NULL),
(367, '', '', '55.33027', '12.44494', 0, 1, 1, 1, NULL, NULL, NULL, 'Holtug Kridtbrud', NULL, NULL, NULL),
(368, '56°5'' 13,2"N', '12°27'' 11,2"E', '56.086788', '12.453722', 0, 1, 1, 1, NULL, NULL, NULL, 'Hornbæk sø', NULL, NULL, NULL),
(369, '', '', '55.872184', '12.362007', 0, 1, 1, 1, NULL, NULL, NULL, 'Hvidehusvej, Allerød', NULL, NULL, NULL),
(370, '55.6298659', '12.0528861', '55.62987', '12.05289', 0, 1, 1, 1, NULL, NULL, NULL, 'Hyrdehøjskov sø', NULL, NULL, NULL),
(371, '55° 36,518'' N', '012° 20.245'' E', '55.608633', '12.337417', 0, 1, 1, 1, NULL, NULL, NULL, 'Ishøj Søpark', NULL, NULL, NULL),
(372, 'N 55 32 49', 'E 12 12 39', '55.547402', '12.209716', 0, 1, 1, 1, NULL, NULL, NULL, 'Karlstrup Kalkgrav, Solrød', NULL, NULL, NULL),
(373, '', '', '55.6497954', '12.638346', 0, 1, 1, 1, NULL, NULL, NULL, 'Kastrupfortet', NULL, NULL, NULL),
(374, '', '', '55.6497954', '12.638346', 0, 1, 1, 1, NULL, NULL, NULL, 'Kastrupfortet', NULL, NULL, NULL),
(375, '56 38''59.8" N', '10 05''53.9" E', '56.649662', '10.098656', 0, 1, 1, 1, NULL, NULL, NULL, 'Kildevæld nær Mordal, Mariager Fjord', NULL, NULL, NULL),
(376, '56° 3'' 37'''' N', '12° 33'' 32'''' E', '56.060278', '12.558889', 0, 1, 1, 1, NULL, NULL, NULL, 'Kobberdammen, Hellebæk', NULL, NULL, NULL),
(377, '', '', '55.4579', '12.1638', 0, 1, 1, 1, NULL, NULL, NULL, 'Køge Å', NULL, NULL, NULL),
(378, '', '', '55.464246', '12.135726', 0, 1, 1, 1, NULL, NULL, NULL, 'Køge Ås', NULL, NULL, NULL),
(379, '55 59'' 17,4'''' N', '10 33''42,6'''' Ø', '55.98817', '10.56183', 0, 1, 1, 1, NULL, NULL, NULL, 'Kragemosen, Samsø nord', NULL, NULL, NULL),
(380, '', '', '55.166487', '12.028273', 0, 1, 1, 1, NULL, NULL, NULL, 'Krobæk', NULL, NULL, NULL),
(381, '55° 27'' 53,5'''' N', '11° 53'' 12,2'''' E', '55.464806', '11.886722', 0, 1, 1, 1, NULL, NULL, NULL, 'Kværkeby Mose, karpesø', NULL, NULL, NULL),
(382, '55° 27'' 52,6'''' N', '11° 53'' 20,3'''' E', '55.464611', '11.888972', 0, 1, 1, 1, NULL, NULL, NULL, 'Kværkeby Mose, store sø', NULL, NULL, NULL),
(383, '', '', '57.0124', '9.9156', 0, 1, 1, 1, NULL, NULL, NULL, 'Lille Fuglsø, Østerådal', NULL, NULL, NULL),
(384, 'X: 487245', 'Y: 6127983', '55.29810', '8.79911', 0, 1, 1, 1, NULL, NULL, NULL, 'Lustrup fællesjord 1', NULL, NULL, NULL),
(385, 'X: 487285', 'Y: 6127957', '55.29787', '8.79974', 0, 1, 1, 1, NULL, NULL, NULL, 'Lustrup fællesjord 2', NULL, NULL, NULL),
(386, 'X: 487181', 'Y: 6128077', '55.29894', '8.79810', 0, 1, 1, 1, NULL, NULL, NULL, 'Lustrup fællesjord 3', NULL, NULL, NULL),
(387, '55 46 34', '12 28 49', '55.776364', '12.480256', 0, 1, 1, 1, NULL, NULL, NULL, 'Lyngby sø', NULL, NULL, NULL),
(388, '', '', '55.633494', '11.69295', 0, 1, 1, 1, NULL, NULL, NULL, 'Maglesø', NULL, NULL, NULL),
(389, 'N 55 38'' 05''''', 'E 011 41'' 20''''', '55.633494', '11.69295', 0, 1, 1, 1, NULL, NULL, NULL, 'Maglesø', NULL, NULL, NULL),
(390, '55° 36,518'' N', '012° 20.245'' E', '55.608633', '12.337417', 0, 1, 1, 1, NULL, NULL, NULL, 'Måløv', NULL, NULL, NULL),
(391, '55° 30,069 N', '009° 29,466 E', '55.501854', '9.490803', 0, 1, 1, 1, NULL, NULL, NULL, 'Marielundssøen, Kolding', NULL, NULL, NULL),
(392, '', '', '55.660681', '12.262654', 0, 1, 1, 1, NULL, NULL, NULL, 'Mlm. Hakkemosemosevej og Lervangen', NULL, NULL, NULL),
(393, '', '', '57.039596', '9.859091', 0, 1, 1, 1, NULL, NULL, NULL, 'Mølholm Sø, Norholmsvej 55, Aalborg', NULL, NULL, NULL),
(394, '', '', '55.78322', '12.44381', 0, 1, 1, 1, NULL, NULL, NULL, 'Mølleåen ved Frederiksdal Friluftsbad', NULL, NULL, NULL),
(395, '55° 47'' 01.89'''' N', '12° 29'' 44.44'''' E', '55.783305', '12.495093', 0, 1, 1, 1, NULL, NULL, NULL, 'Mølleåen, v. Sorgenfri Slotspark', NULL, NULL, NULL),
(396, '54° 55'' 34'''' N', '11° 58'' 45'''' E', '54.843051', '11.979298', 0, 1, 1, 1, NULL, NULL, NULL, 'Møllesø v. Virket', NULL, NULL, NULL),
(397, '55° 23'' 27,1'''' N', '10° 22'' 55,8'''' E', '55.390861', '10.382167', 0, 1, 1, 1, NULL, NULL, NULL, 'Odense Å', NULL, NULL, NULL),
(398, '', '', '55.39246', '10.38176', 0, 1, 1, 1, NULL, NULL, NULL, 'Odense Å ved Stryget, Munke Mose', NULL, NULL, NULL),
(399, '', '', '54.982567', '11.513476', 0, 1, 1, 1, NULL, NULL, NULL, 'Østermosen, Femø', NULL, NULL, NULL),
(400, '', '', '55.68966', '12.58024', 0, 1, 1, 1, NULL, NULL, NULL, 'Østre Anlæg', NULL, NULL, NULL),
(401, '55 41'' 22'''' N', '12 34'' 48'''' Ø', '55.68944', '12.58000', 0, 1, 1, 1, NULL, NULL, NULL, 'Østre Anlæg', NULL, NULL, NULL),
(402, '55 41'' 21'''' N', '12 34'' 41'''' Ø', '55.68925', '12.57808', 0, 1, 1, 1, NULL, NULL, NULL, 'Østre Anlæg', NULL, NULL, NULL),
(403, '55 41'' 23'''' N', '12 34'' 49'''' Ø', '55.69018', '12.58038', 0, 1, 1, 1, NULL, NULL, NULL, 'Østre Anlæg', NULL, NULL, NULL),
(404, '55 41 25,41N', '12 34 49,34E', '55.690117', '12.580142', 0, 1, 1, 1, NULL, NULL, NULL, 'Østre Anlæg', NULL, NULL, NULL),
(405, '', '', '55.65426', '12.26370', 0, 1, 1, 1, NULL, NULL, NULL, 'Øtoftegårdsvej, Taastrup', NULL, NULL, NULL),
(406, '', '', '55.05354', '10.586344', 0, 1, 1, 1, NULL, NULL, NULL, 'Poul Smedes mose, Svendborg', NULL, NULL, NULL),
(407, '', '', '55.05354', '10.586344', 0, 1, 1, 1, NULL, NULL, NULL, 'Poul Smeds Mose', NULL, NULL, NULL),
(408, '', '', '55.80605', '12.55734', 0, 1, 1, 1, NULL, NULL, NULL, 'Raadvad Dam (Mølleåen)', NULL, NULL, NULL),
(409, '', '', '55.86262', '12.33423', 0, 1, 1, 1, NULL, NULL, NULL, 'Regnvandsbassinet', NULL, NULL, NULL),
(410, '55° 58'' 12,2'''' N', '12° 16'' 53,7'''' E', '55.970056', '12.281583', 0, 1, 1, 1, NULL, NULL, NULL, 'Rødedam, Gribskov', NULL, NULL, NULL),
(411, '', '', '55.859008', '12.325931', 0, 1, 1, 1, NULL, NULL, NULL, 'Rørmose, Allerød', NULL, NULL, NULL),
(412, '', '', '55.573738', '12.263745', 0, 1, 1, 1, NULL, NULL, NULL, 'Rørmosen, Karlslunde', NULL, NULL, NULL),
(413, '', '', '55.573738', '12.263745', 0, 1, 1, 1, NULL, NULL, NULL, 'Rørmosen, Karlslunde', NULL, NULL, NULL),
(414, '', '', '55.57379', '12.264122', 0, 1, 1, 1, NULL, NULL, NULL, 'Rørmosen, Karlslunde', NULL, NULL, NULL),
(415, '', '', '55.674535', '12.556086', 0, 1, 1, 1, NULL, NULL, NULL, 'Sankt Jørgens Sø', NULL, NULL, NULL),
(416, '', '', '55.674667', '12.520241', 0, 1, 1, 1, NULL, NULL, NULL, 'Schweizersøen', NULL, NULL, NULL),
(417, '', '', '55.642146', '12.205181', 0, 1, 1, 1, NULL, NULL, NULL, 'Sejlsbjerg Mose', NULL, NULL, NULL),
(418, '', '', '55.860684', '12.438017', 0, 1, 1, 1, NULL, NULL, NULL, 'Sjælsø ved skovhytten', NULL, NULL, NULL),
(419, '56.027807', '9.956996', '56.027807', '9.956996', 0, 1, 1, 1, NULL, NULL, NULL, 'Skanderborg Sø, Vestermølle', NULL, NULL, NULL),
(420, '', '', '55.5141', '12.1498', 0, 1, 1, 1, NULL, NULL, NULL, 'Skensved Å', NULL, NULL, NULL),
(421, '55° 00'' 49,96'''' N', '12° 00'' 29,65'''' E', '55.013878', '12.008236', 0, 1, 1, 1, NULL, NULL, NULL, 'Smørhullet, Kulsbjerg, Stensved', NULL, NULL, NULL),
(422, '56 01''05,3'''' N', '12 34'' 24,6'''' Ø', '56.018109', '12.573767', 0, 1, 1, 1, NULL, NULL, NULL, 'Sneglehøj sø', NULL, NULL, NULL),
(423, '', '', '55.701875', '12.5661284', 0, 1, 1, 1, NULL, NULL, NULL, 'Sø i Fælledparken', NULL, NULL, NULL),
(424, '', '', '55.581044', '12.288157', 0, 1, 1, 1, NULL, NULL, NULL, 'Sø v.Greve Gym', NULL, NULL, NULL),
(425, '', '', '55.71055', '11.68272', 0, 1, 1, 1, NULL, NULL, NULL, 'Sø v.Stenhus gym. Busstoppested', NULL, NULL, NULL),
(426, '', '', '55.456967', '12.160442', 0, 1, 1, 1, NULL, NULL, NULL, 'Søen v. Ringstedvej', NULL, NULL, NULL),
(427, 'N°56 02,670''', 'E10°04,708''', '56.056386', '10.057265', 0, 1, 1, 1, NULL, NULL, NULL, 'Solbjerg/Stilling Sø', NULL, NULL, NULL),
(428, '55 56'' 18,2'''' N', '11 44'' 20,8'''' Ø', '55.93847', '11.73901', 0, 1, 1, 1, NULL, NULL, NULL, 'Søndervang Vandhul', NULL, NULL, NULL),
(429, '', '', '55.87218', '12.36206', 0, 1, 1, 1, NULL, NULL, NULL, 'Søren Hvidehusvej, Allerød', NULL, NULL, NULL),
(430, '', '', '55.42826', '11.55270', 0, 1, 1, 1, NULL, NULL, NULL, 'Sorø Sø, bådbro ved Søro akedemi', NULL, NULL, NULL),
(431, '55° 59'' 79'''' N', '12° 18'' 03'''' E', '55.984843', '12.302713', 0, 1, 1, 1, NULL, NULL, NULL, 'Store Gribsø', NULL, NULL, NULL),
(432, '', '', '55.61643', '12.56141', 0, 1, 1, 1, NULL, NULL, NULL, 'Store Høj Søen', NULL, NULL, NULL),
(433, '', '', '55.665656', '12.015396', 0, 1, 1, 1, NULL, NULL, NULL, 'Store Kattinge sø, nær fugletårn ved Boserupvej', NULL, NULL, NULL),
(434, '55° 37'' 11,7'''' N', '12° 22'' 24,58'''' E', '55.619967', '12.373301', 0, 1, 1, 1, NULL, NULL, NULL, 'Store vejle Å', NULL, NULL, NULL),
(435, '', '', '55.717611', '12.586231', 0, 1, 1, 1, NULL, NULL, NULL, 'Svanemøllen Havn', NULL, NULL, NULL),
(436, '55° 55'' 25'''' N', '12° 18'' 50'''' E', '55.923611', '12.313889', 0, 1, 1, 1, NULL, NULL, NULL, 'Teglgårdssøen, Hillerød', NULL, NULL, NULL),
(437, '', '', '55.924331', '12.313577', 0, 1, 1, 1, NULL, NULL, NULL, 'Teglgårdssøen, Hillerød', NULL, NULL, NULL),
(438, '', '', '55.923737', '12.313915', 0, 1, 1, 1, NULL, NULL, NULL, 'Teglgårdssøen, Hillerød', NULL, NULL, NULL),
(439, '', '', '55.923737', '12.313915', 0, 1, 1, 1, NULL, NULL, NULL, 'Teglgårdssøen, Hillerød', NULL, NULL, NULL),
(440, '55 51'' 45.4'''' N', '12 20'' 03.6'''' Ø', '55.86251', '12.33421', 0, 1, 1, 1, NULL, NULL, NULL, 'Tingvej Sø', NULL, NULL, NULL),
(441, '', '', '55.568596', '11.399539', 0, 1, 1, 1, NULL, NULL, NULL, 'Tranemosen', NULL, NULL, NULL),
(442, 'N 55gr 58`43.7773 "  ', 'E 12gr1`50.7324"', '55.978549', '12.030759', 0, 1, 1, 1, NULL, NULL, NULL, 'Tranemosen, Frederiksværk', NULL, NULL, NULL),
(443, '56° 0'' 39'''' N', '9°  24'' 10'''' E', '56.010833', '9.402778', 0, 1, 1, 1, NULL, NULL, NULL, 'Troldsø', NULL, NULL, NULL),
(444, '', '', '56.07189', '12.210407', 0, 1, 1, 1, NULL, NULL, NULL, 'Uglebrovej 6, Helsinge', NULL, NULL, NULL),
(445, '55 43'' 4,824'''' N', '12 30'' 10,8817'''' Ø', '55.71780', '12.50389', 0, 1, 1, 1, NULL, NULL, NULL, 'Utterslev Mose', NULL, NULL, NULL),
(446, '', '', '55.712252', '12.487586', 0, 1, 1, 1, NULL, NULL, NULL, 'Utterslev Mose', NULL, NULL, NULL),
(447, '', '', '55.7196', '12.5196', 0, 1, 1, 1, NULL, NULL, NULL, 'Utterslev mose', NULL, NULL, NULL),
(448, '', '', '55.71819', '12.502814', 0, 1, 1, 1, NULL, NULL, NULL, 'Utterslev Mose', NULL, NULL, NULL),
(449, '55 53'' 36,35'''' N', '12 31'' 17,81'''' Ø', '55.89343', '12.52161', 0, 1, 1, 1, NULL, NULL, NULL, 'Vallerød Gadekær', NULL, NULL, NULL),
(450, '55° 53'' 33'''' N', '12° 31'' 26'''' E', '55.893826', '12.520884', 0, 1, 1, 1, NULL, NULL, NULL, 'Vallerød gadekær', NULL, NULL, NULL),
(451, '57 1'' 31.0'''' N', '8 33'' 22.6'''' Ø', '57.025031', '8.555563', 0, 1, 1, 1, NULL, NULL, NULL, 'Vandet Sø', NULL, NULL, NULL),
(452, '', '', '55.3464330', '12.2164240', 0, 1, 1, 1, NULL, NULL, NULL, 'Vandhul v Baunebovej 1, Hårlev', NULL, NULL, NULL),
(453, '55 49'' 23'''' N', '12 31'' 51'''' Ø', '55.823056', '12.530833', 0, 1, 1, 1, NULL, NULL, NULL, 'Vandhul v Kikhanerende ', NULL, NULL, NULL),
(454, '', '', '55.465925', '12.15686', 0, 1, 1, 1, NULL, NULL, NULL, 'Vandhul, Åsen, Køge', NULL, NULL, NULL),
(455, '55 42'' 19'''' N', '9 30'' 54'''' Ø', '55.705095', '9.515013', 0, 1, 1, 1, NULL, NULL, NULL, 'Vejle Å', NULL, NULL, NULL),
(456, '', '', '55.65981', '12.52876', 0, 1, 1, 1, NULL, NULL, NULL, 'Vestre Kirkegårdssø, Valby', NULL, NULL, NULL),
(457, '', '', '55.00730637', '11.912925', 0, 1, 1, 1, NULL, NULL, NULL, 'Vordingborg Voldgrav', NULL, NULL, NULL),
(458, '', '', '55.094738', '14.708301', 0, 1, 1, 1, NULL, NULL, NULL, 'Zahrtmannsvej Sø, Rønne, Bornholm', NULL, NULL, NULL),
(459, '', '', '55.856805', '12.33108', 0, 1, 1, 1, NULL, NULL, NULL, 'Allerød Søpark', NULL, NULL, NULL),
(460, '', '', '55.687438', '12.5747', 0, 1, 1, 1, NULL, NULL, NULL, 'Botanisk have dam', NULL, NULL, NULL),
(461, '', '', '55.686172', '12.574429', 0, 1, 1, 1, NULL, NULL, NULL, 'Botanisk have Sø', NULL, NULL, NULL);
INSERT INTO `lokalitet` (`lokalitet_id`, `X_GPS`, `Y_GPS`, `latitude`, `longitude`, `locked`, `showPolygon`, `showMarker`, `showPopup`, `geometryWkt`, `type`, `subtype`, `presentationString`, `skrivemaade`, `skrivemaade_officiel`, `skrivemaader_uofficiel`) VALUES
(462, '55 1'' 16'''' N', '10 36'' 35'''' Ø', '55.02118', '10.609961', 0, 1, 1, 1, NULL, NULL, NULL, 'Bregninge vandhul', NULL, NULL, NULL),
(463, 'Mail med plot', '', '54.957672', '12.450793', 0, 1, 1, 1, NULL, NULL, NULL, 'Nyhåndsbæk ved Busemarke mose og sø', NULL, NULL, NULL),
(464, 'N 55.19598', 'E 10.80539', '55.19598', '10.80539', 0, 1, 1, 1, NULL, NULL, NULL, 'Bøsøre strand feriepark', NULL, NULL, NULL),
(465, '', '', '55.677524', '12.48535', 0, 1, 1, 1, NULL, NULL, NULL, 'Damhussøen', NULL, NULL, NULL),
(466, '55 16'' 42'''' N', '14 45'' 34'''' Ø', '55.283087', '14.765646', 0, 1, 1, 1, NULL, NULL, NULL, 'Hammersøen, Bornholm', NULL, NULL, NULL),
(467, '55 36 47,79 N', '11 56 31,49 E', '55.613275', '11.942081', 0, 1, 1, 1, NULL, NULL, NULL, 'Herthadalen', NULL, NULL, NULL),
(468, 'N 55.18937', 'E 10.78450', '55.18937', '10.7845', 0, 1, 1, 1, NULL, NULL, NULL, 'Højsagersred, Bøsøre', NULL, NULL, NULL),
(469, 'Mail med plot', '', '54.955238', '12.475705', 0, 1, 1, 1, NULL, NULL, NULL, 'Mikkels forældres havebassin, Klintholm, Møn ', NULL, NULL, NULL),
(470, 'N 55.22429', 'E 10.76089', '55.22429', '10.76089', 0, 1, 1, 1, NULL, NULL, NULL, 'Kongshøj Møllesø, (Kongshøj Å)', NULL, NULL, NULL),
(471, '', '', '56.692677', '9.222035', 0, 1, 1, 1, NULL, NULL, NULL, 'Lovns sø', NULL, NULL, NULL),
(472, '55 7'' 4'''' N', '14 53'' 47'''' Ø', '55.117778', '14.896389', 0, 1, 1, 1, NULL, NULL, NULL, 'Pølsekedlen/Borgesøen', NULL, NULL, NULL),
(473, '', '', '55.67387', '12.525809', 0, 1, 1, 1, NULL, NULL, NULL, 'Ringsøen', NULL, NULL, NULL),
(474, '', '', '56.146482', '9.576516', 0, 1, 1, 1, NULL, NULL, NULL, 'Brassø', NULL, NULL, NULL),
(475, '', '', '56.014721', '9.885807', 0, 1, 1, 1, NULL, NULL, NULL, 'Skanderborg Sø', NULL, NULL, NULL),
(476, 'Mail med plot', '', '54.998444', '12.419422', 0, 1, 1, 1, NULL, NULL, NULL, 'Stauvrebjerg Sø, Møn', NULL, NULL, NULL),
(477, '55 44,792 N', '12 19,023 Ø', '55.746533', '12.317', 0, 1, 1, 1, NULL, NULL, NULL, 'Søndergårds Alle Sø', NULL, NULL, NULL),
(478, '', '', '55.901075', '11.995826', 0, 1, 1, 1, NULL, NULL, NULL, 'Grønnelyng Søer i Nordskoven', NULL, NULL, NULL),
(479, '55 N', '11 E', '55.33183', '11.617978', 0, 1, 1, 1, NULL, NULL, NULL, 'Tystrup sø', NULL, NULL, NULL),
(480, '55 43 20.6 N', '12 13 06.7 E', '55.713212', '12.49403', 0, 1, 1, 1, NULL, NULL, NULL, 'Utterslev mose', NULL, NULL, NULL),
(481, '', '', '56.596558', '9.212326', 0, 1, 1, 1, NULL, NULL, NULL, 'Ørslev Kloster Sø', NULL, NULL, NULL),
(482, '', '', '55.123545', '14.902643', 0, 1, 1, 1, NULL, NULL, NULL, 'Åremyre', NULL, NULL, NULL),
(483, '', '', '55.582813', '10.599934', 0, 1, 1, 1, NULL, NULL, NULL, 'Uglebjerg, Langø, Fyn', NULL, NULL, NULL),
(484, '57 36'' 18'''' N', '10 14'' 13'''' Ø', '57.605', '10.236944', 0, 1, 1, 1, NULL, NULL, NULL, 'Tværsted Sø', NULL, NULL, NULL),
(485, '', '', '55.633667', '11.689361', 0, 1, 1, 1, NULL, NULL, NULL, 'Maglesø', NULL, NULL, NULL),
(486, '', '', '55.627472', '11.667722', 0, 1, 1, 1, NULL, NULL, NULL, 'Sofieholm sø, Brorfelde', NULL, NULL, NULL),
(487, '', '', '55.624167', '11.666139', 0, 1, 1, 1, NULL, NULL, NULL, 'Vandhul ved Observator Gyldenkernes Vej, Brorfelde', NULL, NULL, NULL),
(488, '55.745477', '12.538752', '55.745477', '12.538752', 0, 1, 1, 1, NULL, NULL, NULL, 'Gentofte Sø', NULL, NULL, NULL),
(489, '55.76204', '12.41601', '55.76204', '12.41601', 0, 1, 1, 1, NULL, NULL, NULL, 'Store Hareskov', NULL, NULL, NULL),
(490, '55.76198', '12.418123', '55.76198', '12.418123', 0, 1, 1, 1, NULL, NULL, NULL, 'Store Hareskov', NULL, NULL, NULL),
(491, '55.754548', '12.404541', '55.754548', '12.404541', 0, 1, 1, 1, NULL, NULL, NULL, 'Vesterled Sø', NULL, NULL, NULL),
(492, '', '', '56.181244', '9.344994', 0, 1, 1, 1, NULL, NULL, NULL, 'Bølling Sø', NULL, NULL, NULL),
(493, '', '', '56.063894', '9.646122', 0, 1, 1, 1, NULL, NULL, NULL, 'Salten Langsø', NULL, NULL, NULL),
(494, '', '', '56.013358', '9.453867', 0, 1, 1, 1, NULL, NULL, NULL, 'Kalgård Sø', NULL, NULL, NULL),
(495, '', '', '56.157172', '9.526653', 0, 1, 1, 1, NULL, NULL, NULL, 'Ørnsø', NULL, NULL, NULL),
(496, '55 25'' 43'''' N', '11 33'' 37,4'''' E', '55.428611', '11.560389', 0, 1, 1, 1, NULL, NULL, NULL, 'Sorø Sø', NULL, NULL, NULL),
(497, '55 25'' 43'''' N', '11 33'' 37,4'''' E', '55.428611', '11.560389', 0, 1, 1, 1, NULL, NULL, NULL, 'Sorø Sø', NULL, NULL, NULL),
(498, '55 25'' 43'''' N', '11 33'' 37,4'''' E', '55.428611', '11.560389', 0, 1, 1, 1, NULL, NULL, NULL, 'Sorø Sø', NULL, NULL, NULL),
(499, '55 25'' 43'''' N', '11 33'' 37,4'''' E', '55.428611', '11.560389', 0, 1, 1, 1, NULL, NULL, NULL, 'Sorø Sø', NULL, NULL, NULL),
(500, '55 22'' 34,5'''' N', '33 32'' 24,5'''' E', '55.37625', '11.540139', 0, 1, 1, 1, NULL, NULL, NULL, 'Kongskilde Møllesø/Skælskør sø', NULL, NULL, NULL),
(501, '55 22'' 34,5'''' N', '33 32'' 24,5'''' E', '55.37625', '11.540139', 0, 1, 1, 1, NULL, NULL, NULL, 'Kongskilde Møllesø/Skælskør sø', NULL, NULL, NULL),
(502, '55 22'' 34,5'''' N', '33 32'' 24,5'''' E', '55.37625', '11.540139', 0, 1, 1, 1, NULL, NULL, NULL, 'Kongskilde Møllesø/Skælskør sø', NULL, NULL, NULL),
(503, '55 22'' 34,5'''' N', '33 32'' 24,5'''' E', '55.37625', '11.540139', 0, 1, 1, 1, NULL, NULL, NULL, 'Kongskilde Møllesø/Skælskør sø', NULL, NULL, NULL),
(504, '55 21'' 45,2'''' N', '11 34'' 08,2'''' E', '55.362556', '11.568944', 0, 1, 1, 1, NULL, NULL, NULL, 'Tystrup Sø', NULL, NULL, NULL),
(505, '55 21'' 45,2'''' N', '11 34'' 08,2'''' E', '55.362556', '11.568944', 0, 1, 1, 1, NULL, NULL, NULL, 'Tystrup Sø', NULL, NULL, NULL),
(506, '55 21'' 45,2'''' N', '11 34'' 08,2'''' E', '55.362556', '11.568944', 0, 1, 1, 1, NULL, NULL, NULL, 'Tystrup Sø', NULL, NULL, NULL),
(507, '55 21'' 45,2'''' N', '11 34'' 08,2'''' E', '55.362556', '11.568944', 0, 1, 1, 1, NULL, NULL, NULL, 'Tystrup Sø', NULL, NULL, NULL),
(508, '55 17'' 59,4'''' N', '11 59'' 31,3'''' E', '55.299833', '11.992028', 0, 1, 1, 1, NULL, NULL, NULL, 'Søtorup Sø', NULL, NULL, NULL),
(509, '55 17'' 59,4'''' N', '11 59'' 31,3'''' E', '55.299833', '11.992028', 0, 1, 1, 1, NULL, NULL, NULL, 'Søtorup Sø', NULL, NULL, NULL),
(510, '55 17'' 59,4'''' N', '11 59'' 31,3'''' E', '55.299833', '11.992028', 0, 1, 1, 1, NULL, NULL, NULL, 'Søtorup Sø', NULL, NULL, NULL),
(511, '55 17'' 59,4'''' N', '11 59'' 31,3'''' E', '55.299833', '11.992028', 0, 1, 1, 1, NULL, NULL, NULL, 'Søtorup Sø', NULL, NULL, NULL),
(512, '55 17'' 45,6'''' N', '12 00'' 23,5'''' E', '55.296', '12.006528', 0, 1, 1, 1, NULL, NULL, NULL, 'Ulse Sø', NULL, NULL, NULL),
(513, '55 17'' 45,6'''' N', '12 00'' 23,5'''' E', '55.296', '12.006528', 0, 1, 1, 1, NULL, NULL, NULL, 'Ulse Sø', NULL, NULL, NULL),
(514, '55 17'' 45,6'''' N', '12 00'' 23,5'''' E', '55.296', '12.006528', 0, 1, 1, 1, NULL, NULL, NULL, 'Ulse Sø', NULL, NULL, NULL),
(515, '55 17'' 45,6'''' N', '12 00'' 23,5'''' E', '55.296', '12.006528', 0, 1, 1, 1, NULL, NULL, NULL, 'Ulse Sø', NULL, NULL, NULL),
(516, '55 18'' 18,7'''' N', '12 00'' 03,6'''' E', '55.305194', '12.001', 0, 1, 1, 1, NULL, NULL, NULL, 'Ejlemade Sø', NULL, NULL, NULL),
(517, '55 18'' 18,7'''' N', '12 00'' 03,6'''' E', '55.305194', '12.001', 0, 1, 1, 1, NULL, NULL, NULL, 'Ejlemade Sø', NULL, NULL, NULL),
(518, '55 18'' 18,7'''' N', '12 00'' 03,6'''' E', '55.305194', '12.001', 0, 1, 1, 1, NULL, NULL, NULL, 'Ejlemade Sø', NULL, NULL, NULL),
(519, '55 18'' 18,7'''' N', '12 00'' 03,6'''' E', '55.305194', '12.001', 0, 1, 1, 1, NULL, NULL, NULL, 'Ejlemade Sø', NULL, NULL, NULL),
(520, '55 52'' 17'''' N', '12 28'' 10'''' E', '55.871389', '12.469444', 0, 1, 1, 1, NULL, NULL, NULL, 'Sjælsø', NULL, NULL, NULL),
(521, '55 52'' 17'''' N', '12 28'' 10'''' E', '55.871389', '12.469444', 0, 1, 1, 1, NULL, NULL, NULL, 'Sjælsø', NULL, NULL, NULL),
(522, '55 52'' 17'''' N', '12 28'' 10'''' E', '55.871389', '12.469444', 0, 1, 1, 1, NULL, NULL, NULL, 'Sjælsø', NULL, NULL, NULL),
(523, '55 52'' 17'''' N', '12 28'' 10'''' E', '55.871389', '12.469444', 0, 1, 1, 1, NULL, NULL, NULL, 'Sjælsø', NULL, NULL, NULL),
(524, '55 51'' 37'''' N', '12 28'' 43'''' E', '55.860278', '12.478611', 0, 1, 1, 1, NULL, NULL, NULL, 'Lillesøvej 1', NULL, NULL, NULL),
(525, '55 51'' 37'''' N', '12 28'' 43'''' E', '55.860278', '12.478611', 0, 1, 1, 1, NULL, NULL, NULL, 'Lillesøvej 1', NULL, NULL, NULL),
(526, '55 49'' 26'''' N', '12 28'' 04'''' E', '55.823177', '12.467068', 0, 1, 1, 1, NULL, NULL, NULL, 'Rude Sø', NULL, NULL, NULL),
(527, '55 49'' 26'''' N', '12 28'' 04'''' E', '55.823177', '12.467068', 0, 1, 1, 1, NULL, NULL, NULL, 'Rude Sø', NULL, NULL, NULL),
(528, '55 49'' 26'''' N', '12 28'' 04'''' E', '55.823177', '12.467068', 0, 1, 1, 1, NULL, NULL, NULL, 'Rude Sø', NULL, NULL, NULL),
(529, '55 49'' 26'''' N', '12 28'' 04'''' E', '55.823177', '12.467068', 0, 1, 1, 1, NULL, NULL, NULL, 'Rude Sø', NULL, NULL, NULL),
(530, '55 48'' 31'''' N', '12 26'' 28'''' E', '55.808611', '12.441111', 0, 1, 1, 1, NULL, NULL, NULL, 'Furesø 1', NULL, NULL, NULL),
(531, '55 48'' 31'''' N', '12 26'' 28'''' E', '55.808611', '12.441111', 0, 1, 1, 1, NULL, NULL, NULL, 'Furesø 1', NULL, NULL, NULL),
(532, '55 48'' 31'''' N', '12 26'' 28'''' E', '55.808611', '12.441111', 0, 1, 1, 1, NULL, NULL, NULL, 'Furesø 1', NULL, NULL, NULL),
(533, '55 48'' 31'''' N', '12 26'' 28'''' E', '55.808611', '12.441111', 0, 1, 1, 1, NULL, NULL, NULL, 'Furesø 1', NULL, NULL, NULL),
(534, '55 47'' 08'''' N', '12 26'' 40'''' E', '55.785593', '12.444216', 0, 1, 1, 1, NULL, NULL, NULL, 'Furesø 2', NULL, NULL, NULL),
(535, '55 47'' 08'''' N', '12 26'' 40'''' E', '55.785593', '12.444216', 0, 1, 1, 1, NULL, NULL, NULL, 'Furesø 2', NULL, NULL, NULL),
(536, '55 47'' 08'''' N', '12 26'' 40'''' E', '55.785593', '12.444216', 0, 1, 1, 1, NULL, NULL, NULL, 'Furesø 2', NULL, NULL, NULL),
(537, '55 47'' 08'''' N', '12 26'' 40'''' E', '55.785593', '12.444216', 0, 1, 1, 1, NULL, NULL, NULL, 'Furesø 2', NULL, NULL, NULL),
(538, '55 46'' 21'''' N', '12 28'' 19'''' E', '55.7725', '12.471944', 0, 1, 1, 1, NULL, NULL, NULL, 'Bagsværd Sø', NULL, NULL, NULL),
(539, '55 46'' 21'''' N', '12 28'' 19'''' E', '55.7725', '12.471944', 0, 1, 1, 1, NULL, NULL, NULL, 'Bagsværd Sø', NULL, NULL, NULL),
(540, '55 46'' 21'''' N', '12 28'' 19'''' E', '55.7725', '12.471944', 0, 1, 1, 1, NULL, NULL, NULL, 'Bagsværd Sø', NULL, NULL, NULL),
(541, '55 46'' 21'''' N', '12 28'' 19'''' E', '55.7725', '12.471944', 0, 1, 1, 1, NULL, NULL, NULL, 'Bagsværd Sø', NULL, NULL, NULL),
(542, '55 46'' 18'''' N', '12 29'' 09'''' E', '55.771667', '12.485833', 0, 1, 1, 1, NULL, NULL, NULL, 'Lyngby Sø', NULL, NULL, NULL),
(543, '55 46'' 18'''' N', '12 29'' 09'''' E', '55.771667', '12.485833', 0, 1, 1, 1, NULL, NULL, NULL, 'Lyngby Sø', NULL, NULL, NULL),
(544, '55 46'' 18'''' N', '12 29'' 09'''' E', '55.771667', '12.485833', 0, 1, 1, 1, NULL, NULL, NULL, 'Lyngby Sø', NULL, NULL, NULL),
(545, '55 46'' 18'''' N', '12 29'' 09'''' E', '55.771667', '12.485833', 0, 1, 1, 1, NULL, NULL, NULL, 'Lyngby Sø', NULL, NULL, NULL),
(546, '55 51'' 36'''' N', '12 28'' 41'''' E', '55.860014', '12.47798', 0, 1, 1, 1, NULL, NULL, NULL, 'Lillesøvej 2', NULL, NULL, NULL),
(547, '55 51'' 36'''' N', '12 28'' 41'''' E', '55.860014', '12.47798', 0, 1, 1, 1, NULL, NULL, NULL, 'Lillesøvej 2', NULL, NULL, NULL),
(548, '55 45,350 N', '12 18,810 Ø', '55.755833', '12.3135', 0, 1, 1, 1, NULL, NULL, NULL, 'Paddesøen, Måløv Naturpark', NULL, NULL, NULL),
(549, '', '', '55.686948', '12.574228', 0, 1, 1, 1, NULL, NULL, NULL, 'Botanisk Have Sø', NULL, NULL, NULL),
(550, '55 44'' 60,6'''' N', '12 32'' 16,1'''' Ø', '55.743637', '12.535647', 0, 1, 1, 1, NULL, NULL, NULL, 'Gentofte sø', NULL, NULL, NULL),
(551, '55 45'' 14,3'''' N', '12 31'' 98,5'''' Ø', '55.752713', '12.533952', 0, 1, 1, 1, NULL, NULL, NULL, 'Gentofte sø', NULL, NULL, NULL),
(552, '55 48'' N', '12 18'' Ø', '55.818054', '12.270484', 0, 1, 1, 1, NULL, NULL, NULL, 'Bastrup sø', NULL, NULL, NULL),
(553, '55 46'' N', '12 23'' Ø', '55.774449', '12.358246', 0, 1, 1, 1, NULL, NULL, NULL, 'Sønder sø', NULL, NULL, NULL),
(554, '55 47'' N', '12 23,5'' Ø', '55.800799', '12.416182', 0, 1, 1, 1, NULL, NULL, NULL, 'Furesø', NULL, NULL, NULL),
(555, '', '', '55.699245', '12.504635', 0, 1, 1, 1, NULL, NULL, NULL, 'Degnemosen', NULL, NULL, NULL),
(556, '', '', '55.846725', '12.435603', 0, 1, 1, 1, NULL, NULL, NULL, 'Langedam', NULL, NULL, NULL),
(557, '', '', '54.768410', '11.507544', 0, 1, 1, 1, NULL, NULL, NULL, 'Søndersø, Maribo-søerne', NULL, NULL, NULL),
(558, '33U 618261N', '33U 334193E', '55.760543', '12.356615', 0, 1, 1, 1, NULL, NULL, NULL, 'Skallemose Sø, Måløv', NULL, NULL, NULL),
(559, '', '', '55.481247', '11.831602', 0, 1, 1, 1, NULL, NULL, NULL, 'Haraldsted sø', NULL, NULL, NULL),
(560, '55° 24'' 56,3'''' N', '9° 18'' 0,05'''' E', '55.415549', '9.301335', 0, 1, 1, 1, NULL, NULL, NULL, 'Kongeåen v.hovedvej 25', NULL, NULL, NULL),
(561, '54° 53'' 15'''' N', '11° 58'' 30'''' E', '54.887452', '11.975020', 0, 1, 1, 1, NULL, NULL, NULL, 'Sumpområde v. Barup sø, nordfalster', NULL, NULL, NULL),
(562, '54° 64'' 8'''' N', '11° 81'' 6'''' E', '54.648216', '11.816139', 0, 1, 1, 1, NULL, NULL, NULL, 'Vandhul ved Tågensegaard , Lolland', NULL, NULL, NULL),
(563, '', '', '55.725080', '12.183430', 0, 1, 1, 1, NULL, NULL, NULL, 'Gundsømagle sø', NULL, NULL, NULL),
(564, '', '', '55.806507', '12.367369', 0, 1, 1, 1, NULL, NULL, NULL, 'Farum sø', NULL, NULL, NULL),
(565, '55° 49'' 4'''' N', '12° 12'' 29'''' E', '55.812423', '12.209158', 0, 1, 1, 1, NULL, NULL, NULL, 'Guldbjerg Mose', NULL, NULL, NULL),
(566, '55° 49'' 10'''' N', '12° 13'' 55'''' E', '55.819444', '12.231944', 0, 1, 1, 1, NULL, NULL, NULL, 'Buresø', NULL, NULL, NULL),
(567, '54° 55'' 28,2'''' N', '09° 50'' 15,2'''' E', '54.924512', '9.837550', 0, 1, 1, 1, NULL, NULL, NULL, 'Vandhul Spang Vade', NULL, NULL, NULL),
(568, '', '', '55.946000', '12.496900', 0, 1, 1, 1, NULL, NULL, NULL, 'Myremosen, Nivå', NULL, NULL, NULL),
(569, '', '', '54.843264', '11.154781', 0, 1, 1, 1, NULL, NULL, NULL, 'Svingelsøen, Nakskov', NULL, NULL, NULL),
(570, '', '', '55.990747', '12.352883', 0, 1, 1, 1, NULL, NULL, NULL, 'Esrum Sø', NULL, NULL, NULL),
(571, '55.110421', '10.66466', '55.110391', '10.664543', 0, 1, 1, 1, NULL, NULL, NULL, 'Vejstrup Å, Svendborg', NULL, NULL, NULL),
(572, '', '', '56.057813', '12.206470', 0, 1, 1, 1, NULL, NULL, NULL, 'Vandhul, Helsinge', NULL, NULL, NULL),
(573, '', '', '56.058965', '12.207587', 0, 1, 1, 1, NULL, NULL, NULL, 'Drænå, Helsinge', NULL, NULL, NULL),
(574, '55° 19'' 47,27'''' N', '12° 11'' 25,13'''' E', '55.329797', '12.190314', 0, 1, 1, 1, NULL, NULL, NULL, 'Tryggevælde Å', NULL, NULL, NULL),
(575, '55° 59.861'' N', '012° 18.723'' E', '55.997709', '12.309499', 0, 1, 1, 1, NULL, NULL, NULL, 'Sandskredssøen, Gribskov', NULL, NULL, NULL),
(576, '56° 58'' 12,63'''' N', '08° 27'' 49,20'''' E', '56.970175', '8.463667', 0, 1, 1, 1, NULL, NULL, NULL, 'Tvorup Hul', NULL, NULL, NULL),
(577, '55 03.739', '008 49.688', '55.062317', '8.828133', 0, 1, 1, 1, NULL, NULL, NULL, 'Brede Å', NULL, NULL, NULL),
(578, '', '', '55.822499', '12.445054', 0, 1, 1, 1, NULL, NULL, NULL, 'Vaserne, øst', NULL, NULL, NULL),
(579, '', '', '55.820705', '12.442684', 0, 1, 1, 1, NULL, NULL, NULL, 'Vaserne, vest', NULL, NULL, NULL),
(580, '', '', '55.821188', '12.443057', 0, 1, 1, 1, NULL, NULL, NULL, 'Vaserne, rende', NULL, NULL, NULL),
(581, '54° 44'' 20,42'''' N', '11° 35'' 18,51'''' E', '54.739006', '11.588475', 0, 1, 1, 1, NULL, NULL, NULL, 'Hejrede Sø', NULL, NULL, NULL),
(582, '', '', '55.933578', '12.303786', 0, 1, 1, 1, NULL, NULL, NULL, 'Frederiksborg Slotssø', NULL, NULL, NULL),
(583, '54° 44'' 20,42'''' N', '11° 35'' 18,51'''' E', '54.739006', '11.588475', 0, 1, 1, 1, NULL, NULL, NULL, 'Hejrede Sø', NULL, NULL, NULL),
(584, '54° 44'' 20,42'''' N', '11° 35'' 18,51'''' E', '54.739006', '11.588475', 0, 1, 1, 1, NULL, NULL, NULL, 'Hejrede Sø', NULL, NULL, NULL),
(585, '', '', '57.125846', '13.072257', 0, 1, 1, 1, NULL, NULL, NULL, 'Fegen sø, Sverige', NULL, NULL, NULL),
(586, '56° 42'' 17,429'''' N', '11° 32'' 22,757'''' E', '56.704841', '11.539655', 0, 1, 1, 1, NULL, NULL, NULL, 'Anholt', NULL, NULL, NULL),
(587, '55° 59'' 49,35'''' N', '12° 21'' 31,03'''' E', '55.997042', '12.358619', 0, 1, 1, 1, NULL, NULL, NULL, 'Esrum Sø', NULL, NULL, NULL),
(588, '55° 59'' 10,90'''' N', '12° 17'' 59,14'''' E', '55.986361', '12.299761', 0, 1, 1, 1, NULL, NULL, NULL, 'Store Gribsø', NULL, NULL, NULL),
(589, '55° 34'' 58,2'''' N', '10° 35'' 59,6'''' E', '55.582833', '10.599889', 0, 1, 1, 1, NULL, NULL, NULL, 'Langø, Fyn', NULL, NULL, NULL),
(590, '', '', '55.639350', '11.359950', 0, 1, 1, 1, NULL, NULL, NULL, 'Møllevej, Jyderup', NULL, NULL, NULL),
(591, '55° 59'' 41,7'''' N', '11° 30'' 73,9'''' E', '55.593833', '11.306996', 0, 1, 1, 1, NULL, NULL, NULL, 'Halleby Å, udløb i Tissø', NULL, NULL, NULL),
(592, '', '', '55.575907', '12.558317', 0, 1, 1, 1, NULL, NULL, NULL, 'Hejresøen, Amager Fælled', NULL, NULL, NULL),
(593, '', '', '55.591459', '12.538586', 0, 1, 1, 1, NULL, NULL, NULL, 'Nihøje sø, Sydamager naturreservat', NULL, NULL, NULL),
(594, '', '', '55.784405', '12.441198', 0, 1, 1, 1, NULL, NULL, NULL, 'Furesøen', NULL, NULL, NULL),
(595, '', '', '55.784405', '12.441198', 0, 1, 1, 1, NULL, NULL, NULL, 'Furesøen', NULL, NULL, NULL),
(596, '', '', '55.689602', '12.580162', 0, 1, 1, 1, NULL, NULL, NULL, 'Østre Anlæg', NULL, NULL, NULL),
(597, '', '', '55.689602', '12.580162', 0, 1, 1, 1, NULL, NULL, NULL, 'Østre Anlæg', NULL, NULL, NULL),
(598, '', '', '55.689602', '12.580162', 0, 1, 1, 1, NULL, NULL, NULL, 'Østre Anlæg', NULL, NULL, NULL),
(599, '', '', '55.689602', '12.580162', 0, 1, 1, 1, NULL, NULL, NULL, 'Østre Anlæg', NULL, NULL, NULL),
(600, '', '', '55.689602', '12.580162', 0, 1, 1, 1, NULL, NULL, NULL, 'Østre Anlæg', NULL, NULL, NULL),
(601, '', '', '55.689602', '12.580162', 0, 1, 1, 1, NULL, NULL, NULL, 'Østre Anlæg', NULL, NULL, NULL),
(602, '', '', '55.689602', '12.580162', 0, 1, 1, 1, NULL, NULL, NULL, 'Østre Anlæg', NULL, NULL, NULL),
(603, '', '', '55.689602', '12.580162', 0, 1, 1, 1, NULL, NULL, NULL, 'Østre Anlæg', NULL, NULL, NULL),
(604, '', '', '55.689602', '12.580162', 0, 1, 1, 1, NULL, NULL, NULL, 'Østre Anlæg', NULL, NULL, NULL),
(605, '', '', '55.689602', '12.580162', 0, 1, 1, 1, NULL, NULL, NULL, 'Østre Anlæg', NULL, NULL, NULL),
(606, '', '', '55.689602', '12.580162', 0, 1, 1, 1, NULL, NULL, NULL, 'Østre Anlæg', NULL, NULL, NULL),
(607, '', '', '55.8332', '12.4915', 0, 1, 1, 1, NULL, NULL, NULL, 'Højbjerghus Søen', NULL, NULL, NULL),
(608, '', '', '55.821', '12.4803', 0, 1, 1, 1, NULL, NULL, NULL, 'Paradis Søen', NULL, NULL, NULL),
(611, NULL, NULL, '55.685255690177826', '12.572981195446564', 0, 1, 1, 1, '', '', '', 'BM', '', '', ''),
(612, NULL, NULL, '55.685255690177826', '12.572981195446564', 0, 1, 1, 1, '', '', '', 'Lok. for prøve dddd', '', '', ''),
(613, NULL, NULL, '55.685255690177826', '12.572981195446564', 0, 1, 1, 1, '', '', '', 'Lok. for prøve dgdgd', '', '', ''),
(614, NULL, NULL, '55.685255690177826', '12.572981195446564', 0, 1, 1, 1, '', '', '', 'Lok. for prøve ffff', '', '', ''),
(615, NULL, NULL, '55.685255690177826', '12.572981195446564', 0, 1, 1, 1, '', '', '', 'Lok. for prøve hjhjhjhj', '', '', ''),
(616, NULL, NULL, '55.685255690177826', '12.572981195446564', 0, 1, 1, 1, '', '', '', 'Lok. for prøve gfgfgfgf', '', '', ''),
(617, NULL, NULL, '55.685255690177826', '12.572981195446564', 0, 1, 1, 1, '', '', '', 'Lok. for prøve dfgdfg', '', '', ''),
(618, NULL, NULL, '55.685255690177826', '12.572981195446564', 0, 1, 1, 1, '', '', '', 'Lok. for prøve ewewe', '', '', ''),
(619, NULL, NULL, '55.685255690177826', '12.572981195446564', 0, 1, 1, 1, '', '', '', 'Lok. for prøve dfdfdf', '', '', ''),
(620, NULL, NULL, '55.685255690177826', '12.572981195446564', 0, 1, 1, 1, '', '', '', 'Lok. for prøve sdfsdfsf', '', '', ''),
(621, NULL, NULL, '55.685255690177826', '12.572981195446564', 0, 1, 1, 1, '', '', '', 'Lok. for prøve fsdfsdfsdf', '', '', ''),
(622, NULL, NULL, '55.685255690177826', '12.572981195446564', 0, 1, 1, 1, '', '', '', 'Lok. for prøve dfgdfgdfg', '', '', ''),
(623, NULL, NULL, '55.685255690177826', '12.572981195446564', 0, 1, 1, 1, '', '', '', 'Lok. for prøve fsdfsdfsdf', '', '', ''),
(624, NULL, NULL, '55.685255690177826', '12.572981195446564', 0, 1, 1, 1, '', '', '', 'Lok. for prøve 4tetet', '', '', ''),
(625, NULL, NULL, '55.685255690177826', '12.572981195446564', 0, 1, 1, 1, '', '', '', 'Lok. for prøve sfsdfsdfsdf', '', '', ''),
(626, NULL, NULL, '55.685255690177826', '12.572981195446564', 0, 1, 1, 1, '', '', '', 'Lok. for prøve fffff', '', '', ''),
(627, NULL, NULL, '55.685255690177826', '12.572981195446564', 0, 1, 1, 1, '', '', '', 'Lok. for prøve wwwwww', '', '', ''),
(628, NULL, NULL, '55.685255690177826', '12.572981195446564', 0, 1, 1, 1, '', '', '', 'Lok. for prøve ggggg', '', '', ''),
(629, NULL, NULL, '55.685255690177826', '12.572981195446564', 0, 1, 1, 1, '', '', '', 'Lok. for prøve sdfsdfsdf', '', '', ''),
(630, NULL, NULL, '55.685255690177826', '12.572981195446564', 0, 1, 1, 1, '', '', '', 'Lok. for prøve qwerty', '', '', ''),
(631, NULL, NULL, '55.685255690177826', '12.572981195446564', 0, 1, 1, 1, '', '', '', 'Lok. for prøve AAA', '', '', ''),
(632, NULL, NULL, '55.685255690177826', '12.572981195446564', 0, 1, 1, 1, '', '', '', 'Lok. for prøve bbbbbb', '', '', ''),
(633, NULL, NULL, '55.685255690177826', '12.572981195446564', 0, 1, 1, 1, '', '', '', 'Lok. for prøve dsfgdfgdfgdfg', '', '', ''),
(634, NULL, NULL, '55.685255690177826', '12.572981195446564', 0, 1, 1, 1, '', '', '', 'Lok. for prøve ddddd', '', '', '');

-- --------------------------------------------------------

--
-- Table structure for table `lokalitet_spot`
--

CREATE TABLE IF NOT EXISTS `lokalitet_spot` (
  `lokalitet_spot_id` int(11) NOT NULL AUTO_INCREMENT,
  `lokalitet_id` int(11) NOT NULL,
  `latitude` varchar(50) NOT NULL,
  `longitude` varchar(50) NOT NULL,
  `beskrivelse` varchar(255) DEFAULT NULL,
  PRIMARY KEY (`lokalitet_spot_id`)
) ENGINE=InnoDB DEFAULT CHARSET=utf8 AUTO_INCREMENT=1 ;

-- --------------------------------------------------------

--
-- Table structure for table `proeve`
--

CREATE TABLE IF NOT EXISTS `proeve` (
  `proeve_id` int(11) NOT NULL AUTO_INCREMENT,
  `proeve_nr` varchar(40) DEFAULT NULL,
  `lokalitet_id` mediumint(11) DEFAULT NULL,
  `indsamlingsdato` date DEFAULT NULL,
  `Analyseret` date DEFAULT NULL,
  `Indsamler` varchar(40) DEFAULT NULL,
  `Institutionsnavn` varchar(40) DEFAULT NULL,
  `Mailadresse` varchar(40) DEFAULT NULL,
  `ProeverModtaget` date DEFAULT NULL,
  `DatoForEkst` date DEFAULT NULL,
  `ElueretI` varchar(40) DEFAULT NULL,
  `ngUl` varchar(40) DEFAULT NULL,
  `AntalMl` int(11) DEFAULT NULL,
  `AntalKuverter` varchar(40) DEFAULT NULL,
  `dataset` varchar(20) DEFAULT NULL,
  `created_timestamp` timestamp NOT NULL DEFAULT CURRENT_TIMESTAMP,
  `created_userName` varchar(50) DEFAULT NULL,
  `locked_by` varchar(50) DEFAULT NULL,
  PRIMARY KEY (`proeve_id`)
) ENGINE=InnoDB  DEFAULT CHARSET=utf8 AUTO_INCREMENT=362 ;

--
-- Dumping data for table `proeve`
--

INSERT INTO `proeve` (`proeve_id`, `proeve_nr`, `lokalitet_id`, `indsamlingsdato`, `Analyseret`, `Indsamler`, `Institutionsnavn`, `Mailadresse`, `ProeverModtaget`, `DatoForEkst`, `ElueretI`, `ngUl`, `AntalMl`, `AntalKuverter`, `dataset`, `created_timestamp`, `created_userName`, `locked_by`) VALUES
(1, 'DL_F15_010_2', 274, '2016-04-03', '0000-00-00', 'Torben Hviid', 'Marselisborg Gymnasium', 'th@marselisborg-gym.dk', '2016-04-06', '0000-00-00', '125 µl EB', '11.6', NULL, '', 'Gymnasium', '2016-05-23 10:55:28', '{ Excel }', NULL),
(2, 'DL_F15_018_2', 275, '2015-05-07', '2016-04-26', 'Gorm Clausen', 'Roskilde Gymnasium', 'Gorm.Worsoe.Clausen@roskilde-gym.dk', '0000-00-00', '0000-00-00', '', '', NULL, '', 'Gymnasium', '2016-05-23 10:55:28', '{ Excel }', NULL),
(3, 'DL_GYM_001', 276, '2015-04-27', '0000-00-00', 'Liane Damsø', 'Rødovre Gymnasium', 'Liane.Damsoe@skolekom.dk', '2015-04-29', '2015-05-06', '125 µl EB', '11.6', NULL, '', 'Gymnasium', '2016-05-23 10:55:28', '{ Excel }', NULL),
(4, 'DL_GYM_002', 277, '2015-04-24', '0000-00-00', 'Mette Nielsen', 'Svendborg Gymnasium', '', '2015-04-29', '2015-05-06', '125 µl EB', '9.88', NULL, '', 'Gymnasium', '2016-05-23 10:55:28', '{ Excel }', NULL),
(5, 'DL_GYM_003', 278, '2015-05-15', '0000-00-00', '', 'Gribskov Gymnasium', '', '2015-05-20', '2015-09-28', '125 µl EB', '29.2', NULL, '', 'Gymnasium', '2016-05-23 10:55:28', '{ Excel }', NULL),
(6, 'DL_GYM_004', 279, '2015-05-21', '0000-00-00', 'Nils Skov Jørgensen', 'Vordingborg gymnasium', 'nj@vordingborg-gym.dk', '2015-05-22', '2015-09-28', '125 µl EB', '10.9', NULL, '', 'Gymnasium', '2016-05-23 10:55:28', '{ Excel }', NULL),
(7, 'DL_GYM_005', 280, '2015-05-27', '0000-00-00', '', 'Aurehøj Gymnasium', '', '2015-05-29', '2015-09-07', '125 µl EB', '3.3', NULL, '', 'Gymnasium', '2016-05-23 10:55:29', '{ Excel }', NULL),
(8, 'DL_GYM_006', 281, '2015-05-31', '0000-00-00', 'Ole C Pedersen', 'Helsingør Gymnasium', 'ole@cpedersen.dk', '2015-06-02', '2015-09-28', '125 µl EB', '0.67', NULL, '', 'Gymnasium', '2016-05-23 10:55:29', '{ Excel }', NULL),
(9, 'DL_GYM_007', 282, '2015-06-01', '2016-01-07', 'Brian Willum Petersen', 'Helsingør Gymnasium', 'brianwillum@gmail.com', '2015-06-09', '2015-09-07', '125 µl EB', '0.348', NULL, '', 'Gymnasium', '2016-05-23 10:55:29', '{ Excel }', NULL),
(10, 'DL_GYM_008', 283, '2015-06-07', '2016-03-15', 'Niels J Willumsen', 'Gribskov Gymnasium', 'njwillumsen@gmail.com', '2015-06-10', '2015-09-28', '125 µl EB', '14.9', NULL, '', 'Gymnasium', '2016-05-23 10:55:29', '{ Excel }', NULL),
(11, 'DL_GYM_009', 284, '2015-06-08', '0000-00-00', 'Vagn Rasmussen', 'Allerød Gymnasium', 'vra@mail.dk', '2015-06-10', '2015-10-05', '125 µl EB', '13.3', NULL, '', 'Gymnasium', '2016-05-23 10:55:29', '{ Excel }', NULL),
(12, 'DL_GYM_010', 285, '2015-06-08', '0000-00-00', 'Vagn Rasmussen', 'Allerød Gymnasium', 'vra@mail.dk', '2015-06-11', '2015-09-28', '125 µl EB', '16', NULL, '', 'Gymnasium', '2016-05-23 10:55:29', '{ Excel }', NULL),
(13, 'DL_GYM_011', 286, '2015-05-11', '0000-00-00', '', 'Roskilde katedralskole', '', '0000-00-00', '2015-09-17', '125 µl EB', '3.98', NULL, '', 'Gymnasium', '2016-05-23 10:55:30', '{ Excel }', NULL),
(14, 'DL_GYM_012', 287, '2015-06-12', '2016-01-06', 'Brian Willum Petersen', 'Statens Naturhistoriske Museum', 'brianwillum@gmail.com', '2015-06-16', '2015-09-07', '125 µl EB', '0.434', NULL, '', 'Gymnasium', '2016-05-23 10:55:30', '{ Excel }', NULL),
(15, 'DL_GYM_013', 288, '2015-05-30', '2016-01-19', '', 'Sankt Annæ Gymnasium', '', '0000-00-00', '2015-09-28', '125 µl EB', '9.24', NULL, '', 'Gymnasium', '2016-05-23 10:55:30', '{ Excel }', NULL),
(16, 'DL_GYM_014_1', 289, '2015-09-15', '0000-00-00', 'Sven Lange', 'HTX, EUC Hjørring', 'sla@eucnord.dk', '2015-09-18', '2015-10-05', '125 µl EB', '5.86', NULL, '', 'Gymnasium', '2016-05-23 10:55:30', '{ Excel }', NULL),
(17, 'DL_GYM_014_2', 290, '2015-09-15', '0000-00-00', 'Sven Lange', 'HTX, EUC Hjørring', 'sla@eucnord.dk', '2015-09-18', '2015-09-17', '125 µl EB', '4.06', NULL, '', 'Gymnasium', '2016-05-23 10:55:30', '{ Excel }', NULL),
(18, 'DL_GYM_015', 291, '2015-06-24', '0000-00-00', '', 'Odsherred Gymnasium', '', '0000-00-00', '2016-03-08', '125 µl EB', '18.2', NULL, '', 'Gymnasium', '2016-05-23 10:55:31', '{ Excel }', NULL),
(19, 'DL_GYM_016', 292, '2016-03-13', '0000-00-00', 'Naja Johansen', 'Frederiksværks Gymnasium', 'najse11@hotmail.com', '2016-03-16', '2016-03-16', '125 µl EB', '0.602', NULL, '', 'Gymnasium', '2016-05-23 10:55:31', '{ Excel }', NULL),
(20, 'DL_GYM_017', 293, '2016-03-20', '0000-00-00', 'Michael Warrer Larsen', 'VUC Århus', 'MW@vucaarhus.dk', '2016-03-29', '2016-04-05', '125 µl EB', '42.6', NULL, '', 'Gymnasium', '2016-05-23 10:55:31', '{ Excel }', NULL),
(21, 'DL_GYM_018', 294, '2016-03-15', '0000-00-00', 'Bo Kildeager', 'Gentofte HF', 'bk@ghg.dk', '2016-03-31', '2016-04-05', '125 µl EB', '8.24', NULL, '', 'Gymnasium', '2016-05-23 10:55:31', '{ Excel }', NULL),
(22, 'DL_GYM_019', 295, '2016-03-19', '2016-04-20', 'Ditte Elsborg', 'HTX Gatsro/science', 'del@hrs.dk', '2016-03-28', '2016-04-05', '125 µl EB', '16.6', NULL, '', 'Gymnasium', '2016-05-23 10:55:31', '{ Excel }', NULL),
(23, 'DL_GYM_020', 296, '2016-04-09', '2016-04-20', 'Caroline Ledertoug', 'Borupgaard STX', 'caro_kahn@hotmail.com', '0000-00-00', '2016-04-19', '', '', NULL, '', 'Gymnasium', '2016-05-23 10:55:31', '{ Excel }', NULL),
(24, 'DL_GYM_021', 297, '2016-04-27', '0000-00-00', 'Marie Bondesen', 'Køge Private Realskole og Gym', 'mariebondesen@gmail.com', '2016-04-29', '2016-05-02', '125 µl EB', '11.7', NULL, '', 'Gymnasium', '2016-05-23 10:55:31', '{ Excel }', NULL),
(25, 'DL_GYM_022', 298, '2016-04-29', '0000-00-00', 'Klaus Hermansen', 'Køge Gymnasium', 'Klaus.Hermansen@kggym.dk', '2016-05-03', '2016-05-10', '125 µl EB', '0.302', NULL, '', 'Gymnasium', '2016-05-23 10:55:31', '{ Excel }', NULL),
(26, 'DL_GYM_023', 299, '2016-04-29', '0000-00-00', 'Kristine Hovkjær Østergaard', 'Skanderborg Odder Center for uddannelse', 'khoe@soh.dk', '0000-00-00', '2016-05-10', '125 µl EB', '0.486', NULL, '', 'Gymnasium', '2016-05-23 10:55:31', '{ Excel }', NULL),
(27, 'DL_F13_031', 300, '2014-08-20', '2014-11-14', 'Heidi Nystrand', 'Grindsted Gymnasium & HF', 'hn@ggnet.dk', '2014-08-25', '0000-00-00', '', '', NULL, '', 'GymnasiumUV', '2016-05-23 10:55:32', '{ Excel }', NULL),
(28, 'DL_F15_034', 301, '2016-04-20', '2016-04-28', 'Jens Bøgeskov', 'Borupgaard Gymnasium', 'jb@boag.nu', '2016-04-26', '2016-05-02', '125 µl EB', '11.7', NULL, '', 'GymnasiumUV', '2016-05-23 10:55:32', '{ Excel }', NULL),
(29, 'DL_F14_85_1', 302, '2015-04-27', '2015-09-29', 'Louise Lund Bækgaard', 'Allerød Gymnasium', 'louise.lund.baekaard@gmail.com', '2015-04-29', '2015-05-06', '125 µl EB', '11.6', NULL, '', 'GymnasiumUV', '2016-05-23 10:55:32', '{ Excel }', NULL),
(30, 'DL_F14_85_2', 303, '2015-04-27', '2015-09-29', 'Louise Lund Bækgaard', 'Allerød Gymnasium', 'louise.lund.baekaard@gmail.com', '2015-04-29', '2015-05-06', '125 µl EB', '5.24', NULL, '', 'GymnasiumUV', '2016-05-23 10:55:32', '{ Excel }', NULL),
(31, 'DL_F13_043', 304, '2014-08-29', '2015-01-20', 'Kristian Poulsen', 'Køge Gymnasium', 'kgkp@kggym.dk', '2014-09-11', '0000-00-00', '', '', NULL, '', 'GymnasiumUV', '2016-05-23 10:55:32', '{ Excel }', NULL),
(32, 'DL_F15_018_1', 305, '2015-05-07', '2016-01-15', 'Karina Lærkedal Sørensen', 'Roskilde Gymnasium', 'rgks@roskilde-gym.dk', '0000-00-00', '0000-00-00', '125 µl EB', '13.6', NULL, '', 'GymnasiumUV', '2016-05-23 10:55:32', '{ Excel }', NULL),
(33, 'DL_F15_077', 306, '2016-04-20', '2016-05-10', 'Christina Høier Ricke', 'Birkerød Gymnasium - HF - IB & Kostskole', 'cr@birke-gym.dk', '2016-04-25', '2016-04-26', '125 µl EB', '2.9', NULL, '', 'GymnasiumUV', '2016-05-23 10:55:32', '{ Excel }', NULL),
(34, 'DL_F13_022', 307, '2014-08-20', '2014-10-30', 'Morten Eskildsen', 'Birkerød Gymnasium - HF - IB & Kostskole', 'me@birke-gym.dk', '2014-08-21', '0000-00-00', '', '', NULL, '', 'GymnasiumUV', '2016-05-23 10:55:32', '{ Excel }', NULL),
(35, 'DL_F15_054', 308, '2016-04-25', '2016-05-11', 'Rune Sjødahl', 'Roskilde Gymnasium', 'rgrs@roskilde-gym.dk', '2016-04-27', '2016-05-02', '125 µl EB', '10.4', NULL, '', 'GymnasiumUV', '2016-05-23 10:55:32', '{ Excel }', NULL),
(36, 'DL_F15_083', 309, '2016-05-03', '2016-05-13', 'Marie Brøndum', 'Rysensteen Gymnasium', 'br@rysensteen.dk', '2016-05-06', '2016-05-10', '125 µl EB', '0.958', NULL, '', 'GymnasiumUV', '2016-05-23 10:55:33', '{ Excel }', NULL),
(37, 'DL_F13_003', 310, '2014-08-28', '2014-10-07', 'Eva Fredtoft', 'Gefion Gymnasium', 'efr@gefion-gym.dk', '2014-09-02', '0000-00-00', '', '', NULL, '', 'GymnasiumUV', '2016-05-23 10:55:33', '{ Excel }', NULL),
(38, 'DL_F13_012', 311, '2014-06-25', '2014-10-21', 'Peter Sjøholm', 'Borupgaard Gymnasium', 'sj@boag.nu', '0000-00-00', '0000-00-00', '', '', NULL, '', 'GymnasiumUV', '2016-05-23 10:55:33', '{ Excel }', NULL),
(39, 'DL_F14_048_2', 312, '2015-04-15', '2015-04-30', 'Tine Tønnes Sørensen', 'Høng Gymnasium og HF', 'ts@hoeng-gymhf.dk', '2015-04-16', '2015-04-21', '125 µl EB', '16.8', NULL, '', 'GymnasiumUV', '2016-05-23 10:55:33', '{ Excel }', NULL),
(40, 'DL_F13_012', 313, '2014-06-25', '2014-10-21', 'Peter Sjøholm', 'Borupgaard Gymnasium', 'sj@boag.nu', '0000-00-00', '0000-00-00', '', '', NULL, '', 'GymnasiumUV', '2016-05-23 10:55:33', '{ Excel }', NULL),
(41, 'DL_F14_077', 314, '2015-06-01', '2015-09-08', 'Astrid Siegumfeldt', 'Viborg Gymnasium og HF', 'as@vghf.dk', '2015-06-04', '2015-06-24', '125 µl EB', '2.9', NULL, '', 'GymnasiumUV', '2016-05-23 10:55:33', '{ Excel }', NULL),
(42, 'DL_F14_013', 315, '2014-08-28', '2015-02-17', 'Stine Weber', 'Helsingør Gymnasium', 'sw@hels-gym.dk', '0000-00-00', '0000-00-00', '', '', NULL, '', 'GymnasiumUV', '2016-05-23 10:55:33', '{ Excel }', NULL),
(43, 'DL_aTest04', 316, '2014-08-14', '2014-09-24', 'Signe Markman', 'Falkonergårdens Gymnasium og HF-Kursus', 'sg@falko.dk', '2014-08-21', '2014-08-26', '2 x 50 µl EB', '', NULL, '', 'GymnasiumUV', '2016-05-23 10:55:33', '{ Excel }', NULL),
(44, 'DL_F13_051', 317, '0000-00-00', '2015-04-09', 'Liane Gerup Damsø', 'Rødovre Gymnasium', 'liane.damsoe@skolekom.dk', '2014-09-09', '0000-00-00', '', '', NULL, '', 'GymnasiumUV', '2016-05-23 10:55:33', '{ Excel }', NULL),
(45, 'DL_F14_086', 318, '2015-05-04', '2015-06-03', 'Liane Gerup Damsø', 'Rødovre Gymnasium', 'liane.damsoe@skolekom.dk', '2015-05-06', '2015-05-06', '125 µl EB', '6.04', NULL, '', 'GymnasiumUV', '2016-05-23 10:55:34', '{ Excel }', NULL),
(46, 'DL_F15_019', 319, '2015-09-16', '2015-10-08', 'Signe Markman og Morten Skaarup', 'Falkonergårdens Gymnasium og HF-Kursus', 'signemarkman@gmail.com', '2015-09-17', '2015-09-28', '125 µl EB', '15.3', NULL, '', 'GymnasiumUV', '2016-05-23 10:55:34', '{ Excel }', NULL),
(47, 'DL_F13_047', 320, '2014-08-19', '2015-01-15', 'Jesper Terp', 'Odense Katedralskole', 'jesper.terp.joergensen1@skolekom.dk', '2014-08-21', '0000-00-00', '', '', NULL, '', 'GymnasiumUV', '2016-05-23 10:55:34', '{ Excel }', NULL),
(48, 'DL_F14_075', 321, '0000-00-00', '2015-09-17', 'Jens Bøgeskov', 'Borupgaard Gymnasium', 'jb@boag.nu', '2015-05-05', '2015-05-06', '125 µl EB', '2.2', NULL, '', 'GymnasiumUV', '2016-05-23 10:55:34', '{ Excel }', NULL),
(49, 'DL_F13_025', 322, '0000-00-00', '2014-10-24', 'Christina Høier Ricke', 'Birkerød Gymnasium - HF - IB & Kostskole', 'cr@birke-gym.dk', '2014-08-21', '0000-00-00', '', '', NULL, '', 'GymnasiumUV', '2016-05-23 10:55:34', '{ Excel }', NULL),
(50, 'DL_F15_005', 323, '0000-00-00', '2015-11-19', 'Christina Høier Ricke & Jette Eibye-Jaco', 'Birkerød Gymnasium - HF - IB & Kostskole', 'ei@birke-gym.dk', '2015-09-04', '2015-09-17', '125 µl EB', '25.8', NULL, '', 'GymnasiumUV', '2016-05-23 10:55:34', '{ Excel }', NULL),
(51, 'DL_F14_088_2', 324, '2015-06-29', '2015-10-02', 'Bent Nielsen', 'Københavns VUC', 'bn@kvuc.dk', '0000-00-00', '2015-07-27', '125 µl EB', '15', NULL, '', 'GymnasiumUV', '2016-05-23 10:55:34', '{ Excel }', NULL),
(52, 'DL_F15_020_2', 325, '2015-10-25', '2015-11-10', 'Rikke Louise Rentsch', 'Espergærde Gymnasium og HF', 'RI@eg-gym.dk', '2015-10-20', '2015-11-05', '125 µl EB', '16', NULL, '', 'GymnasiumUV', '2016-05-23 10:55:34', '{ Excel }', NULL),
(53, 'DL_F15_020_1', 326, '2015-10-09', '2015-11-10', 'Rikke Louise Rentsch', 'Espergærde Gymnasium og HF', 'RI@eg-gym.dk', '2015-10-20', '2015-10-21', '125 µl EB', '7.8', NULL, '', 'GymnasiumUV', '2016-05-23 10:55:35', '{ Excel }', NULL),
(54, 'DL_F14_10', 327, '2014-08-27', '2015-02-03', 'Maria Steinhausen', 'Helsingør Gymnasium', 'st@hels-gym.dk', '0000-00-00', '0000-00-00', '', '', NULL, '', 'GymnasiumUV', '2016-05-23 10:55:35', '{ Excel }', NULL),
(55, 'DL_F14_088', 328, '2015-06-07', '2015-10-02', 'Bent Nielsen', 'Københavns VUC', 'bn@kvuc.dk', '2015-06-10', '2015-06-24', '125 µl EB', '10.9', NULL, '', 'GymnasiumUV', '2016-05-23 10:55:35', '{ Excel }', NULL),
(56, 'DL_F13_040', 329, '2014-08-13', '2014-11-18', 'Marie Eiland', 'Køge Gymnasium', 'kgme@kggym.dk', '2014-08-19', '0000-00-00', '', '', NULL, '', 'GymnasiumUV', '2016-05-23 10:55:35', '{ Excel }', NULL),
(57, 'DL_F15_059', 330, '2016-03-21', '2016-04-01', 'Pia Myler', 'Køge Gymnasium', 'kgpm@kggym.dk', '2016-03-29', '2016-03-30', '125 µl EB', '49', NULL, '', 'GymnasiumUV', '2016-05-23 10:55:35', '{ Excel }', NULL),
(58, 'DL_aTest05', 331, '2014-08-27', '2014-09-25', 'Signe Vie', 'Gammel Hellerup Gymnasium', 'sv@ghg.dk', '2014-09-01', '0000-00-00', '', '', NULL, '', 'GymnasiumUV', '2016-05-23 10:55:35', '{ Excel }', NULL),
(59, 'DL_F13_023', 332, '2014-09-02', '2014-11-25', 'Camilla Christensen', 'Frederiksberg Gymnasium', 'camch63@gmail.com', '2014-09-03', '0000-00-00', '', '', NULL, '', 'GymnasiumUV', '2016-05-23 10:55:35', '{ Excel }', NULL),
(60, 'DL_F15_031_1', 333, '2015-11-12', '2015-11-18', 'Naja Johansen', 'SRP-elever, Frederiksværk Gym', 'najse11@hotmail.com', '2015-11-16', '2015-11-16', '125 µl EB', '11.1', NULL, '', 'GymnasiumUV', '2016-05-23 10:55:36', '{ Excel }', NULL),
(61, 'DL_F14_013', 334, '2015-11-12', '2015-11-18', 'Tahira Shah', 'SRP-elever, Frederiksværk Gym', 'tahira.mshah@hotmail.com', '2015-11-16', '2015-11-16', '125 µl EB', '11.5', NULL, '', 'GymnasiumUV', '2016-05-23 10:55:36', '{ Excel }', NULL),
(62, 'DL_F14_064', 335, '2015-05-04', '2015-05-28', 'Karin Frykman', 'Ordrup Gymnasium', 'karinfrykman@gmail.com', '2015-05-08', '2015-05-12', '125 µl EB', '22.2', NULL, '', 'GymnasiumUV', '2016-05-23 10:55:36', '{ Excel }', NULL),
(63, 'DL_F14_102', 336, '2015-08-25', '2015-12-02', 'Karin Frykman', 'Ordrup Gymnasium', 'karinfrykman@gmail.com', '0000-00-00', '2015-10-21', '125 µl EB', '26', NULL, '', 'GymnasiumUV', '2016-05-23 10:55:36', '{ Excel }', NULL),
(64, 'DL_F13_052', 337, '2014-08-20', '2014-12-02', 'Magnus Groes', 'Virum Gymnasium', 'gr@virum-gym.dk', '2014-08-26', '0000-00-00', '', '', NULL, '', 'GymnasiumUV', '2016-05-23 10:55:36', '{ Excel }', NULL),
(65, 'DL_F13_019', 338, '2014-08-19', '2014-10-09', 'Birgitte Stokbro', 'Allerød Gymnasium', 'birgittestokbro@gmail.com', '2014-08-21', '0000-00-00', '', '', NULL, '', 'GymnasiumUV', '2016-05-23 10:55:36', '{ Excel }', NULL),
(66, 'DL_F13_019', 339, '2014-08-19', '2014-10-09', 'Birgitte Stokbro', 'Allerød Gymnasium', 'birgittestokbro@gmail.com', '2014-08-21', '0000-00-00', '', '', NULL, '', 'GymnasiumUV', '2016-05-23 10:55:36', '{ Excel }', NULL),
(67, 'DL_F13_019', 340, '2014-08-19', '2014-10-09', 'Birgitte Stokbro', 'Allerød Gymnasium', 'birgittestokbro@gmail.com', '2014-08-21', '0000-00-00', '', '', NULL, '', 'GymnasiumUV', '2016-05-23 10:55:36', '{ Excel }', NULL),
(68, 'DL_F14_086_2', 341, '2015-11-26', '2015-06-03', 'Liane Gerup Damsø', 'Rødovre Gymnasium', 'liane.damsoe@skolekom.dk', '2015-11-26', '2015-11-26', '125 µl EB', '33.2', NULL, '', 'GymnasiumUV', '2016-05-23 10:55:37', '{ Excel }', NULL),
(69, 'DL_F15_031_1', 342, '2015-11-12', '2015-11-18', 'Ditte Grevy', 'SRP-elever, Rødovre Gym', 'dittetg@hotmail.com', '2015-11-16', '2015-11-16', '125 µl EB', '11.1', NULL, '', 'GymnasiumUV', '2016-05-23 10:55:37', '{ Excel }', NULL),
(70, 'DL_F14_007', 343, '2014-08-28', '2015-01-08', 'Natacha Bjerre og Anne Christine', 'Gladsaxe Gymnasium', 'natachabjerre@gmail.com', '2014-09-03', '0000-00-00', '', '', NULL, '', 'GymnasiumUV', '2016-05-23 10:55:37', '{ Excel }', NULL),
(71, 'DL_aTest02', 344, '2014-08-27', '2014-09-19', 'Trine Iversen', 'Gammel Hellerup Gymnasium', 'ti@ghg.dk', '2014-09-01', '0000-00-00', '1', '1', 1, '', 'GymnasiumUV', '2016-05-23 10:55:37', '{ Excel }', NULL),
(72, 'DL_F13_011', 345, '2014-06-18', '2015-02-05', 'Jens Gerup Nielsen', 'Gentofte HF', 'jens.liane@mail.dk', '0000-00-00', '0000-00-00', '', '', NULL, '', 'GymnasiumUV', '2016-05-23 10:55:37', '{ Excel }', NULL),
(73, 'DL_F14_082', 346, '2015-05-19', '2015-08-26', 'Mie Marving', 'Gammel Hellerup Gymnasium', 'mi@ghg.dk', '2015-05-22', '2015-06-24', '125 µl EB', '0.844', NULL, '', 'GymnasiumUV', '2016-05-23 10:55:37', '{ Excel }', NULL),
(74, 'DL_F14_076_2', 347, '2015-05-11', '2015-09-03', 'Birgit Eliasson', 'Gefion Gymnasium', 'Bel@gefion-gym.dk', '2015-05-12', '2015-06-24', '125 µl EB', '4.06', NULL, '', 'GymnasiumUV', '2016-05-23 10:55:37', '{ Excel }', NULL),
(75, 'DL_F14_076_1', 348, '2015-05-11', '2015-09-03', 'Birgit Eliasson', 'Gefion Gymnasium', 'Bel@gefion-gym.dk', '2015-05-12', '2015-06-24', '125 µl EB', '3.22', NULL, '', 'GymnasiumUV', '2016-05-23 10:55:37', '{ Excel }', NULL),
(76, 'DL_F14_099', 349, '2015-08-27', '2015-09-16', 'Tobias Frykman', 'Gladsaxe Gymnasium', 'tobiasfrykman@gmail.com', '0000-00-00', '2015-09-07', '125 µl EB', '18.3', NULL, '', 'GymnasiumUV', '2016-05-23 10:55:38', '{ Excel }', NULL),
(77, 'DL_F14_103', 350, '2015-06-26', '2016-01-29', 'Jens Gerup Nielsen', 'Gentofte HF', 'jens.liane@mail.dk', '2015-07-01', '2015-09-17', '125 µl EB', '17.2', NULL, '', 'GymnasiumUV', '2016-05-23 10:55:38', '{ Excel }', NULL),
(78, 'DL_F15_011', 351, '2015-06-26', '2016-02-05', 'Helle Munk Jensen', 'Gentofte HF', 'hellemunk@gmail.com', '0000-00-00', '2015-12-10', '125 µl EB', '17', NULL, '', 'GymnasiumUV', '2016-05-23 10:55:38', '{ Excel }', NULL),
(79, 'DL_F15_094', 352, '2016-04-21', '2016-05-12', 'Stina Herskind', 'Aurehøj Gymnasium', 'sh@aurehoej.dk', '2016-04-29', '2016-05-02', '125 µl EB', '28.2', NULL, '', 'GymnasiumUV', '2016-05-23 10:55:38', '{ Excel }', NULL),
(80, 'DL_F14_008', 353, '2014-08-26', '2015-03-17', 'Klaus Karlsen', 'Odsherreds Gymnasium', 'Klaus.karlsen@skolekom.dk', '2014-08-27', '0000-00-00', '', '', NULL, '', 'GymnasiumUV', '2016-05-23 10:55:38', '{ Excel }', NULL),
(81, 'DL_F14_059', 354, '2015-05-04', '2015-12-16', 'Anja Lykke Hundebøll Nielsen', 'Grindsted Gymnasium & HF', 'ah@ggnet.dk', '2015-05-11', '2015-06-24', '125 µl EB', '5.54', NULL, '', 'GymnasiumUV', '2016-05-23 10:55:39', '{ Excel }', NULL),
(82, 'DL_F13_034', 355, '2014-08-26', '2014-12-04', 'Anja Lykke Hundebøll Nielsen', 'Grindsted Gymnasium & HF', 'ah@ggnet.dk', '2014-08-28', '0000-00-00', '', '', NULL, '', 'GymnasiumUV', '2016-05-23 10:55:39', '{ Excel }', NULL),
(83, 'DL_F13_034', 356, '2014-08-12', '2014-12-04', 'Heidi Nystrand', 'Grindsted Gymnasium & HF', 'hn@ggnet.dk', '2014-08-21', '0000-00-00', '', '', NULL, '', 'GymnasiumUV', '2016-05-23 10:55:39', '{ Excel }', NULL),
(84, 'DL_F13_048', 357, '2014-08-19', '2014-12-09', 'Mia Godiksen', 'Ørestad Gymnasium', 'mtg@oegnet.dk', '2014-08-21', '0000-00-00', '', '', NULL, '', 'GymnasiumUV', '2016-05-23 10:55:39', '{ Excel }', NULL),
(85, 'DL_F13_014', 358, '2014-08-13', '2014-10-22', 'Kirsten Hede', 'Espergærde Gymnasium og HF', 'he@eg-gym.dk', '2014-08-14', '0000-00-00', '', '', NULL, '', 'GymnasiumUV', '2016-05-23 10:55:39', '{ Excel }', NULL),
(86, 'DL_F13_005', 359, '2014-06-30', '2014-10-31', 'Vagn Rasmussen', 'Allerød Gymnasium', 'vra@mail.dk', '2014-07-03', '0000-00-00', '', '', NULL, '', 'GymnasiumUV', '2016-05-23 10:55:39', '{ Excel }', NULL),
(87, 'DL_F13_039', 360, '2014-08-18', '2015-01-14', 'Søren Vienberg', 'Høje-Taastrup Gymnasium', 'soeren_vienberg@yahoo.com', '2014-08-22', '0000-00-00', '', '', NULL, '', 'GymnasiumUV', '2016-05-23 10:55:39', '{ Excel }', NULL),
(88, 'DL_F14_081_2', 361, '2015-08-27', '2015-09-09', 'Gudrun Beyer Poulsen', 'Høje-Taastrup Gymnasium', 'tw@htgym.dk', '2015-09-04', '2015-09-07', '125 µl EB', '0.508', NULL, '', 'GymnasiumUV', '2016-05-23 10:55:39', '{ Excel }', NULL),
(89, 'DL_F14_089', 362, '2015-04-21', '2016-01-20', 'Christina Bramow & Søren Vienberg', 'Høje-Taastrup Gymnasium', 'cb@htgym.dk; Soeren_vienberg@yahoo.com', '2015-04-23', '2015-04-27', '125 µl EB', '23.8', NULL, '', 'GymnasiumUV', '2016-05-23 10:55:39', '{ Excel }', NULL),
(90, 'DL_F14_042', 363, '2015-04-10', '2015-04-24', 'Frank Grønlund Jørgensen', 'Tørring Gymnasium', 'fg@toerring-gym.dk', '2015-04-16', '2015-04-21', '125 µl EB', '28.6', NULL, '', 'GymnasiumUV', '2016-05-23 10:55:40', '{ Excel }', NULL),
(91, 'DL_F14_14_2', 364, '2015-04-21', '2015-04-29', 'Martin Mejlhede Jensen', 'Københavns Åbne Gymnasium', 'mt@kg.dk', '2015-04-24', '2015-04-27', '125 µl EB', '23.8', NULL, '', 'GymnasiumUV', '2016-05-23 10:55:40', '{ Excel }', NULL),
(92, 'DL_F15_048', 365, '2016-04-17', '2016-04-29', 'Christine Brænder Almstrup', 'Roskilde Gymnasium', 'rgch@roskilde-gym.dk', '2016-04-20', '2016-04-26', '125 µl EB', '24.6', NULL, '', 'GymnasiumUV', '2016-05-23 10:55:40', '{ Excel }', NULL),
(93, 'DL_F13_049', 366, '2014-08-27', '2014-11-26', 'Vibeke Almer', 'Himmelev Gymnasium', 'Vibekealmer@gmail.com', '2014-09-02', '0000-00-00', '', '', NULL, '', 'GymnasiumUV', '2016-05-23 10:55:40', '{ Excel }', NULL),
(94, 'DL_F15_093', 367, '2016-04-28', '2016-05-27', 'Klaus Hermansen', 'Køge Gymnasium', 'kgkl@kggym.dk', '2016-05-02', '2016-05-10', '125 µl EB', '12.8', NULL, '', 'GymnasiumUV', '2016-05-23 10:55:40', '{ Excel }', NULL),
(95, 'DL_F15_046', 368, '2016-03-29', '2016-04-06', 'Marianne Johansson', 'Nordsjællands Grundskole og Gymnasium', 'mjo@ngg.dk', '2016-04-05', '2016-04-05', '125 µl EB', '9.52', NULL, '', 'GymnasiumUV', '2016-05-23 10:55:40', '{ Excel }', NULL),
(96, 'DL_F14_091', 369, '2015-04-29', '2015-09-10', 'Vagn Rasmussen', 'Allerød Gymnasium', 'vra@mail.dk', '2015-05-05', '2015-05-06', '125 µl EB', '20.8', NULL, '', 'GymnasiumUV', '2016-05-23 10:55:40', '{ Excel }', NULL),
(97, 'DL_F13_007', 370, '2014-08-13', '2014-12-10', 'Mogens Ellebæk', 'Roskilde Katedralskole', 'Mogens.Ellebaek@rks-gym.dk', '2014-08-14', '0000-00-00', '', '', NULL, '', 'GymnasiumUV', '2016-05-23 10:55:41', '{ Excel }', NULL),
(98, 'DL_F13_017_1', 371, '2015-04-28', '2015-05-13', 'Hans Marker', 'Sankt Annæ Gymnasium', 'hm@sag.dk', '2015-04-29', '2015-05-06', '125 µl EB', '2.98', NULL, '', 'GymnasiumUV', '2016-05-23 10:55:41', '{ Excel }', NULL),
(99, 'DL_F15_051', 372, '2016-04-12', '2016-04-27', 'Bodil Theilade', 'Solrød Gymnasium', 'sgbth@solgym.dk', '0000-00-00', '0000-00-00', '125 µl EB', '9.2', NULL, '', 'GymnasiumUV', '2016-05-23 10:55:41', '{ Excel }', NULL),
(100, 'DL_F14_098_2', 373, '2015-10-07', '2015-11-11', 'Jette Feld', 'Christianshavns Gymnasium', 'jf@cg-gym.dk', '2015-10-09', '2015-10-21', '125 µl EB', '79.2', NULL, '', 'GymnasiumUV', '2016-05-23 10:55:41', '{ Excel }', NULL),
(101, 'DL_F14_098', 374, '2015-06-22', '2015-11-11', 'Jette Feld', 'Christianshavns Gymnasium', 'jf@cg-gym.dk', '0000-00-00', '2015-07-27', '125 µl EB', '24', NULL, '', 'GymnasiumUV', '2016-05-23 10:55:41', '{ Excel }', NULL),
(102, 'DL_GYM_017', 375, '2016-03-20', '2016-03-30', 'Michael Warrer Larsen', 'VUC Aarhus', 'MW@vucaarhus.dk', '2016-03-31', '0000-00-00', '', '', NULL, '', 'GymnasiumUV', '2016-05-23 10:55:41', '{ Excel }', NULL),
(103, 'DL_F14_087', 376, '2015-04-21', '2015-12-17', 'Thea Feld Nielsen og Stine Weber', 'Helsingør Gymnasium', 'tf@hels-gym.dk', '2015-04-27', '2015-04-27', '125 µl EB', '34.4', NULL, '', 'GymnasiumUV', '2016-05-23 10:55:41', '{ Excel }', NULL),
(104, 'DL_F14_048_1', 377, '2015-04-23', '2015-04-30', 'Marie Kvist Bondesen', 'Køge Private Realskole, Gymnasium', 'mariebondesen@gmail.com', '2015-04-23', '2015-04-27', '125 µl EB', '9.68', NULL, '', 'GymnasiumUV', '2016-05-23 10:55:41', '{ Excel }', NULL),
(105, 'DL_F15_013', 378, '2015-08-26', '2016-01-27', 'Christian Becher Clausen', 'Køge Gymnasium', 'kgcc@kggym.dk', '0000-00-00', '2016-01-18', '125 µl EB', '', NULL, '', 'GymnasiumUV', '2016-05-23 10:55:42', '{ Excel }', NULL),
(106, 'DL_F13_027', 379, '2014-08-22', '2014-11-12', 'Johannes Worm', 'Stenhus Gymnasium & HF', 'biosof@gmail.com', '2014-08-26', '0000-00-00', '', '', NULL, '', 'GymnasiumUV', '2016-05-23 10:55:42', '{ Excel }', NULL),
(107, 'DL_F14_051', 380, '2015-04-15', '2015-05-07', 'Nils Skov Jørgensen', 'Vordingborg Gymnasium & HF', 'nj@vordingborg-gym.dk', '2015-04-16', '2015-04-21', '125 µl EB', '4.5', NULL, '', 'GymnasiumUV', '2016-05-23 10:55:42', '{ Excel }', NULL),
(108, 'DL_F14_97_1', 381, '2015-05-27', '2015-09-11', 'Ingelise Drozd Lund', 'Tårnby Gymnasium & HF', 'il@tgy.dk', '2015-05-28', '2015-07-07', '125 µl EB', '4.06', NULL, '', 'GymnasiumUV', '2016-05-23 10:55:42', '{ Excel }', NULL),
(109, 'DL_F14_97_2', 382, '2015-05-27', '2015-09-11', 'Ingelise Drozd Lund', 'Tårnby Gymnasium & HF', 'il@tgy.dk', '2015-05-28', '2015-07-07', '125 µl EB', '6.16', NULL, '', 'GymnasiumUV', '2016-05-23 10:55:42', '{ Excel }', NULL),
(110, 'DL_F14_096', 383, '2015-05-19', '2016-01-21', 'Dorte Schartau Rasmussen', 'Nørresundby Gymnasium & HF', 'dra@nghf.dk', '2015-05-20', '2015-09-17', '125 µl EB', '17.1', NULL, '', 'GymnasiumUV', '2016-05-23 10:55:42', '{ Excel }', NULL),
(111, 'DL_F13_004', 384, '2014-06-30', '2014-10-08', 'Annemette Witt', 'Ribe Katedralskole', 'AM@ribekatedralskole.dk', '2014-07-03', '0000-00-00', '', '', NULL, '', 'GymnasiumUV', '2016-05-23 10:55:42', '{ Excel }', NULL),
(112, 'DL_F13_004', 385, '2014-06-30', '2014-10-08', 'Annemette Witt', 'Ribe Katedralskole', 'AM@ribekatedralskole.dk', '2014-07-03', '0000-00-00', '', '', NULL, '', 'GymnasiumUV', '2016-05-23 10:55:42', '{ Excel }', NULL),
(113, 'DL_F13_004', 386, '2014-06-30', '2014-10-08', 'Annemette Witt', 'Ribe Katedralskole', 'AM@ribekatedralskole.dk', '2014-07-03', '0000-00-00', '', '', NULL, '', 'GymnasiumUV', '2016-05-23 10:55:43', '{ Excel }', NULL),
(114, 'DL_F15_091', 387, '2016-04-12', '2016-04-21', 'Katrine Skjøth', 'Virum Gymnasium', 'ar@edu.virum-gym.dk', '0000-00-00', '0000-00-00', '125 µl EB', '6.54', NULL, '', 'GymnasiumUV', '2016-05-23 10:55:43', '{ Excel }', NULL),
(115, 'DL_F15_043_2', 388, '2016-03-13', '2016-03-30', 'Peter Jensen', 'Stenhus Gymnasium & HF', '911jensen@gmail.com', '2016-03-13', '2016-03-16', '125 µl EB', '7.24', NULL, '', 'GymnasiumUV', '2016-05-23 10:55:43', '{ Excel }', NULL),
(116, 'DL_F15_057', 389, '2016-05-01', '2016-05-18', 'Anfinn Joensen', 'Stenhus Gymnasium & HF', 'anfinn@gmail.com', '2016-05-03', '2016-05-10', '125 µl EB', '1.54', NULL, '', 'GymnasiumUV', '2016-05-23 10:55:43', '{ Excel }', NULL),
(117, 'DL_F13_017_2', 390, '2015-04-28', '2015-05-13', 'Hans Marker', 'Sankt Annæ Gymnasium', 'hm@sag.dk', '2015-04-29', '2015-05-06', '125 µl EB', '6.84', NULL, '', 'GymnasiumUV', '2016-05-23 10:55:43', '{ Excel }', NULL),
(118, 'DL_F15_004', 391, '2015-08-31', '2016-02-10', 'Merete Greniman', 'Munkensdam Gymnasium', 'mg@munkensdam.dk', '0000-00-00', '2015-12-10', '40 µl EB', '0.616', NULL, '', 'GymnasiumUV', '2016-05-23 10:55:43', '{ Excel }', NULL),
(119, 'DL_F13_046_2', 392, '2014-08-28', '2015-03-11', 'Thomas Warner', 'Høje-Taastrup Gymnasium', 'tw@htgym.dk', '2014-09-05', '0000-00-00', '', '', NULL, '', 'GymnasiumUV', '2016-05-23 10:55:43', '{ Excel }', NULL),
(120, 'DL_F14_065', 393, '2015-07-08', '2015-09-24', 'Tore Rubak', 'Hasseris Gymnasium', 'tr@hasseris-gym.dk', '2015-07-09', '2015-07-16', '125 µl EB', '6.04', NULL, '', 'GymnasiumUV', '2016-05-23 10:55:43', '{ Excel }', NULL),
(121, 'DL_F13_021', 394, '2014-08-13', '2015-01-13', 'Natacha Bjerre', 'Gladsaxe Gymnasium', 'natachabjerre@gmail.com', '2014-08-15', '0000-00-00', '', '', NULL, '', 'GymnasiumUV', '2016-05-23 10:55:43', '{ Excel }', NULL),
(122, 'DL_F15_017', 395, '2015-09-04', '2015-09-25', 'Tobias Frykman', 'Gladsaxe Gymnasium', 'tobiasfrykman@gmail.com', '2015-09-11', '2015-09-17', '125 µl EB', '62', NULL, '', 'GymnasiumUV', '2016-05-23 10:55:44', '{ Excel }', NULL),
(123, 'DL_F14_100', 396, '2015-06-20', '2015-09-22', 'Grete Christiansen', 'Nykøbing Katedralskole', 'gc@nykgym.dk', '2015-06-23', '2015-07-16', '125 µl EB', '14.9', NULL, '', 'GymnasiumUV', '2016-05-23 10:55:44', '{ Excel }', NULL),
(124, 'DL_F14_090', 397, '2015-08-10', '2015-09-18', 'Morten Jerris', 'FYNs HF-kursus', 'mrj@vucfyn.dk', '0000-00-00', '2015-08-25', '125 µl EB', '11.9', NULL, '', 'GymnasiumUV', '2016-05-23 10:55:44', '{ Excel }', NULL),
(125, 'DL_F13_036', 398, '2014-08-12', '2014-12-12', 'Mariann Rasmussen', 'FYNs HF-kursus', 'mrm@vucfyn.dk', '2014-08-14', '0000-00-00', '', '', NULL, '', 'GymnasiumUV', '2016-05-23 10:55:44', '{ Excel }', NULL),
(126, 'DL_F14_081_1', 399, '2015-07-18', '2015-09-09', 'Thomas Warner', 'Høje-Taastrup Gymnasium', 'tw@htgym.dk', '2015-07-23', '2015-08-17', '125 µl EB', '13.1', NULL, '', 'GymnasiumUV', '2016-05-23 10:55:44', '{ Excel }', NULL),
(127, 'DL_F13_008', 400, '2014-08-21', '2014-10-10', 'Nanna Danneskiold-Samsøe', 'Gefion Gymnasium', 'nds@gefion-gym.dk', '2014-08-22', '0000-00-00', '', '', NULL, '', 'GymnasiumUV', '2016-05-23 10:55:44', '{ Excel }', NULL),
(128, 'DL_F13_010', 401, '2014-08-21', '2014-10-29', 'Nanna Danneskiold-Samsøe', 'Gefion Gymnasium', 'nds@gefion-gym.dk', '2014-08-26', '0000-00-00', '', '', NULL, '', 'GymnasiumUV', '2016-05-23 10:55:44', '{ Excel }', NULL),
(129, 'DL_F13_013', 402, '2014-08-15', '2014-11-06', 'Linda Schneider', 'Gefion Gymnasium', 'lsc@gefion-gym.dk', '2014-08-21', '0000-00-00', '', '', NULL, '', 'GymnasiumUV', '2016-05-23 10:55:44', '{ Excel }', NULL),
(130, 'DL_F14_017', 403, '2014-08-29', '2014-12-18', 'Signe Engelsen', 'Gefion Gymnasium', 'sen@gefion-gym.dk', '2014-09-09', '0000-00-00', '', '', NULL, '', 'GymnasiumUV', '2016-05-23 10:55:44', '{ Excel }', NULL),
(131, 'DL_F15_039', 404, '2016-03-30', '2016-04-08', 'Christian Riisager-Pedersen', 'Ingrid Jespersens Gymnasieskole', 'riisager-pedersen@hotmail.com', '2016-03-30', '2016-03-30', '125 µl EB', '12.2', NULL, '', 'GymnasiumUV', '2016-05-23 10:55:44', '{ Excel }', NULL),
(132, 'DL_F13_046_1', 405, '2014-08-27', '2015-03-11', 'Thomas Warner', 'Høje-Taastrup Gymnasium', 'tw@htgym.dk', '2014-08-28', '0000-00-00', '', '', NULL, '', 'GymnasiumUV', '2016-05-23 10:55:45', '{ Excel }', NULL),
(133, 'DL_F13_033', 406, '2014-08-19', '2015-03-06', 'Mette Lise Gade Nielsen', 'Svendborg Gymnasium & HF', 'mn@svendborg-gym.dk', '2014-08-22', '0000-00-00', '', '', NULL, '', 'GymnasiumUV', '2016-05-23 10:55:45', '{ Excel }', NULL),
(134, 'DL_F14_106', 407, '2015-07-18', '2015-08-25', 'Peter Teglhøj', 'Svendborg Gymnasium & HF', 'pt@svendborg-gym.dk', '2015-07-21', '2015-07-27', '125 µl EB', '14.7', NULL, '', 'GymnasiumUV', '2016-05-23 10:55:45', '{ Excel }', NULL),
(135, 'DL_F13_038', 408, '2014-09-01', '2014-10-23', 'Bent Nielsen', 'Københavns VUC', 'bn@kvuc.dk', '2014-09-02', '0000-00-00', '', '', NULL, '', 'GymnasiumUV', '2016-05-23 10:55:45', '{ Excel }', NULL),
(136, 'DL_F13_005', 409, '2014-06-30', '2014-10-31', 'Vagn Rasmussen', 'Allerød Gymnasium', 'vra@mail.dk', '2014-07-03', '0000-00-00', '', '', NULL, '', 'GymnasiumUV', '2016-05-23 10:55:45', '{ Excel }', NULL),
(137, 'DL_F14_78_1', 410, '2015-06-08', '2015-10-23', 'Rikke Anker Jensen', 'Egedal Gymnasium & HF', 'rj@egedal-gym.dk', '2015-06-12', '2015-06-24', '125 µl EB', '8.34', NULL, '', 'GymnasiumUV', '2016-05-23 10:55:46', '{ Excel }', NULL),
(138, 'DL_F13_045', 411, '2014-08-18', '2014-11-20', 'Louise Lund Bækgaard', 'Allerød Gymnasium', 'louise.lund.baekgaard@skolekom.dk', '2014-08-20', '0000-00-00', '', '', NULL, '', 'GymnasiumUV', '2016-05-23 10:55:46', '{ Excel }', NULL),
(139, 'DL_F13_037', 412, '2014-08-25', '2015-01-21', 'Vibeke Birkmann', 'Greve Gymnasium', 'ggvbi@greve-gym.dk', '2014-08-28', '0000-00-00', '', '', NULL, '', 'GymnasiumUV', '2016-05-23 10:55:46', '{ Excel }', NULL),
(140, 'DL_F13_035', 413, '2014-08-25', '2015-03-10', 'Lone Vinkel', 'Greve Gymnasium', 'gglav@greve-gym.dk', '2014-08-28', '0000-00-00', '', '', NULL, '', 'GymnasiumUV', '2016-05-23 10:55:46', '{ Excel }', NULL),
(141, 'DL_F14_56_1', 414, '2015-05-06', '2015-05-19', 'Kenneth Beri Ploug', 'Greve Gymnasium', 'ggkbp@greve-gym.dk', '2015-05-12', '2015-05-12', '125 µl EB', '28.6', NULL, '', 'GymnasiumUV', '2016-05-23 10:55:47', '{ Excel }', NULL),
(142, 'DL_F14_093', 415, '2015-05-21', '2015-05-29', 'Kasper Kristiansen', 'Rysensteen Gymnasium', 'kk@rysensteen.dk', '2015-05-22', '2015-05-26', '125 µl EB', '2.46', NULL, '', 'GymnasiumUV', '2016-05-23 10:55:47', '{ Excel }', NULL),
(143, 'DL_F14_087', 416, '2015-09-19', '2016-02-24', 'Peter Toft', 'Frederiksberg Gymnasium', 'pt@frederiksberggymnasium.dk', '2015-10-02', '2015-10-05', '125 µl EB', '', NULL, '', 'GymnasiumUV', '2016-05-23 10:55:47', '{ Excel }', NULL),
(144, 'DL_F14_108', 417, '2015-06-26', '2015-09-30', 'Sofie Brix', 'Høje-Taastrup Gymnasium', 'Sofieab@gmail.com', '2015-07-17', '2015-07-27', '125 µl EB', '65.8', NULL, '', 'GymnasiumUV', '2016-05-23 10:55:48', '{ Excel }', NULL),
(145, 'DL_F15_079', 418, '2016-04-20', '2016-05-17', 'Jette Eibye-Jacobsen', 'Birkerød Gymnasium - HF - IB & Kostskole', 'ei@birke-gym.dk', '2016-04-25', '2016-04-26', '125 µl EB', '2.38', NULL, '', 'GymnasiumUV', '2016-05-23 10:55:48', '{ Excel }', NULL),
(146, 'DL_F14_107', 419, '2015-08-21', '2015-10-06', 'Mikala Winther Voldby', 'Skanderborg Gymnasium', 'vv@skanderborg-gym.dk', '0000-00-00', '2015-09-28', '125 µl EB', '2.04', NULL, '', 'GymnasiumUV', '2016-05-23 10:55:48', '{ Excel }', NULL),
(147, 'DL_F14_049', 420, '2015-04-28', '2015-05-05', 'Marie Kvist Bondesen', 'Køge Private Realskole, Gymnasium', 'mariebondesen@gmail.com', '2015-04-28', '2015-04-29', '125 µl EB', '5.1', NULL, '', 'GymnasiumUV', '2016-05-23 10:55:48', '{ Excel }', NULL),
(148, 'DL_F15_023', 421, '2015-05-15', '2015-11-12', 'Jeppe Mordhorst', 'Vordingborg Gymnasium & HF', 'jm@vordingborg-gym.dk', '0000-00-00', '2015-10-05', '125 µl EB', '1.19', NULL, '', 'GymnasiumUV', '2016-05-23 10:55:49', '{ Excel }', NULL),
(149, 'DL_F14_09', 422, '2014-08-27', '2015-02-26', 'Ole Carsten Pedersen', 'Helsingør Gymnasium', 'oc@hels-gym.dk', '0000-00-00', '0000-00-00', '', '', NULL, '', 'GymnasiumUV', '2016-05-23 10:55:49', '{ Excel }', NULL),
(150, 'DL_F15_008', 423, '2015-11-02', '2015-11-24', 'Hanne Juhl', 'Københavns Tekniske Skole, HTX Vibenhus', 'hju@kts.dk', '2015-11-05', '2015-11-16', '125 µl EB', '12.5', NULL, '', 'GymnasiumUV', '2016-05-23 10:55:49', '{ Excel }', NULL),
(151, 'DL_F14_56_2', 424, '2015-05-12', '2015-05-19', 'Kenneth Beri Ploug', 'Greve Gymnasium', 'ggkbp@greve-gym.dk', '2015-05-12', '2015-05-12', '125 µl EB', '6.42', NULL, '', 'GymnasiumUV', '2016-05-23 10:55:49', '{ Excel }', NULL),
(152, 'DL_F14_004', 425, '2014-08-26', '2015-01-22', 'Nadja Ramseyer', 'Stenhus Gymnasium & HF', 'nramseyer@gmail.com', '2014-09-02', '0000-00-00', '', '', NULL, '', 'GymnasiumUV', '2016-05-23 10:55:50', '{ Excel }', NULL),
(153, 'DL_F15_014', 426, '2015-09-09', '2016-01-28', 'Kristian Poulsen', 'Køge Gymnasium', 'kgkp@kggym.dk', '2015-09-18', '2015-12-10', '125 µl EB', '15.4', NULL, '', 'GymnasiumUV', '2016-05-23 10:55:50', '{ Excel }', NULL),
(154, 'DL_F15_010_1', 427, '2016-04-03', '2016-04-19', 'Torben Hviid', 'Marselisborg Gymnasium', 'th@marselisborg-gym.dk', '2016-04-06', '0000-00-00', '125 µl EB', '3.7', NULL, '', 'GymnasiumUV', '2016-05-23 10:55:50', '{ Excel }', NULL),
(155, 'DL_aTest07', 428, '2014-08-27', '2014-10-01', 'Jan Østrup', 'Ørestad Gymnasium', 'jan@oegnet.dk', '2014-09-01', '0000-00-00', '', '', NULL, '', 'GymnasiumUV', '2016-05-23 10:55:50', '{ Excel }', NULL),
(156, 'DL_F13_005', 429, '2014-06-30', '2014-10-31', 'Vagn Rasmussen', 'Allerød Gymnasium', 'vra@mail.dk', '0000-00-00', '0000-00-00', '', '', NULL, '', 'GymnasiumUV', '2016-05-23 10:55:50', '{ Excel }', NULL),
(157, 'DL_aTest06', 430, '2014-09-02', '2014-09-26', 'Hanne Strunge', 'Falkonergårdens Gymnasium og HF-Kursus', 'hs@falgoo.dk', '2014-09-05', '0000-00-00', '', '', NULL, '', 'GymnasiumUV', '2016-05-23 10:55:50', '{ Excel }', NULL),
(158, 'DL_F14_78_2', 431, '2015-06-08', '2015-10-23', 'Rikke Anker Jensen', 'Egedal Gymnasium & HF', 'rj@egedal-gym.dk', '2015-06-16', '2015-06-24', '125 µl EB', '7.28', NULL, '', 'GymnasiumUV', '2016-05-23 10:55:50', '{ Excel }', NULL),
(159, 'DL_F13_020', 432, '2014-08-21', '2014-10-28', 'Jette Feld', 'Christianshavns Gymnasium', 'jf@cg-gym.dk', '2014-08-25', '0000-00-00', '', '', NULL, '', 'GymnasiumUV', '2016-05-23 10:55:51', '{ Excel }', NULL),
(160, 'DL_F13_015', 433, '2014-08-20', '2014-11-07', 'Ida Thingstrup', 'Roskilde Gymnasium', 'rgit@roskilde-gym.dk', '2014-08-21', '0000-00-00', '', '', NULL, '', 'GymnasiumUV', '2016-05-23 10:55:51', '{ Excel }', NULL),
(161, 'DL_F14_092', 434, '2015-05-12', '2015-08-27', 'Finn Vanman Jørgensen', 'Københavns åbne Gymnasium', 'fv@kg.dk', '2015-05-15', '2015-07-07', '125 µl EB', '23.4', NULL, '', 'GymnasiumUV', '2016-05-23 10:55:51', '{ Excel }', NULL),
(162, 'DL_F15_031_3', 435, '2015-11-11', '2015-11-18', 'Caroline Ledertoug Kahn', 'SRP-elever, Borupgaard Gym', 'caro_kahn@hotmail.com', '2015-11-16', '2015-11-16', '125 µl EB', '2.34', NULL, '', 'GymnasiumUV', '2016-05-23 10:55:51', '{ Excel }', NULL),
(163, 'DL_F14_079', 436, '2015-04-27', '2015-05-22', 'Peter Rostgaard Christensen', 'Erhvervsskolen Nordsjælland, HTX Hillerø', 'prc@esnord.dk', '2015-04-28', '2015-04-29', '125 µl EB', '9.8', NULL, '', 'GymnasiumUV', '2016-05-23 10:55:51', '{ Excel }', NULL),
(164, 'DL_F14_084', 437, '2015-06-09', '2015-10-01', 'Torsten Ingerslev', 'Frederiksborg Gymnasium og HF', 'torsten.ingerslev@gmail.com', '2015-06-12', '2015-06-24', '125 µl EB', '3.52', NULL, '', 'GymnasiumUV', '2016-05-23 10:55:51', '{ Excel }', NULL),
(165, 'DL_F15_068', 438, '2016-04-14', '2016-05-03', 'Gabriel Bjerre', 'Erhvervsskolen Nordsjælland, HTX Hillerø', 'gbj@esnord.dk', '2016-04-20', '2016-04-26', '125 µl EB', '95.2', NULL, '', 'GymnasiumUV', '2016-05-23 10:55:51', '{ Excel }', NULL),
(166, 'DL_F15_069', 439, '2016-04-14', '2016-05-04', 'Maria Rentsch', 'Erhvervsskolen Nordsjælland, HTX Hillerø', 'mare@esnord.dk', '2016-04-20', '2016-04-26', '125 µl EB', '10.3', NULL, '', 'GymnasiumUV', '2016-05-23 10:55:51', '{ Excel }', NULL),
(167, 'DL_F14_006', 440, '2014-08-13', '2014-12-17', 'Malthe Lund', 'Allerød Gymnasium', 'malthelund@gmail.com', '2014-08-14', '0000-00-00', '', '', NULL, '', 'GymnasiumUV', '2016-05-23 10:55:52', '{ Excel }', NULL),
(168, 'DL_F13_024', 441, '2014-09-09', '2014-11-11', 'Frederikke Tom-Petersen', 'Selandia, HTX', 'frto@sceu.dk', '2014-09-11', '0000-00-00', '', '', NULL, '', 'GymnasiumUV', '2016-05-23 10:55:52', '{ Excel }', NULL),
(169, 'DL_F14_074', 442, '2015-07-10', '2015-08-28', 'Bente Lerner Bregnbak', 'Frederiksværk Gymnasium og HF', 'bb@fvgh.dk', '2015-07-13', '2015-07-16', '125 µl EB', '12.6', NULL, '', 'GymnasiumUV', '2016-05-23 10:55:52', '{ Excel }', NULL),
(170, 'DL_F14_042_2', 443, '2015-04-10', '2015-04-24', 'Frank Grønlund Jørgensen', 'Tørring Gymnasium', 'fg@toerring-gym.dk', '2015-04-17', '2015-04-21', '125 µl EB', '24', NULL, '', 'GymnasiumUV', '2016-05-23 10:55:52', '{ Excel }', NULL),
(171, 'DL_F14_062', 444, '2015-04-20', '2015-05-08', 'Morten Wermer', 'Gribskov Gymnasium', 'mw@gribskovgymnasium.dk', '2015-04-24', '2015-04-27', '125 µl EB', '17.9', NULL, '', 'GymnasiumUV', '2016-05-23 10:55:52', '{ Excel }', NULL),
(172, 'DL_aTest01', 445, '2014-08-18', '2014-09-17', 'Bo Kildeager', 'Gammel Hellerup Gymnasium', 'bk@ghg.dk', '2014-08-19', '2014-08-26', '2 x 50 µl EB', '345345', 6666, '', 'GymnasiumUV', '2016-05-23 10:55:52', '{ Excel }', NULL),
(173, 'DL_F14_015', 446, '2014-09-01', '2015-01-16', 'Helle Nielsen', 'Nørre Gymnasium', 'ni@norreg.dk', '2014-09-05', '0000-00-00', '', '', NULL, '', 'GymnasiumUV', '2016-05-23 10:55:52', '{ Excel }', NULL),
(174, 'DL_F14_061', 447, '2015-05-07', '2015-05-21', 'Rasmus Andreasen', 'Christianshavns Gymnasium', 'ra@cg-gym.dk', '2015-05-08', '2015-05-12', '125 µl EB', '25.6', NULL, '', 'GymnasiumUV', '2016-05-23 10:55:52', '{ Excel }', NULL),
(175, 'DL_GYM_018', 448, '2016-03-15', '2016-03-29', 'Bo Kildeager', 'Gammel Hellerup Gymnasium', 'bk@ghg.dk', '0000-00-00', '0000-00-00', '', '', NULL, '', 'GymnasiumUV', '2016-05-23 10:55:53', '{ Excel }', NULL),
(176, 'DL_F14_011', 449, '2014-08-27', '2015-01-27', 'Knud Johnsen', 'Rungsted Gymnasium', 'jo@rungsted-gym.dk', '2014-09-01', '0000-00-00', '', '', NULL, '', 'GymnasiumUV', '2016-05-23 10:55:53', '{ Excel }', NULL),
(177, 'DL_F14_095', 450, '2015-05-18', '2015-11-20', 'Knud Johnsen', 'Rungsted Gymnasium', 'jo@rungsted-gym.dk', '2015-05-19', '2015-09-17', '125 µl EB', '20', NULL, '', 'GymnasiumUV', '2016-05-23 10:55:53', '{ Excel }', NULL),
(178, 'DL_F14_105', 451, '2016-03-15', '2016-04-12', 'Pia Lassen', 'Thisted Gymnasium', 'pl@thisted-gymnasium.dk', '2016-03-28', '2016-04-05', '125 µl EB', '0.772', NULL, '', 'GymnasiumUV', '2016-05-23 10:55:53', '{ Excel }', NULL),
(179, 'DL_F14_110', 452, '2015-05-31', '2015-10-07', 'Marie Eiland', 'Køge Gymnasium', 'kgme@kggym.dk', '0000-00-00', '2015-07-27', '125 µl EB', '3.38', NULL, '', 'GymnasiumUV', '2016-05-23 10:55:54', '{ Excel }', NULL),
(180, 'DL_F15_021', 453, '2015-09-21', '2015-12-11', 'Helle Jarden', 'Nærum Gymnasium', 'hj@nagym.dk', '0000-00-00', '2015-10-21', '125 µl EB', '48.8', NULL, '', 'GymnasiumUV', '2016-05-23 10:55:54', '{ Excel }', NULL),
(181, 'DL_F13_042', 454, '2014-08-29', '2014-11-19', 'Kristian Poulsen', 'Køge Gymnasium', 'kgkp@kggym.dk', '2014-09-17', '0000-00-00', '', '', NULL, '', 'GymnasiumUV', '2016-05-23 10:55:55', '{ Excel }', NULL),
(182, 'DL_F14_101', 455, '2015-09-14', '2015-10-29', 'Lone Kjærby Rasmussen', 'Rosborg Gymnasium & HF', 'lr@rosborg-gym.dk', '2015-09-15', '2015-09-17', '125 µl EB', '5.38', NULL, '', 'GymnasiumUV', '2016-05-23 10:55:55', '{ Excel }', NULL),
(183, 'DL_F14_014', 456, '2014-09-04', '2015-04-29', 'Martin Mejlhede Jensen', 'Københavns Åbne Gymnasium', 'mt@kg.dk', '2014-09-12', '0000-00-00', '', '', NULL, '', 'GymnasiumUV', '2016-05-23 10:55:56', '{ Excel }', NULL),
(184, 'DL_F14_046', 457, '2015-04-23', '2015-05-12', 'Åse Uttenthal', 'Vordingborg Gymnasium & HF', 'aau@vordingborg-gym.dk', '2015-04-27', '2015-04-29', '125 µl EB', '14.9', NULL, '', 'GymnasiumUV', '2016-05-23 10:55:56', '{ Excel }', NULL),
(185, 'DL_F15_088', 458, '2016-03-30', '2016-04-15', 'Henrik Kofoed Svendsen', 'Bornholms Gymnasium', 'haks@cabh.dk', '2016-04-05', '2016-04-05', '125 µl EB', '10.8', NULL, '', 'GymnasiumUV', '2016-05-23 10:55:56', '{ Excel }', NULL),
(186, 'DL_SNM_2014_0001', 459, '2014-07-27', '0000-00-00', 'Katja Toft', 'Statens Naturhistoriske Museum', 'ktoft@snm.ku.dk', '0000-00-00', '2014-08-26', '2 x 50 µl EB', '', NULL, '', 'SNM2014', '2016-05-23 10:55:56', '{ Excel }', NULL),
(187, 'DL_SNM_2014_0002', 460, '2014-07-24', '0000-00-00', 'Leise Fjeldberg', 'Statens Naturhistoriske Museum', '', '0000-00-00', '2014-08-26', '2 x 50 µl EB', '', NULL, '', 'SNM2014', '2016-05-23 10:55:56', '{ Excel }', NULL),
(188, 'DL_SNM_2014_0003', 461, '2014-07-24', '0000-00-00', 'Leise Fjeldberg', 'Statens Naturhistoriske Museum', '', '0000-00-00', '2014-08-26', '2 x 50 µl EB', '', NULL, '', 'SNM2014', '2016-05-23 10:55:56', '{ Excel }', NULL),
(189, 'DL_SNM_2014_0004', 462, '2014-08-12', '0000-00-00', 'Jonas Septrup Sørensen', 'Statens Naturhistoriske Museum', 'jonas.sorensen@snm.ku.dk', '2014-08-13', '2014-08-26', '2 x 50 µl EB', '', NULL, '', 'SNM2014', '2016-05-23 10:55:56', '{ Excel }', NULL),
(190, 'DL_SNM_2014_0005', 463, '2014-05-30', '0000-00-00', 'Kirstine Bohmann', 'Statens Naturhistoriske Museum', 'Kristinebohmann@gmail.com', '2014-06-02', '2014-08-26', '2 x 50 µl EB', '', NULL, '', 'SNM2014', '2016-05-23 10:55:56', '{ Excel }', NULL),
(191, 'DL_SNM_2014_0006', 464, '2014-07-03', '0000-00-00', 'Christian Lange', 'Statens Naturhistoriske Museum', 'christianl@snm.ku.dk', '2014-07-09', '2014-08-26', '2 x 50 µl EB', '', NULL, '', 'SNM2014', '2016-05-23 10:55:57', '{ Excel }', NULL),
(192, 'DL_SNM_2014_0007', 465, '2014-07-16', '0000-00-00', 'Keld Jyding Vennervald', 'Statens Naturhistoriske Museum', '', '0000-00-00', '2014-08-26', '2 x 50 µl EB', '', NULL, '', 'SNM2014', '2016-05-23 10:55:57', '{ Excel }', NULL),
(193, 'DL_SNM_2014_0008', 466, '2014-08-02', '0000-00-00', 'Pernille Selmer Olsen', 'Statens Naturhistoriske Museum', 'pvsolsen@snm.ku.dk', '0000-00-00', '2014-08-26', '2 x 50 µl EB', '', NULL, '', 'SNM2014', '2016-05-23 10:55:57', '{ Excel }', NULL),
(194, 'DL_SNM_2014_0009', 467, '2014-06-29', '0000-00-00', 'Tina Brand', 'Statens Naturhistoriske Museum', 'tbbrand@snm.ku.dk', '0000-00-00', '2014-08-26', '2 x 50 µl EB', '', NULL, '', 'SNM2014', '2016-05-23 10:55:57', '{ Excel }', NULL),
(195, 'DL_SNM_2014_0010', 468, '2014-07-04', '0000-00-00', 'Christian Lange', 'Statens Naturhistoriske Museum', 'christianl@snm.ku.dk', '2014-07-09', '2014-08-26', '2 x 50 µl EB', '', NULL, '', 'SNM2014', '2016-05-23 10:55:57', '{ Excel }', NULL),
(196, 'DL_SNM_2014_0011', 469, '2014-05-31', '0000-00-00', 'Kirstine Bohmann', 'Statens Naturhistoriske Museum', 'Kristinebohmann@gmail.com', '2014-06-02', '2014-08-26', '2 x 50 µl EB', '', NULL, '', 'SNM2014', '2016-05-23 10:55:57', '{ Excel }', NULL),
(197, 'DL_SNM_2014_0012', 470, '2014-07-05', '0000-00-00', 'Christian Lange', 'Statens Naturhistoriske Museum', 'christianl@snm.ku.dk', '2014-07-09', '2014-08-29', '2 x 30 µl H2O', '', NULL, '', 'SNM2014', '2016-05-23 10:55:57', '{ Excel }', NULL),
(198, 'DL_SNM_2014_0013', 471, '2014-06-20', '0000-00-00', 'Jesper Johannes Madsen', 'Statens Naturhistoriske Museum', 'jjmadsen@snm.ku.dk', '0000-00-00', '2014-08-29', '2 x 30 µl H2O', '', NULL, '', 'SNM2014', '2016-05-23 10:55:57', '{ Excel }', NULL),
(199, 'DL_SNM_2014_0014', 472, '2014-07-31', '0000-00-00', 'Pernille Selmer Olsen', 'Statens Naturhistoriske Museum', 'pvsolsen@snm.ku.dk', '0000-00-00', '2014-08-29', '2 x 30 µl H2O', '', NULL, '', 'SNM2014', '2016-05-23 10:55:57', '{ Excel }', NULL),
(200, 'DL_SNM_2014_0015', 473, '2014-07-16', '0000-00-00', 'Keld Jyding Vennervald', 'Statens Naturhistoriske Museum', '', '0000-00-00', '2014-08-29', '2 x 30 µl H2O', '', NULL, '', 'SNM2014', '2016-05-23 10:55:58', '{ Excel }', NULL),
(201, 'DL_SNM_2014_0016', 474, '2014-06-10', '0000-00-00', 'Charlotte Hansen', 'Statens Naturhistoriske Museum', 'charloth@snm.ku.dk', '0000-00-00', '2014-08-29', '2 x 30 µl H2O', '', NULL, '', 'SNM2014', '2016-05-23 10:55:58', '{ Excel }', NULL),
(202, 'DL_SNM_2014_0017', 475, '2014-06-10', '0000-00-00', 'Charlotte Hansen', 'Statens Naturhistoriske Museum', 'charloth@snm.ku.dk', '0000-00-00', '2014-08-29', '2 x 30 µl H2O', '', NULL, '', 'SNM2014', '2016-05-23 10:55:58', '{ Excel }', NULL),
(203, 'DL_SNM_2014_0018', 476, '2014-05-31', '0000-00-00', 'Kirstine Bohmann', 'Statens Naturhistoriske Museum', 'Kristinebohmann@gmail.com', '2014-06-02', '2014-08-29', '2 x 30 µl H2O', '', NULL, '', 'SNM2014', '2016-05-23 10:55:58', '{ Excel }', NULL),
(204, 'DL_SNM_2014_0019', 477, '2014-07-16', '0000-00-00', 'Camilla Albech Kleis', 'Statens Naturhistoriske Museum', 'camilla.kleis@snm.ku.dk', '0000-00-00', '2014-08-29', '2 x 30 µl H2O', '', NULL, '', 'SNM2014', '2016-05-23 10:55:58', '{ Excel }', NULL),
(205, 'DL_SNM_2014_0020', 478, '2014-06-01', '0000-00-00', 'Pernille Hjort', 'Statens Naturhistoriske Museum', 'phjort@snm.ku.dk', '2014-06-02', '2014-08-29', '2 x 30 µl H2O', '', NULL, '', 'SNM2014', '2016-05-23 10:55:58', '{ Excel }', NULL),
(206, 'DL_SNM_2014_0021', 479, '2014-06-09', '2015-04-21', 'Christina Dahl', 'Statens Naturhistoriske Museum', 'cmdahl@snm.ku.dk', '2014-06-09', '2014-08-29', '2 x 30 µl H2O', '', NULL, '', 'SNM2014', '2016-05-23 10:55:58', '{ Excel }', NULL),
(207, 'DL_SNM_2014_0022', 480, '2014-05-25', '0000-00-00', 'Marie Ratchke Lillemark', 'Statens Naturhistoriske Museum', 'marie.lillemark@snm.ku.dk', '0000-00-00', '2014-08-29', '2 x 30 µl H2O', '', NULL, '', 'SNM2014', '2016-05-23 10:55:58', '{ Excel }', NULL),
(208, 'DL_SNM_2014_0023', 481, '2014-06-21', '0000-00-00', 'Jesper Johannes Madsen', 'Statens Naturhistoriske Museum', 'jjmadsen@snm.ku.dk', '0000-00-00', '2014-08-29', '2 x 30 µl H2O', '', NULL, '', 'SNM2014', '2016-05-23 10:55:59', '{ Excel }', NULL),
(209, 'DL_SNM_2014_0024', 482, '2014-07-14', '0000-00-00', 'Hans Kofod', 'Statens Naturhistoriske Museum', 'hk@cagb.dk', '2014-07-17', '2014-08-29', '2 x 30 µl H2O', '', NULL, '', 'SNM2014', '2016-05-23 10:55:59', '{ Excel }', NULL),
(210, 'DL_SNM_2014_0025', 483, '2014-08-08', '0000-00-00', 'Mette Wenøe', 'Statens Naturhistoriske Museum', 'mette.wenoe@snm.ku.dk', '2014-08-20', '0000-00-00', '', '', NULL, '', 'SNM2014', '2016-05-23 10:55:59', '{ Excel }', NULL),
(211, 'DL_SNM_2014_0026', 484, '2014-07-27', '0000-00-00', 'Nina Rønsted', 'Statens Naturhistoriske Museum', 'nronsted@snm.ku.dk', '2014-08-18', '0000-00-00', '', '', NULL, '', 'SNM2014', '2016-05-23 10:55:59', '{ Excel }', NULL),
(212, 'DL_SNM_2014_0027', 485, '2014-08-19', '0000-00-00', 'Mia Bjørg Stolberg Olsen', 'Statens Naturhistoriske Museum', 'hps648@alumni.ku.dk', '2014-08-21', '0000-00-00', '', '', NULL, '', 'SNM2014', '2016-05-23 10:55:59', '{ Excel }', NULL),
(213, 'DL_SNM_2014_0028', 486, '2014-08-19', '0000-00-00', 'Mia Bjørg Stolberg Olsen', 'Statens Naturhistoriske Museum', 'hps648@alumni.ku.dk', '2014-08-21', '0000-00-00', '', '', NULL, '', 'SNM2014', '2016-05-23 10:55:59', '{ Excel }', NULL),
(214, 'DL_SNM_2014_0029', 487, '2014-08-19', '0000-00-00', 'Mia Bjørg Stolberg Olsen', 'Statens Naturhistoriske Museum', 'hps648@alumni.ku.dk', '2014-08-21', '0000-00-00', '', '', NULL, '', 'SNM2014', '2016-05-23 10:56:00', '{ Excel }', NULL);
INSERT INTO `proeve` (`proeve_id`, `proeve_nr`, `lokalitet_id`, `indsamlingsdato`, `Analyseret`, `Indsamler`, `Institutionsnavn`, `Mailadresse`, `ProeverModtaget`, `DatoForEkst`, `ElueretI`, `ngUl`, `AntalMl`, `AntalKuverter`, `dataset`, `created_timestamp`, `created_userName`, `locked_by`) VALUES
(215, 'DL_SNM_2014_0030', 488, '2014-08-25', '0000-00-00', 'Mattias Lange Nielsen', 'Statens Naturhistoriske Museum', 'mattias.nielsen@snm.ku.dk', '2014-08-25', '0000-00-00', '', '', NULL, '', 'SNM2014', '2016-05-23 10:56:00', '{ Excel }', NULL),
(216, 'DL_SNM_2014_0031', 489, '2014-08-24', '0000-00-00', 'Kristian Gregersen', 'Statens Naturhistoriske Museum', 'kgregersen@snm.ku.dk', '2014-08-26', '0000-00-00', '', '', NULL, '', 'SNM2014', '2016-05-23 10:56:00', '{ Excel }', NULL),
(217, 'DL_SNM_2014_0032', 490, '2014-08-24', '0000-00-00', 'Kristian Gregersen', 'Statens Naturhistoriske Museum', 'kgregersen@snm.ku.dk', '2014-08-26', '0000-00-00', '', '', NULL, '', 'SNM2014', '2016-05-23 10:56:00', '{ Excel }', NULL),
(218, 'DL_SNM_2014_0033', 491, '2014-08-24', '0000-00-00', 'Kristian Gregersen', 'Statens Naturhistoriske Museum', 'kgregersen@snm.ku.dk', '2014-08-26', '0000-00-00', '', '', NULL, '', 'SNM2014', '2016-05-23 10:56:00', '{ Excel }', NULL),
(219, 'DL_SNM_2014_0034', 492, '2014-08-23', '0000-00-00', 'Maja Balle', 'Statens Naturhistoriske Museum', 'maja.balle@snm.ku.dk', '2014-08-27', '0000-00-00', '', '', NULL, '', 'SNM2014', '2016-05-23 10:56:00', '{ Excel }', NULL),
(220, 'DL_SNM_2014_0035', 493, '2014-08-23', '0000-00-00', 'Maja Balle', 'Statens Naturhistoriske Museum', 'maja.balle@snm.ku.dk', '2014-08-27', '0000-00-00', '', '', NULL, '', 'SNM2014', '2016-05-23 10:56:01', '{ Excel }', NULL),
(221, 'DL_SNM_2014_0036', 494, '2014-08-23', '0000-00-00', 'Maja Balle', 'Statens Naturhistoriske Museum', 'maja.balle@snm.ku.dk', '2014-08-27', '0000-00-00', '', '', NULL, '', 'SNM2014', '2016-05-23 10:56:01', '{ Excel }', NULL),
(222, 'DL_SNM_2014_0037', 495, '2014-08-24', '0000-00-00', 'Maja Balle', 'Statens Naturhistoriske Museum', 'maja.balle@snm.ku.dk', '2014-08-27', '0000-00-00', '', '', NULL, '', 'SNM2014', '2016-05-23 10:56:01', '{ Excel }', NULL),
(223, 'DL_SNM_2014_0038A', 496, '2014-08-23', '0000-00-00', 'Vært Nina & Kristian', 'Statens Naturhistoriske Museum', 'akelager@snm.ku.dk', '2014-08-23', '0000-00-00', '', '', NULL, '', 'SNM2014', '2016-05-23 10:56:01', '{ Excel }', NULL),
(224, 'DL_SNM_2014_0038B', 497, '2014-08-23', '0000-00-00', 'Vært Nina & Kristian', 'Statens Naturhistoriske Museum', 'akelager@snm.ku.dk', '2014-08-23', '0000-00-00', '', '', NULL, '', 'SNM2014', '2016-05-23 10:56:01', '{ Excel }', NULL),
(225, 'DL_SNM_2014_0038C', 498, '2014-08-23', '0000-00-00', 'Vært Nina & Kristian', 'Statens Naturhistoriske Museum', 'akelager@snm.ku.dk', '2014-08-23', '0000-00-00', '', '', NULL, '', 'SNM2014', '2016-05-23 10:56:01', '{ Excel }', NULL),
(226, 'DL_SNM_2014_0038D', 499, '2014-08-23', '0000-00-00', 'Vært Nina & Kristian', 'Statens Naturhistoriske Museum', 'akelager@snm.ku.dk', '2014-08-23', '0000-00-00', '', '', NULL, '', 'SNM2014', '2016-05-23 10:56:01', '{ Excel }', NULL),
(227, 'DL_SNM_2014_0039A', 500, '2014-08-23', '0000-00-00', 'Vært Nina & Kristian', 'Statens Naturhistoriske Museum', 'akelager@snm.ku.dk', '2014-08-23', '0000-00-00', '', '', NULL, '', 'SNM2014', '2016-05-23 10:56:01', '{ Excel }', NULL),
(228, 'DL_SNM_2014_0039A', 501, '2014-08-23', '0000-00-00', 'Vært Nina & Kristian', 'Statens Naturhistoriske Museum', 'akelager@snm.ku.dk', '2014-08-23', '0000-00-00', '', '', NULL, '', 'SNM2014', '2016-05-23 10:56:01', '{ Excel }', NULL),
(229, 'DL_SNM_2014_0039B', 502, '2014-08-23', '0000-00-00', 'Vært Nina & Kristian', 'Statens Naturhistoriske Museum', 'akelager@snm.ku.dk', '2014-08-23', '0000-00-00', '', '', NULL, '', 'SNM2014', '2016-05-23 10:56:02', '{ Excel }', NULL),
(230, 'DL_SNM_2014_0039C', 503, '2014-08-23', '0000-00-00', 'Vært Nina & Kristian', 'Statens Naturhistoriske Museum', 'akelager@snm.ku.dk', '2014-08-23', '0000-00-00', '', '', NULL, '', 'SNM2014', '2016-05-23 10:56:02', '{ Excel }', NULL),
(231, 'DL_SNM_2014_0040A', 504, '2014-08-23', '0000-00-00', 'Vært Nina & Kristian', 'Statens Naturhistoriske Museum', 'akelager@snm.ku.dk', '2014-08-23', '0000-00-00', '', '', NULL, '', 'SNM2014', '2016-05-23 10:56:02', '{ Excel }', NULL),
(232, 'DL_SNM_2014_0040B', 505, '2014-08-23', '0000-00-00', 'Vært Nina & Kristian', 'Statens Naturhistoriske Museum', 'akelager@snm.ku.dk', '2014-08-23', '0000-00-00', '', '', NULL, '', 'SNM2014', '2016-05-23 10:56:02', '{ Excel }', NULL),
(233, 'DL_SNM_2014_0040C', 506, '2014-08-23', '0000-00-00', 'Vært Nina & Kristian', 'Statens Naturhistoriske Museum', 'akelager@snm.ku.dk', '2014-08-23', '0000-00-00', '', '', NULL, '', 'SNM2014', '2016-05-23 10:56:02', '{ Excel }', NULL),
(234, 'DL_SNM_2014_0040D', 507, '2014-08-23', '0000-00-00', 'Vært Nina & Kristian', 'Statens Naturhistoriske Museum', 'akelager@snm.ku.dk', '2014-08-23', '0000-00-00', '', '', NULL, '', 'SNM2014', '2016-05-23 10:56:02', '{ Excel }', NULL),
(235, 'DL_SNM_2014_0041A', 508, '2014-08-23', '0000-00-00', 'Vært Nina & Kristian', 'Statens Naturhistoriske Museum', 'akelager@snm.ku.dk', '2014-08-23', '0000-00-00', '', '', NULL, '', 'SNM2014', '2016-05-23 10:56:02', '{ Excel }', NULL),
(236, 'DL_SNM_2014_0041B', 509, '2014-08-23', '0000-00-00', 'Vært Nina & Kristian', 'Statens Naturhistoriske Museum', 'akelager@snm.ku.dk', '2014-08-23', '0000-00-00', '', '', NULL, '', 'SNM2014', '2016-05-23 10:56:02', '{ Excel }', NULL),
(237, 'DL_SNM_2014_0041C', 510, '2014-08-23', '0000-00-00', 'Vært Nina & Kristian', 'Statens Naturhistoriske Museum', 'akelager@snm.ku.dk', '2014-08-23', '0000-00-00', '', '', NULL, '', 'SNM2014', '2016-05-23 10:56:02', '{ Excel }', NULL),
(238, 'DL_SNM_2014_0041D', 511, '2014-08-23', '0000-00-00', 'Vært Nina & Kristian', 'Statens Naturhistoriske Museum', 'akelager@snm.ku.dk', '2014-08-23', '0000-00-00', '', '', NULL, '', 'SNM2014', '2016-05-23 10:56:03', '{ Excel }', NULL),
(239, 'DL_SNM_2014_0042A', 512, '2014-08-23', '0000-00-00', 'Vært Nina & Kristian', 'Statens Naturhistoriske Museum', 'akelager@snm.ku.dk', '2014-08-23', '0000-00-00', '', '', NULL, '', 'SNM2014', '2016-05-23 10:56:03', '{ Excel }', NULL),
(240, 'DL_SNM_2014_0042B', 513, '2014-08-23', '0000-00-00', 'Vært Nina & Kristian', 'Statens Naturhistoriske Museum', 'akelager@snm.ku.dk', '2014-08-23', '0000-00-00', '', '', NULL, '', 'SNM2014', '2016-05-23 10:56:03', '{ Excel }', NULL),
(241, 'DL_SNM_2014_0042C', 514, '2014-08-23', '0000-00-00', 'Vært Nina & Kristian', 'Statens Naturhistoriske Museum', 'akelager@snm.ku.dk', '2014-08-23', '0000-00-00', '', '', NULL, '', 'SNM2014', '2016-05-23 10:56:03', '{ Excel }', NULL),
(242, 'DL_SNM_2014_0042D', 515, '2014-08-23', '0000-00-00', 'Vært Nina & Kristian', 'Statens Naturhistoriske Museum', 'akelager@snm.ku.dk', '2014-08-23', '0000-00-00', '', '', NULL, '', 'SNM2014', '2016-05-23 10:56:03', '{ Excel }', NULL),
(243, 'DL_SNM_2014_0043A', 516, '2014-08-23', '0000-00-00', 'Vært Nina & Kristian', 'Statens Naturhistoriske Museum', 'akelager@snm.ku.dk', '2014-08-23', '0000-00-00', '', '', NULL, '', 'SNM2014', '2016-05-23 10:56:03', '{ Excel }', NULL),
(244, 'DL_SNM_2014_0043B', 517, '2014-08-23', '0000-00-00', 'Vært Nina & Kristian', 'Statens Naturhistoriske Museum', 'akelager@snm.ku.dk', '2014-08-23', '0000-00-00', '', '', NULL, '', 'SNM2014', '2016-05-23 10:56:03', '{ Excel }', NULL),
(245, 'DL_SNM_2014_0043C', 518, '2014-08-23', '0000-00-00', 'Vært Nina & Kristian', 'Statens Naturhistoriske Museum', 'akelager@snm.ku.dk', '2014-08-23', '0000-00-00', '', '', NULL, '', 'SNM2014', '2016-05-23 10:56:03', '{ Excel }', NULL),
(246, 'DL_SNM_2014_0043D', 519, '2014-08-23', '0000-00-00', 'Vært Nina & Kristian', 'Statens Naturhistoriske Museum', 'akelager@snm.ku.dk', '2014-08-23', '0000-00-00', '', '', NULL, '', 'SNM2014', '2016-05-23 10:56:03', '{ Excel }', NULL),
(247, 'DL_SNM_2014_0044A', 520, '2014-08-24', '0000-00-00', 'Vært Simone & Kristian', 'Statens Naturhistoriske Museum', 'akelager@snm.ku.dk', '2014-08-24', '0000-00-00', '', '', NULL, '', 'SNM2014', '2016-05-23 10:56:04', '{ Excel }', NULL),
(248, 'DL_SNM_2014_0044B', 521, '2014-08-24', '0000-00-00', 'Vært Simone & Kristian', 'Statens Naturhistoriske Museum', 'akelager@snm.ku.dk', '2014-08-24', '0000-00-00', '', '', NULL, '', 'SNM2014', '2016-05-23 10:56:04', '{ Excel }', NULL),
(249, 'DL_SNM_2014_0044C', 522, '2014-08-24', '0000-00-00', 'Vært Simone & Kristian', 'Statens Naturhistoriske Museum', 'akelager@snm.ku.dk', '2014-08-24', '0000-00-00', '', '', NULL, '', 'SNM2014', '2016-05-23 10:56:04', '{ Excel }', NULL),
(250, 'DL_SNM_2014_0044D', 523, '2014-08-24', '0000-00-00', 'Vært Simone & Kristian', 'Statens Naturhistoriske Museum', 'akelager@snm.ku.dk', '2014-08-24', '0000-00-00', '', '', NULL, '', 'SNM2014', '2016-05-23 10:56:04', '{ Excel }', NULL),
(251, 'DL_SNM_2014_0045A', 524, '2014-08-24', '0000-00-00', 'Vært Simone & Kristian', 'Statens Naturhistoriske Museum', 'akelager@snm.ku.dk', '2014-08-24', '0000-00-00', '', '', NULL, '', 'SNM2014', '2016-05-23 10:56:05', '{ Excel }', NULL),
(252, 'DL_SNM_2014_0045B', 525, '2014-08-24', '0000-00-00', 'Vært Simone & Kristian', 'Statens Naturhistoriske Museum', 'akelager@snm.ku.dk', '2014-08-24', '0000-00-00', '', '', NULL, '', 'SNM2014', '2016-05-23 10:56:05', '{ Excel }', NULL),
(253, 'DL_SNM_2014_0046A', 526, '2014-08-24', '0000-00-00', 'Vært Simone & Kristian', 'Statens Naturhistoriske Museum', 'akelager@snm.ku.dk', '2014-08-24', '0000-00-00', '', '', NULL, '', 'SNM2014', '2016-05-23 10:56:05', '{ Excel }', NULL),
(254, 'DL_SNM_2014_0046B', 527, '2014-08-24', '0000-00-00', 'Vært Simone & Kristian', 'Statens Naturhistoriske Museum', 'akelager@snm.ku.dk', '2014-08-24', '0000-00-00', '', '', NULL, '', 'SNM2014', '2016-05-23 10:56:05', '{ Excel }', NULL),
(255, 'DL_SNM_2014_0046C', 528, '2014-08-24', '0000-00-00', 'Vært Simone & Kristian', 'Statens Naturhistoriske Museum', 'akelager@snm.ku.dk', '2014-08-24', '0000-00-00', '', '', NULL, '', 'SNM2014', '2016-05-23 10:56:05', '{ Excel }', NULL),
(256, 'DL_SNM_2014_0046D', 529, '2014-08-24', '0000-00-00', 'Vært Simone & Kristian', 'Statens Naturhistoriske Museum', 'akelager@snm.ku.dk', '2014-08-24', '0000-00-00', '', '', NULL, '', 'SNM2014', '2016-05-23 10:56:06', '{ Excel }', NULL),
(257, 'DL_SNM_2014_0047A', 530, '2014-08-24', '0000-00-00', 'Vært Simone & Kristian', 'Statens Naturhistoriske Museum', 'akelager@snm.ku.dk', '2014-08-24', '0000-00-00', '', '', NULL, '', 'SNM2014', '2016-05-23 10:56:06', '{ Excel }', NULL),
(258, 'DL_SNM_2014_0047B', 531, '2014-08-24', '0000-00-00', 'Vært Simone & Kristian', 'Statens Naturhistoriske Museum', 'akelager@snm.ku.dk', '2014-08-24', '0000-00-00', '', '', NULL, '', 'SNM2014', '2016-05-23 10:56:06', '{ Excel }', NULL),
(259, 'DL_SNM_2014_0047C', 532, '2014-08-24', '0000-00-00', 'Vært Simone & Kristian', 'Statens Naturhistoriske Museum', 'akelager@snm.ku.dk', '2014-08-24', '0000-00-00', '', '', NULL, '', 'SNM2014', '2016-05-23 10:56:06', '{ Excel }', NULL),
(260, 'DL_SNM_2014_0047D', 533, '2014-08-24', '0000-00-00', 'Vært Simone & Kristian', 'Statens Naturhistoriske Museum', 'akelager@snm.ku.dk', '2014-08-24', '0000-00-00', '', '', NULL, '', 'SNM2014', '2016-05-23 10:56:06', '{ Excel }', NULL),
(261, 'DL_SNM_2014_0048A', 534, '2014-08-24', '0000-00-00', 'Vært Simone & Kristian', 'Statens Naturhistoriske Museum', 'akelager@snm.ku.dk', '2014-08-24', '0000-00-00', '', '', NULL, '', 'SNM2014', '2016-05-23 10:56:07', '{ Excel }', NULL),
(262, 'DL_SNM_2014_0048B', 535, '2014-08-24', '0000-00-00', 'Vært Simone & Kristian', 'Statens Naturhistoriske Museum', 'akelager@snm.ku.dk', '2014-08-24', '0000-00-00', '', '', NULL, '', 'SNM2014', '2016-05-23 10:56:07', '{ Excel }', NULL),
(263, 'DL_SNM_2014_0048C', 536, '2014-08-24', '0000-00-00', 'Vært Simone & Kristian', 'Statens Naturhistoriske Museum', 'akelager@snm.ku.dk', '2014-08-24', '0000-00-00', '', '', NULL, '', 'SNM2014', '2016-05-23 10:56:07', '{ Excel }', NULL),
(264, 'DL_SNM_2014_0048D', 537, '2014-08-24', '0000-00-00', 'Vært Simone & Kristian', 'Statens Naturhistoriske Museum', 'akelager@snm.ku.dk', '2014-08-24', '0000-00-00', '', '', NULL, '', 'SNM2014', '2016-05-23 10:56:07', '{ Excel }', NULL),
(265, 'DL_SNM_2014_0049A', 538, '2014-08-24', '0000-00-00', 'Vært Simone & Kristian', 'Statens Naturhistoriske Museum', 'akelager@snm.ku.dk', '2014-08-24', '0000-00-00', '', '', NULL, '', 'SNM2014', '2016-05-23 10:56:07', '{ Excel }', NULL),
(266, 'DL_SNM_2014_0049B', 539, '2014-08-24', '0000-00-00', 'Vært Simone & Kristian', 'Statens Naturhistoriske Museum', 'akelager@snm.ku.dk', '2014-08-24', '0000-00-00', '', '', NULL, '', 'SNM2014', '2016-05-23 10:56:07', '{ Excel }', NULL),
(267, 'DL_SNM_2014_0049C', 540, '2014-08-24', '0000-00-00', 'Vært Simone & Kristian', 'Statens Naturhistoriske Museum', 'akelager@snm.ku.dk', '2014-08-24', '0000-00-00', '', '', NULL, '', 'SNM2014', '2016-05-23 10:56:08', '{ Excel }', NULL),
(268, 'DL_SNM_2014_0049D', 541, '2014-08-24', '0000-00-00', 'Vært Simone & Kristian', 'Statens Naturhistoriske Museum', 'akelager@snm.ku.dk', '2014-08-24', '0000-00-00', '', '', NULL, '', 'SNM2014', '2016-05-23 10:56:08', '{ Excel }', NULL),
(269, 'DL_SNM_2014_0050A', 542, '2014-08-24', '2015-08-04', 'Vært Simone & Kristian', 'Statens Naturhistoriske Museum', 'akelager@snm.ku.dk', '2014-08-24', '0000-00-00', '', '', NULL, '', 'SNM2014', '2016-05-23 10:56:08', '{ Excel }', NULL),
(270, 'DL_SNM_2014_0050B', 543, '2014-08-24', '0000-00-00', 'Vært Simone & Kristian', 'Statens Naturhistoriske Museum', 'akelager@snm.ku.dk', '2014-08-24', '0000-00-00', '', '', NULL, '', 'SNM2014', '2016-05-23 10:56:08', '{ Excel }', NULL),
(271, 'DL_SNM_2014_0050C', 544, '2014-08-24', '0000-00-00', 'Vært Simone & Kristian', 'Statens Naturhistoriske Museum', 'akelager@snm.ku.dk', '2014-08-24', '0000-00-00', '', '', NULL, '', 'SNM2014', '2016-05-23 10:56:08', '{ Excel }', NULL),
(272, 'DL_SNM_2014_0050D', 545, '2014-08-24', '0000-00-00', 'Vært Simone & Kristian', 'Statens Naturhistoriske Museum', 'akelager@snm.ku.dk', '2014-08-24', '0000-00-00', '', '', NULL, '', 'SNM2014', '2016-05-23 10:56:08', '{ Excel }', NULL),
(273, 'DL_SNM_2014_0051A', 546, '2014-08-24', '0000-00-00', 'Vært Simone & Kristian', 'Statens Naturhistoriske Museum', 'akelager@snm.ku.dk', '2014-08-24', '0000-00-00', '', '', NULL, '', 'SNM2014', '2016-05-23 10:56:09', '{ Excel }', NULL),
(274, 'DL_SNM_2014_0051B', 547, '2014-08-24', '0000-00-00', 'Vært Simone & Kristian', 'Statens Naturhistoriske Museum', 'akelager@snm.ku.dk', '2014-08-24', '0000-00-00', '', '', NULL, '', 'SNM2014', '2016-05-23 10:56:09', '{ Excel }', NULL),
(275, 'DL_SNM_2014_0052', 548, '2014-08-31', '0000-00-00', 'Camilla Albech Kleis', 'Statens Naturhistoriske Museum', 'camilla.kleis@snm.ku.dk', '2014-09-02', '0000-00-00', '', '', NULL, '', 'SNM2014', '2016-05-23 10:56:09', '{ Excel }', NULL),
(276, 'DL_SNM_2014_0053', 549, '2014-09-04', '0000-00-00', 'Tina Jørgensen', 'Statens Naturhistoriske Museum', 'tina.joe@snm.ku.dk', '0000-00-00', '2014-09-05', '2x50 EB buffer', '', NULL, '', 'SNM2014', '2016-05-23 10:56:09', '{ Excel }', NULL),
(277, 'DL_SNM_2014_0054', 550, '2014-09-07', '0000-00-00', 'Lotte Endsleff', 'Statens Naturhistoriske Museum', 'lendsleff@snm.ku.dk', '2014-09-09', '0000-00-00', '', '', NULL, '', 'SNM2014', '2016-05-23 10:56:09', '{ Excel }', NULL),
(278, 'DL_SNM_2014_0055', 551, '2014-09-07', '0000-00-00', 'Lotte Endsleff', 'Statens Naturhistoriske Museum', 'lendsleff@snm.ku.dk', '2014-09-09', '0000-00-00', '', '', NULL, '', 'SNM2014', '2016-05-23 10:56:09', '{ Excel }', NULL),
(279, 'DL_SNM_2014_0056', 552, '2014-09-16', '0000-00-00', 'Svend Erik Jørgensen', 'Statens Naturhistoriske Museum', 'msijapan@hotmail.com', '2014-09-17', '0000-00-00', '', '', NULL, '', 'SNM2014', '2016-05-23 10:56:10', '{ Excel }', NULL),
(280, 'DL_SNM_2014_0057', 553, '2014-09-16', '0000-00-00', 'Svend Erik Jørgensen', 'Statens Naturhistoriske Museum', 'msijapan@hotmail.com', '2014-09-19', '0000-00-00', '', '', NULL, '', 'SNM2014', '2016-05-23 10:56:10', '{ Excel }', NULL),
(281, 'DL_SNM_2014_0058', 554, '2014-09-16', '0000-00-00', 'Svend Erik Jørgensen', 'Statens Naturhistoriske Museum', 'msijapan@hotmail.com', '2014-09-19', '0000-00-00', '', '', NULL, '', 'SNM2014', '2016-05-23 10:56:10', '{ Excel }', NULL),
(282, 'DL_SNM_2014_0059', 555, '2014-08-23', '0000-00-00', 'Emma Sørgaard', 'Statens Naturhistoriske Museum', 'emma.sorgaard@snm.ku.dk', '2014-08-29', '0000-00-00', '', '', NULL, '', 'SNM2014', '2016-05-23 10:56:10', '{ Excel }', NULL),
(283, 'DL_SNM_2015_001', 556, '2015-04-20', '2015-11-24', 'Skjalm Biba', 'Statens Naturhistoriske Museum', 'Skjalm.Biba@snm.ku.dk', '2015-04-24', '2015-04-27', '125', '92.6', NULL, '', 'SNM2015', '2016-05-23 10:56:10', '{ Excel }', NULL),
(284, 'DL_SNM_2015_002', 557, '2015-05-03', '2015-07-10', 'Luise Ørsted Brandt', 'Statens Naturhistoriske Museum', 'lbrandt@hum.ku.dk', '2015-05-04', '2015-05-06', '125', '4.26', NULL, '', 'SNM2015', '2016-05-23 10:56:10', '{ Excel }', NULL),
(285, 'DL_SNM_2015_003', 558, '2015-05-17', '0000-00-00', '?', 'Statens Naturhistoriske Museum', '', '2015-05-19', '2016-03-08', '125', '23.8', NULL, '', 'SNM2015', '2016-05-23 10:56:11', '{ Excel }', NULL),
(286, 'DL_SNM_2015_004', 559, '2015-05-17', '2016-03-03', 'Marie Lillemark', 'Statens Naturhistoriske Museum', 'marie.lillemark@snm.ku.dk', '2015-05-19', '2016-02-11', '125', '3.42', NULL, '', 'SNM2015', '2016-05-23 10:56:11', '{ Excel }', NULL),
(287, 'DL_SNM_2015_005', 560, '2015-05-23', '0000-00-00', 'Trine Sørensen', 'Statens Naturhistoriske Museum', 'trines@snm.ku.dk', '2015-05-26', '2016-03-08', '125', '0.796', NULL, '', 'SNM2015', '2016-05-23 10:56:11', '{ Excel }', NULL),
(288, 'DL_SNM_2015_006', 561, '2015-05-25', '0000-00-00', 'Nina Rønsted', 'Statens Naturhistoriske Museum', 'nronsted@snm.ku.dk', '2015-05-26', '2016-03-08', '125', '63.2', NULL, '', 'SNM2015', '2016-05-23 10:56:11', '{ Excel }', NULL),
(289, 'DL_SNM_2015_007', 562, '2015-05-22', '0000-00-00', 'Morten Meldgaard', 'Statens Naturhistoriske Museum', 'mmeldgaard@snm.ku.dk', '2015-05-26', '2016-03-08', '125', '59.2', NULL, '', 'SNM2015', '2016-05-23 10:56:11', '{ Excel }', NULL),
(290, 'DL_SNM_2015_008', 563, '2015-05-24', '0000-00-00', 'Kristian Bjergbakke', 'Statens Naturhistoriske Museum', 'kbjergbakke@snm.ku.dk', '2015-05-26', '2016-03-08', '125', 'too high', NULL, '', 'SNM2015', '2016-05-23 10:56:11', '{ Excel }', NULL),
(291, 'DL_SNM_2015_009', 564, '2015-05-24', '2016-03-08', 'Marie Lillemark', 'Statens Naturhistoriske Museum', 'marie.lillemark@snm.ku.dk', '2015-05-26', '2016-02-11', '125', '9.46', NULL, '', 'SNM2015', '2016-05-23 10:56:11', '{ Excel }', NULL),
(292, 'DL_SNM_2015_010', 565, '2015-05-31', '2015-12-09', 'Henning Haack', 'Statens Naturhistoriske Museum', 'hh@snm.ku.dk', '2015-06-02', '2015-08-17', '125', '19.9', NULL, '', 'SNM2015', '2016-05-23 10:56:11', '{ Excel }', NULL),
(293, 'DL_SNM_2015_011', 566, '2015-05-31', '2016-01-08', 'Henning Haack', 'Statens Naturhistoriske Museum', 'hh@snm.ku.dk', '2015-06-02', '2015-08-17', '125', '3.92', NULL, '', 'SNM2015', '2016-05-23 10:56:12', '{ Excel }', NULL),
(294, 'DL_SNM_2015_012', 567, '2015-05-31', '0000-00-00', 'Lykke Maria Jensen', 'Statens Naturhistoriske Museum', 'lykkemjensen@snm.ku.dk', '2015-06-01', '2015-08-17', '125', '28.4', NULL, '', 'SNM2015', '2016-05-23 10:56:12', '{ Excel }', NULL),
(295, 'DL_SNM_2015_013', 568, '2015-05-31', '2016-02-02', 'Marie-Louise Siggaard-Andersen', 'Statens Naturhistoriske Museum', 'mlsandersen@snm.ku.dk', '2015-06-01', '2015-08-17', '125', '16.7', NULL, '', 'SNM2015', '2016-05-23 10:56:12', '{ Excel }', NULL),
(296, 'DL_SNM_2015_014', 569, '2015-05-30', '2015-11-05', 'Cecilie Toudal Pedersen', 'Statens Naturhistoriske Museum', 'cecilie.toudal@snm.ku.dk', '2015-06-01', '2015-08-25', '125', '41.6', NULL, '', 'SNM2015', '2016-05-23 10:56:12', '{ Excel }', NULL),
(297, 'DL_SNM_2015_015', 570, '2015-06-06', '2016-02-11', 'Rikke Danø', 'Statens Naturhistoriske Museum', 'rsdanoe@snm.ku.dk', '2015-06-08', '2015-11-05', '125', '3.78', NULL, '', 'SNM2015', '2016-05-23 10:56:12', '{ Excel }', NULL),
(298, 'DL_SNM_2015_016', 571, '2015-06-06', '2016-03-02', 'Marie Lillemark', 'Statens Naturhistoriske Museum', 'marie.lillemark@snm.ku.dk', '2015-06-08', '2016-02-11', '125', '0.494', NULL, '', 'SNM2015', '2016-05-23 10:56:12', '{ Excel }', NULL),
(299, 'DL_SNM_2015_017', 572, '2015-06-07', '0000-00-00', 'Elisabeth Wulffeld', 'Statens Naturhistoriske Museum', 'elisabethw@snm.ku.dk', '2015-06-10', '2015-11-05', '125', '7.96', NULL, '', 'SNM2015', '2016-05-23 10:56:12', '{ Excel }', NULL),
(300, 'DL_SNM_2015_018', 573, '2015-06-07', '0000-00-00', 'Elisabeth Wulffeld', 'Statens Naturhistoriske Museum', 'elisabethw@snm.ku.dk', '2015-06-11', '2015-08-17', '125', '5.3', NULL, '', 'SNM2015', '2016-05-23 10:56:12', '{ Excel }', NULL),
(301, 'DL_SNM_2015_019', 574, '2015-06-06', '2016-02-09', 'Bjørn Hermannsen', 'Statens Naturhistoriske Museum', 'bhermansen@snm.ku.dk', '2015-06-10', '2015-11-05', '125', '2.04', NULL, '', 'SNM2015', '2016-05-23 10:56:13', '{ Excel }', NULL),
(302, 'DL_SNM_2015_020', 575, '2015-06-04', '2016-02-04', 'Anna-Sofie Stensgaard', 'Statens Naturhistoriske Museum', 'asstensgaard@snm.ku.dk', '2015-06-10', '2015-11-05', '125', '23.2', NULL, '', 'SNM2015', '2016-05-23 10:56:13', '{ Excel }', NULL),
(303, 'DL_SNM_2015_021', 576, '2015-06-23', '0000-00-00', '?', 'Statens Naturhistoriske Museum', '', '2015-06-29', '2015-08-17', '125', '10.3', NULL, '', 'SNM2015', '2016-05-23 10:56:13', '{ Excel }', NULL),
(304, 'DL_SNM_2015_022', 577, '2015-06-14', '2015-11-06', 'Anna-Sofie Stensgaard', 'Statens Naturhistoriske Museum', 'asstensgaard@snm.ku.dk', '2015-07-01', '2015-08-25', '125', '1.58', NULL, '', 'SNM2015', '2016-05-23 10:56:13', '{ Excel }', NULL),
(305, 'DL_SNM_2015_023', 578, '2015-06-26', '2015-07-10', 'Marie Lillemark & Andreas Kelager', 'Statens Naturhistoriske Museum', 'marie.lillemark@snm.ku.dk; akelager@snm.', '2015-06-26', '2015-07-07', '125', '0.68', NULL, '', 'SNM2015', '2016-05-23 10:56:13', '{ Excel }', NULL),
(306, 'DL_SNM_2015_024', 579, '2015-06-26', '2015-11-25', 'Marie Lillemark & Andreas Kelager', 'Statens Naturhistoriske Museum', 'marie.lillemark@snm.ku.dk; akelager@snm.', '2015-06-26', '2015-07-07', '125', '0.886', NULL, '', 'SNM2015', '2016-05-23 10:56:13', '{ Excel }', NULL),
(307, 'DL_SNM_2015_025', 580, '2015-06-26', '2015-12-03', 'Marie Lillemark & Andreas Kelager', 'Statens Naturhistoriske Museum', 'marie.lillemark@snm.ku.dk; akelager@snm.', '2015-06-26', '2015-07-07', '125', '0.99', NULL, '', 'SNM2015', '2016-05-23 10:56:13', '{ Excel }', NULL),
(308, 'DL_SNM_2015_026', 581, '2015-07-02', '2015-01-26', 'Rikke Høvring', 'Statens Naturhistoriske Museum', 'rikkemai@snm.ku.dk', '2015-07-07', '2015-08-25', '125', '56.8', NULL, '', 'SNM2015', '2016-05-23 10:56:13', '{ Excel }', NULL),
(309, 'DL_SNM_2015_027', 582, '2015-06-05', '2016-03-18', 'Andreas Kelager', 'Statens Naturhistoriske Museum', 'akelager@snm.ku.dk', '2015-07-07', '2015-08-17', '125', '11.4', NULL, '', 'SNM2015', '2016-05-23 10:56:14', '{ Excel }', NULL),
(310, 'DL_SNM_2015_028', 583, '2015-07-02', '2016-03-09', 'Rikke Høvring', 'Statens Naturhistoriske Museum', 'rikkemai@snm.ku.dk', '2015-07-08', '2016-02-11', '125', '11', NULL, '', 'SNM2015', '2016-05-23 10:56:14', '{ Excel }', NULL),
(311, 'DL_SNM_2015_029', 584, '2015-07-02', '2016-03-11', 'Rikke Høvring', 'Statens Naturhistoriske Museum', 'rikkemai@snm.ku.dk', '2015-07-08', '2016-02-11', '125', '20.6', NULL, '', 'SNM2015', '2016-05-23 10:56:14', '{ Excel }', NULL),
(312, 'DL_SNM_2015_030', 585, '2015-07-16', '2016-02-23', 'Mia Lindegaard Pedersen', 'Statens Naturhistoriske Museum', 'mia.pedersen@snm.ku.dk', '2015-07-24', '2015-08-25', '125', '2.4', NULL, '', 'SNM2015', '2016-05-23 10:56:14', '{ Excel }', NULL),
(313, 'DL_SNM_2015_031', 586, '2015-07-24', '0000-00-00', 'Nanna Heidemann', 'Statens Naturhistoriske Museum', 'nanna.heidemann@snm.ku.dk', '2015-07-31', '2015-08-25', '125', '25.4', NULL, '', 'SNM2015', '2016-05-23 10:56:14', '{ Excel }', NULL),
(314, 'DL_SNM_2015_032', 587, '2015-08-09', '2016-02-03', 'Maiken Engelhardt', 'Statens Naturhistoriske Museum', 'mengelhardt@snm.ku.dk', '0000-00-00', '2015-08-25', '125', '2.72', NULL, '', 'SNM2015', '2016-05-23 10:56:14', '{ Excel }', NULL),
(315, 'DL_SNM_2015_033', 588, '2015-08-09', '2016-02-25', 'Maiken Engelhardt', 'Statens Naturhistoriske Museum', 'mengelhardt@snm.ku.dk', '0000-00-00', '2015-08-25', '125', '2.06', NULL, '', 'SNM2015', '2016-05-23 10:56:14', '{ Excel }', NULL),
(316, 'DL_SNM_2015_034', 589, '2015-09-13', '0000-00-00', 'Mette Wenøe', 'Statens Naturhistoriske Museum', 'mette.wenoe@snm.ku.dk', '0000-00-00', '2016-02-11', '125', '11.8', NULL, '', 'SNM2015', '2016-05-23 10:56:14', '{ Excel }', NULL),
(317, 'DL_SNM_2015_035', 590, '2015-09-18', '0000-00-00', 'Vivi Malmkvist Andersen', 'Statens Naturhistoriske Museum', 'vivi.andersen@snm.ku.dk', '0000-00-00', '2016-02-11', '125', '2.04', NULL, '', 'SNM2015', '2016-05-23 10:56:14', '{ Excel }', NULL),
(318, 'DL_SNM_2015_036', 591, '2015-09-18', '2016-03-10', 'Vivi Malmkvist Andersen', 'Statens Naturhistoriske Museum', 'vivi.andersen@snm.ku.dk', '0000-00-00', '2016-02-11', '125', '1.22', NULL, '', 'SNM2015', '2016-05-23 10:56:15', '{ Excel }', NULL),
(319, 'DL_SNM_2015_037', 592, '2015-09-27', '0000-00-00', 'Tonni Eilersen', 'Statens Naturhistoriske Museum', 'teilersen@snm.ku.dk', '0000-00-00', '2016-03-08', '125', 'too high', NULL, '', 'SNM2015', '2016-05-23 10:56:15', '{ Excel }', NULL),
(320, 'DL_SNM_2015_038', 593, '2015-09-27', '0000-00-00', 'Tonni Eilersen', 'Statens Naturhistoriske Museum', 'teilersen@snm.ku.dk', '0000-00-00', '2016-03-08', '125', '37.4', NULL, '', 'SNM2015', '2016-05-23 10:56:15', '{ Excel }', NULL),
(321, 'DL_SNM_2015_039_1', 594, '2015-11-26', '0000-00-00', 'Mette Grøn', 'Statens Naturhistoriske Museum', 'meddi@hotmail.com', '0000-00-00', '2016-03-08', '125', '8.28', NULL, '', 'SNM2015', '2016-05-23 10:56:15', '{ Excel }', NULL),
(322, 'DL_SNM_2015_039_2', 595, '2015-11-26', '0000-00-00', 'Mette Grøn', 'Statens Naturhistoriske Museum', 'meddi@hotmail.com', '0000-00-00', '2016-03-08', '125', '1.43', NULL, '', 'SNM2015', '2016-05-23 10:56:15', '{ Excel }', NULL),
(323, 'DL_SNM_2015_040', 596, '2015-05-21', '0000-00-00', 'Mette Grøn/Maja Elling', 'Statens Naturhistoriske Museum', 'mette.groen@snm.ku.dk; maja.elling@snm.k', '0000-00-00', '2016-03-16', '125', '12.3', NULL, '', 'SNM2015', '2016-05-23 10:56:15', '{ Excel }', NULL),
(324, 'DL_SNM_2015_041_1', 597, '2015-06-23', '0000-00-00', 'Mette Grøn/Maja Elling', 'Statens Naturhistoriske Museum', 'mette.groen@snm.ku.dk; maja.elling@snm.k', '0000-00-00', '2016-03-16', '125', '8.1', NULL, '', 'SNM2015', '2016-05-23 10:56:15', '{ Excel }', NULL),
(325, 'DL_SNM_2015_041_2', 598, '2015-06-23', '0000-00-00', 'Mette Grøn/Maja Elling', 'Statens Naturhistoriske Museum', 'mette.groen@snm.ku.dk; maja.elling@snm.k', '0000-00-00', '2016-03-16', '125', '6.94', NULL, '', 'SNM2015', '2016-05-23 10:56:15', '{ Excel }', NULL),
(326, 'DL_SNM_2015_042', 599, '2015-07-17', '0000-00-00', 'Mette Grøn/Maja Elling', 'Statens Naturhistoriske Museum', 'mette.groen@snm.ku.dk; maja.elling@snm.k', '0000-00-00', '2016-03-16', '125', '6.28', NULL, '', 'SNM2015', '2016-05-23 10:56:16', '{ Excel }', NULL),
(327, 'DL_SNM_2015_043', 600, '2015-09-29', '0000-00-00', 'Mette Grøn/Maja Elling', 'Statens Naturhistoriske Museum', 'mette.groen@snm.ku.dk; maja.elling@snm.k', '0000-00-00', '2016-03-16', '125', '24.4', NULL, '', 'SNM2015', '2016-05-23 10:56:16', '{ Excel }', NULL),
(328, 'DL_SNM_2015_044', 601, '2015-12-28', '0000-00-00', 'Mette Grøn/Maja Elling', 'Statens Naturhistoriske Museum', 'mette.groen@snm.ku.dk; maja.elling@snm.k', '0000-00-00', '2016-03-16', '125', '9.06', NULL, '', 'SNM2015', '2016-05-23 10:56:16', '{ Excel }', NULL),
(329, 'DL_SNM_2015_045', 602, '2016-03-14', '0000-00-00', 'Mette Grøn/Maja Elling', 'Statens Naturhistoriske Museum', 'mette.groen@snm.ku.dk; maja.elling@snm.k', '0000-00-00', '2016-03-16', '125', '6.84', NULL, '', 'SNM2015', '2016-05-23 10:56:16', '{ Excel }', NULL),
(330, 'DL_SNM_2015_046', 603, '2015-03-18', '0000-00-00', 'Mette Grøn/Maja Elling', 'Statens Naturhistoriske Museum', 'mette.groen@snm.ku.dk; maja.elling@snm.k', '0000-00-00', '2016-04-20', '125', '21.6', NULL, '', 'SNM2015', '2016-05-23 10:56:16', '{ Excel }', NULL),
(331, 'DL_SNM_2015_047', 604, '2015-04-14', '0000-00-00', 'Mette Grøn/Maja Elling', 'Statens Naturhistoriske Museum', 'mette.groen@snm.ku.dk; maja.elling@snm.k', '0000-00-00', '2016-04-20', '125', '3.74', NULL, '', 'SNM2015', '2016-05-23 10:56:16', '{ Excel }', NULL),
(332, 'DL_SNM_2015_048', 605, '2015-04-14', '0000-00-00', 'Mette Grøn/Maja Elling', 'Statens Naturhistoriske Museum', 'mette.groen@snm.ku.dk; maja.elling@snm.k', '0000-00-00', '2016-04-20', '125', '2.9', NULL, '', 'SNM2015', '2016-05-23 10:56:16', '{ Excel }', NULL),
(333, 'DL_SNM_2015_049', 606, '2015-04-14', '0000-00-00', 'Mette Grøn/Maja Elling', 'Statens Naturhistoriske Museum', 'mette.groen@snm.ku.dk; maja.elling@snm.k', '0000-00-00', '2016-04-20', '125', '8.66', NULL, '', 'SNM2015', '2016-05-23 10:56:16', '{ Excel }', NULL),
(334, 'DL_SNM_2015_050', 607, '2016-05-02', '0000-00-00', '', 'Statens Naturhistoriske Museum', '', '0000-00-00', '2016-05-10', '125', 'too low', NULL, '', 'SNM2015', '2016-05-23 10:56:17', '{ Excel }', NULL),
(335, 'DL_SNM_2015_051', 608, '2016-05-02', '0000-00-00', '', 'Statens Naturhistoriske Museum', '', '0000-00-00', '2016-05-10', '125', 'too low', NULL, '', 'SNM2015', '2016-05-23 10:56:17', '{ Excel }', NULL),
(338, 'r', 611, NULL, NULL, NULL, NULL, NULL, NULL, NULL, NULL, NULL, NULL, NULL, NULL, '2016-06-06 11:02:27', '-- test --', NULL),
(354, 'wwwwww', 627, NULL, NULL, NULL, NULL, NULL, NULL, NULL, NULL, NULL, NULL, NULL, NULL, '2016-06-06 12:14:14', '-- test --', NULL),
(355, 'ggggg', 628, NULL, NULL, NULL, NULL, NULL, NULL, NULL, NULL, NULL, NULL, NULL, NULL, '2016-06-06 12:18:51', '-- test --', NULL),
(356, 'sdfsdfsdf', 629, NULL, NULL, NULL, NULL, NULL, NULL, NULL, NULL, NULL, NULL, NULL, NULL, '2016-06-06 12:22:05', '-- test --', NULL),
(357, 'qwerty', 630, NULL, NULL, NULL, NULL, NULL, NULL, NULL, NULL, NULL, NULL, NULL, NULL, '2016-06-06 12:28:28', '-- test --', NULL),
(358, 'AAA', 631, '2016-06-06', NULL, 'Andreas Kelager', 'Rødovre Gymnasium', 'dadk@test.dk', '2016-06-06', '2016-06-06', NULL, NULL, NULL, NULL, 'SNM2014', '2016-06-06 12:29:25', '-- test --', NULL),
(359, 'bbbbbb', 632, NULL, NULL, NULL, NULL, NULL, NULL, NULL, NULL, NULL, NULL, NULL, NULL, '2016-06-06 12:53:17', '-- test --', NULL),
(360, 'dsfgdfgdfgdfg', 633, NULL, NULL, NULL, NULL, NULL, NULL, NULL, NULL, NULL, NULL, NULL, NULL, '2016-06-06 12:56:33', '-- test --', NULL),
(361, 'ddddd', 634, NULL, NULL, NULL, NULL, NULL, NULL, NULL, NULL, NULL, NULL, NULL, NULL, '2016-06-08 09:29:30', '-- test --', NULL);

-- --------------------------------------------------------

--
-- Table structure for table `resultat`
--

CREATE TABLE IF NOT EXISTS `resultat` (
  `resultat_id` int(11) NOT NULL AUTO_INCREMENT,
  `booking_id` int(11) DEFAULT NULL,
  `proeve_id` int(11) DEFAULT NULL,
  `taxon_ids` varchar(255) DEFAULT NULL,
  `datoForAnalyse` date DEFAULT NULL,
  `created_timestamp` timestamp NOT NULL DEFAULT CURRENT_TIMESTAMP,
  `created_userName` varchar(50) DEFAULT NULL,
  `locked_by` varchar(50) DEFAULT NULL,
  PRIMARY KEY (`resultat_id`)
) ENGINE=InnoDB  DEFAULT CHARSET=utf8 AUTO_INCREMENT=6 ;

--
-- Dumping data for table `resultat`
--

INSERT INTO `resultat` (`resultat_id`, `booking_id`, `proeve_id`, `taxon_ids`, `datoForAnalyse`, `created_timestamp`, `created_userName`, `locked_by`) VALUES
(1, 5, 157, '3,5,8,9,10,11,12,13,14,15,16,17,18,19,20,21,24,25', '2014-09-25', '2016-05-25 19:05:37', '-- test --', NULL),
(2, 7, 43, '2,5,8,9,10,11,12,13,14,15,16,17,18,19,20,21,24,25', '2014-10-01', '2016-05-25 19:06:00', '-- test --', NULL),
(3, 0, 43, '8,9,10,11,12,13,14,15,16,17,18,19,20,21,22,24,25', '2016-06-13', '2016-06-06 11:02:17', '-- test --', '-- test --'),
(4, 0, 338, '8,9,10,11,12,13,14,15,16,17,18,19,20,21,22,24,25', NULL, '2016-06-06 11:02:27', '-- test --', NULL),
(5, 8, 5, '8,9,10,11,12,13,14,15,16,17,18,19,20,21,24,25', '2014-10-07', '2016-06-06 11:02:33', '-- test --', NULL);

-- --------------------------------------------------------

--
-- Table structure for table `resultat_item`
--

CREATE TABLE IF NOT EXISTS `resultat_item` (
  `resultat_item_id` int(11) NOT NULL AUTO_INCREMENT,
  `resultat_id` int(11) NOT NULL,
  `taxon_id` int(11) NOT NULL,
  `analyseret` tinyint(1) DEFAULT NULL,
  `positiv` tinyint(1) DEFAULT NULL,
  `negativ` tinyint(1) DEFAULT NULL,
  `eDNA` tinyint(1) DEFAULT NULL,
  `database_result` tinyint(1) DEFAULT NULL,
  `Ct_vaerdi` varchar(20) DEFAULT NULL,
  PRIMARY KEY (`resultat_item_id`)
) ENGINE=InnoDB  DEFAULT CHARSET=utf8 AUTO_INCREMENT=45 ;

--
-- Dumping data for table `resultat_item`
--

INSERT INTO `resultat_item` (`resultat_item_id`, `resultat_id`, `taxon_id`, `analyseret`, `positiv`, `negativ`, `eDNA`, `database_result`, `Ct_vaerdi`) VALUES
(2, 2, 11, NULL, 1, 0, 1, 1, NULL),
(3, 2, 16, NULL, 1, 0, 1, 1, NULL),
(4, 2, 11, NULL, 1, 0, 1, 1, NULL),
(6, 2, 11, NULL, 1, 0, 1, 1, NULL),
(7, 2, 11, NULL, 1, 0, 1, 1, NULL),
(8, 1, 24, NULL, 1, 1, 1, 1, '1'),
(9, 1, 11, NULL, 1, 1, 1, 1, '2'),
(10, 1, 16, NULL, 1, 1, 1, 1, '3'),
(11, 1, 18, NULL, 1, 1, 1, 1, '4'),
(12, 1, 9, NULL, 1, 0, 0, 1, NULL),
(13, 1, 20, NULL, 1, 0, 0, 1, '5'),
(14, 2, 24, NULL, 1, 1, 0, 1, NULL),
(15, 2, 16, NULL, 1, 0, 0, 1, NULL),
(16, 2, 16, NULL, 1, 0, 0, 1, NULL),
(17, 2, 16, NULL, 1, 0, 0, 1, NULL),
(18, 2, 16, NULL, 1, 0, 0, 1, NULL),
(19, 2, 24, NULL, 1, 1, 0, 1, NULL),
(20, 2, 24, NULL, 1, 1, 0, 1, NULL),
(21, 1, 12, NULL, 1, 0, 0, 1, '6'),
(22, 1, 12, NULL, NULL, NULL, NULL, NULL, NULL),
(24, 1, 12, NULL, 1, 0, 0, 1, NULL),
(25, 1, 3, NULL, 1, 0, 0, 1, NULL),
(26, 1, 3, NULL, 1, 0, 0, 1, NULL),
(27, 1, 3, NULL, 1, 0, 0, 1, NULL),
(28, 1, 3, NULL, 1, 0, 0, 1, NULL),
(29, 1, 3, NULL, 1, 0, 0, 1, NULL),
(30, 2, 2, NULL, 0, 0, 0, 0, '1'),
(31, 2, 2, NULL, 0, 0, 0, 0, '2'),
(33, 2, 2, NULL, 0, 0, 0, 0, '4'),
(34, 2, 2, NULL, 0, 0, 0, 0, '5'),
(35, 2, 8, NULL, NULL, NULL, NULL, NULL, NULL),
(36, 2, 20, NULL, NULL, NULL, NULL, NULL, NULL),
(37, 2, 5, NULL, NULL, NULL, NULL, NULL, NULL),
(38, 2, 5, NULL, NULL, NULL, NULL, NULL, NULL),
(39, 2, 5, NULL, NULL, NULL, NULL, NULL, NULL),
(40, 2, 5, NULL, NULL, NULL, NULL, NULL, NULL),
(41, 2, 5, NULL, NULL, NULL, NULL, NULL, NULL),
(42, 2, 5, NULL, NULL, NULL, NULL, NULL, NULL),
(43, 2, 2, NULL, 1, 0, 0, 1, NULL),
(44, 1, 3, NULL, NULL, NULL, NULL, NULL, NULL);

-- --------------------------------------------------------

--
-- Table structure for table `taxon`
--

CREATE TABLE IF NOT EXISTS `taxon` (
  `taxon_id` int(11) NOT NULL AUTO_INCREMENT,
  `taxon_navn` varchar(100) NOT NULL,
  `taxon_navn_dk` varchar(100) DEFAULT NULL,
  `taxon_artsgruppe` varchar(50) DEFAULT NULL,
  `taxon_basisliste` tinyint(1) NOT NULL DEFAULT '0',
  `taxon_prioritet` tinyint(3) NOT NULL DEFAULT '5',
  PRIMARY KEY (`taxon_id`),
  UNIQUE KEY `taxon_navn` (`taxon_navn`)
) ENGINE=InnoDB  DEFAULT CHARSET=utf8 AUTO_INCREMENT=28 ;

--
-- Dumping data for table `taxon`
--

INSERT INTO `taxon` (`taxon_id`, `taxon_navn`, `taxon_navn_dk`, `taxon_artsgruppe`, `taxon_basisliste`, `taxon_prioritet`) VALUES
(2, 'Abramis brama', 'Brasen', 'Fisk', 0, 10),
(3, 'Misgurnus fossilis', 'Dyndsmerling', 'Fisk', 0, 16),
(5, 'Esox lucius', 'Gedde', 'Fisk', 0, 13),
(8, 'Cobitis taenia', 'Pigsmerling', 'Fisk', 1, 11),
(9, 'Rutilus rutilus', 'Skalle', 'Fisk', 1, 4),
(10, 'Gasterosteus aculeatus', 'Trepigget hundestejle', 'Fisk', 1, 1),
(11, 'Dytiscus latissimus', 'Bred vandkalv', 'Biller', 1, 14),
(12, 'Graphoderus bilineatus', 'Lys skivevandkalv', 'Biller', 1, 17),
(13, 'Leucorrhinia pectoralis', 'Stor kærguldsmed', 'Guldsmede', 1, 7),
(14, 'Astacus astacus', 'Flodkrebs', 'Tibenede krebsdyr', 1, 15),
(15, 'Pacifastacus leniusculus', 'Signalkrebs', 'Tibenede krebsdyr', 1, 8),
(16, 'Bufotes variabilis', 'Grønbroget tudse', 'Padder', 1, 5),
(17, 'Pelobates fuscus', 'Løgfrø', 'Padder', 1, 18),
(18, 'Hyla arborea', 'Løvfrø', 'Padder', 1, 6),
(19, 'Rana arvalis', 'Spidssnudet frø', 'Padder', 1, 9),
(20, 'Lissotriton vulgaris', 'Lille vandsalamander', 'Padder', 1, 9),
(21, 'Triturus cristatus', 'Stor vandsalamander', 'Padder', 1, 19),
(24, 'Lutra lutra', 'Odder', 'Pattedyr', 1, 2),
(25, 'Asagena phalerata', 'Smuk voksedderkop', 'Edderkopper', 1, 20),
(26, 'Haliaeetus albicilla', 'Havørn', 'Fugle', 1, 12),
(27, 'Carpelimus pusillus', 'Bænkrovbille', 'Biller', 1, 3);

-- --------------------------------------------------------

--
-- Table structure for table `users`
--

CREATE TABLE IF NOT EXISTS `users` (
  `user_email` varchar(100) NOT NULL,
  `user_name` varchar(50) NOT NULL,
  `user_password` varchar(50) NOT NULL,
  `user_role` varchar(20) NOT NULL,
  UNIQUE KEY `user_email` (`user_email`)
) ENGINE=InnoDB DEFAULT CHARSET=utf8;

/*!40101 SET CHARACTER_SET_CLIENT=@OLD_CHARACTER_SET_CLIENT */;
/*!40101 SET CHARACTER_SET_RESULTS=@OLD_CHARACTER_SET_RESULTS */;
/*!40101 SET COLLATION_CONNECTION=@OLD_COLLATION_CONNECTION */;
