-- phpMyAdmin SQL Dump
-- version 4.0.10deb1
-- http://www.phpmyadmin.net
--
-- Host: localhost
-- Generation Time: Apr 04, 2016 at 09:08 AM
-- Server version: 5.5.44-0ubuntu0.14.04.1
-- PHP Version: 5.5.9-1ubuntu4.13

SET SQL_MODE = "NO_AUTO_VALUE_ON_ZERO";
SET time_zone = "+00:00";


/*!40101 SET @OLD_CHARACTER_SET_CLIENT=@@CHARACTER_SET_CLIENT */;
/*!40101 SET @OLD_CHARACTER_SET_RESULTS=@@CHARACTER_SET_RESULTS */;
/*!40101 SET @OLD_COLLATION_CONNECTION=@@COLLATION_CONNECTION */;
/*!40101 SET NAMES utf8 */;

--
-- Database: `dnaliv`
--

-- --------------------------------------------------------

--
-- Table structure for table `booking`
--

CREATE TABLE IF NOT EXISTS `booking` (
  `booking_id` int(11) NOT NULL AUTO_INCREMENT,
  `sagsNo` varchar(30) NOT NULL,
  `DatoForBesoeg` datetime DEFAULT NULL,
  `DatoForBooking` datetime DEFAULT NULL,
  `status` int(1) NOT NULL,
  `timestamp_created` timestamp NOT NULL DEFAULT CURRENT_TIMESTAMP ON UPDATE CURRENT_TIMESTAMP,
  `periode` int(11) NOT NULL,
  `aar_periode` int(11) NOT NULL,
  `lokalitet_id` int(11) DEFAULT NULL,
  PRIMARY KEY (`booking_id`)
) ENGINE=InnoDB  DEFAULT CHARSET=utf8 AUTO_INCREMENT=253 ;

--
-- Dumping data for table `booking`
--

INSERT INTO `booking` (`booking_id`, `sagsNo`, `DatoForBesoeg`, `DatoForBooking`, `status`, `timestamp_created`, `periode`, `aar_periode`, `lokalitet_id`) VALUES
(1, 'xxxxxx', '2014-09-17 00:00:00', '2016-03-06 23:00:00', 1, '2016-03-26 09:21:35', 1, 1, NULL),
(2, 'aTest02', '2014-09-19 00:00:00', '2016-03-03 23:00:00', 1, '2016-03-28 12:26:07', 1, 1, 6),
(3, 'aTest03', '2014-09-23 00:00:00', '2016-03-04 23:00:00', 1, '2016-03-28 17:56:34', 1, 1, 8),
(4, 'aTest04', '2014-09-24 00:00:00', '2016-03-06 23:00:00', 1, '2016-03-28 17:26:56', 1, 1, 7),
(5, 'aTest05', '2014-09-25 00:00:00', '0000-00-00 00:00:00', 0, '2016-03-18 06:22:41', 1, 1, NULL),
(6, 'aTest06', '2014-09-26 00:00:00', '0000-00-00 00:00:00', 0, '2016-03-18 06:22:41', 1, 1, NULL),
(7, 'aTest07', '2014-10-01 00:00:00', '0000-00-00 00:00:00', 0, '2016-03-18 06:22:41', 1, 1, NULL),
(8, 'F13-003', '2014-10-07 00:00:00', '2014-04-07 00:00:00', 0, '2016-03-18 06:22:42', 1, 1, NULL),
(9, 'F13-004', '2014-10-08 00:00:00', '2014-04-07 00:00:00', 0, '2016-03-18 06:22:42', 1, 1, NULL),
(10, 'F13-019', '2014-10-09 00:00:00', '2014-05-21 00:00:00', 0, '2016-03-18 06:22:42', 1, 1, NULL),
(11, 'F13-008', '2014-10-10 00:00:00', '2014-04-08 00:00:00', 0, '2016-03-18 06:22:43', 1, 1, NULL),
(12, 'F13-009', '2014-10-14 00:00:00', '2014-04-08 00:00:00', 0, '2016-03-18 06:22:43', 1, 1, NULL),
(13, 'F13-016', '2014-10-15 00:00:00', '2014-05-21 00:00:00', 0, '2016-03-18 06:22:43', 1, 1, NULL),
(14, 'F13-041', '2014-10-16 00:00:00', '2014-06-26 00:00:00', 0, '2016-03-18 06:22:43', 1, 1, NULL),
(15, 'F13-012', '2014-10-21 00:00:00', '2014-04-08 00:00:00', 0, '2016-03-18 06:22:43', 1, 1, NULL),
(16, 'F13-014', '2014-10-22 00:00:00', '2014-05-15 00:00:00', 0, '2016-03-18 06:22:44', 1, 1, NULL),
(17, 'F13-038', '2014-10-23 00:00:00', '2014-06-24 00:00:00', 0, '2016-03-18 06:22:44', 1, 1, NULL),
(18, 'F13-025', '2014-10-24 00:00:00', '2014-05-27 00:00:00', 0, '2016-03-18 06:22:44', 1, 1, NULL),
(19, 'F13-020', '2014-10-28 00:00:00', '2014-05-21 00:00:00', 0, '2016-03-18 06:22:44', 1, 1, NULL),
(20, 'F13-010', '2014-10-29 00:00:00', '2014-04-08 00:00:00', 0, '2016-03-18 06:22:44', 1, 1, NULL),
(21, 'F13-022', '2014-10-30 00:00:00', '2014-05-23 00:00:00', 0, '2016-03-18 06:22:45', 1, 1, NULL),
(22, 'F13-005', '2014-10-31 00:00:00', '2014-04-07 00:00:00', 0, '2016-03-18 06:22:45', 1, 1, NULL),
(23, 'F13-006', '2014-11-04 00:00:00', '2014-04-08 00:00:00', 0, '2016-03-18 06:22:45', 1, 1, NULL),
(24, 'F13-026', '2014-11-05 00:00:00', '2014-05-27 00:00:00', 0, '2016-03-18 06:22:45', 1, 1, NULL),
(25, 'F14-022', '2014-11-05 00:00:00', '2014-10-10 00:00:00', 0, '2016-03-18 06:22:46', 1, 1, NULL),
(26, 'F13-013', '2014-11-06 00:00:00', '2014-05-14 00:00:00', 0, '2016-03-18 06:22:46', 1, 1, NULL),
(27, 'F13-015', '2014-11-07 00:00:00', '2014-05-21 00:00:00', 0, '2016-03-18 06:22:46', 1, 1, NULL),
(28, 'F13-024', '2014-11-11 00:00:00', '2014-05-26 00:00:00', 0, '2016-03-18 06:22:46', 1, 1, NULL),
(29, 'F13-027', '2014-11-12 00:00:00', '2014-05-28 00:00:00', 0, '2016-03-18 06:22:46', 1, 1, NULL),
(30, 'F13-032', '2014-11-13 00:00:00', '2014-05-29 00:00:00', 0, '2016-03-18 06:22:47', 1, 1, NULL),
(31, 'F13-031', '2014-11-14 00:00:00', '2014-05-28 00:00:00', 0, '2016-03-18 06:22:47', 1, 1, NULL),
(32, 'F13-040', '2014-11-18 00:00:00', '2014-06-26 00:00:00', 0, '2016-03-18 06:22:47', 1, 1, NULL),
(33, 'F13-042', '2014-11-19 00:00:00', '2014-06-26 00:00:00', 0, '2016-03-18 06:22:47', 1, 1, NULL),
(34, 'F13-045', '2014-11-20 00:00:00', '2014-06-26 00:00:00', 0, '2016-03-18 06:22:47', 1, 1, NULL),
(35, 'F13-044', '2014-11-21 00:00:00', '2014-06-26 00:00:00', 0, '2016-03-18 06:22:48', 1, 1, NULL),
(36, 'F13-023', '2014-11-25 00:00:00', '2014-05-26 00:00:00', 0, '2016-03-18 06:22:48', 1, 1, NULL),
(37, 'F13-049', '2014-11-26 00:00:00', '2014-07-03 00:00:00', 0, '2016-03-18 06:22:48', 1, 1, NULL),
(38, 'F13-002', '2014-11-28 00:00:00', '2014-04-07 00:00:00', 1, '2016-03-28 17:59:41', 1, 1, 9),
(39, 'F13-052', '2014-12-02 00:00:00', '2014-07-31 00:00:00', 0, '2016-03-18 06:22:48', 1, 1, NULL),
(40, 'F13-028', '2014-12-03 00:00:00', '2014-05-28 00:00:00', 0, '2016-03-18 06:22:49', 1, 1, NULL),
(41, 'F13-034', '2014-12-04 00:00:00', '2014-06-03 00:00:00', 0, '2016-03-18 06:22:49', 1, 1, NULL),
(42, 'F14-016', '2014-12-05 00:00:00', '2014-08-26 00:00:00', 0, '2016-03-18 06:22:50', 1, 1, NULL),
(43, 'F13-048', '2014-12-09 00:00:00', '2014-07-02 00:00:00', 0, '2016-03-18 06:22:50', 1, 1, NULL),
(44, 'F13-007', '2014-12-10 00:00:00', '2014-04-08 00:00:00', 0, '2016-03-18 06:22:50', 1, 1, NULL),
(45, 'F14-005', '2014-12-11 00:00:00', '2014-08-11 00:00:00', 0, '2016-03-18 06:22:50', 1, 1, NULL),
(46, 'F13-036', '2014-12-12 00:00:00', '2014-06-19 00:00:00', 0, '2016-03-18 06:22:50', 1, 1, NULL),
(47, 'F14-013', '2014-12-16 00:00:00', '2014-08-20 00:00:00', 0, '2016-03-18 06:22:51', 1, 1, NULL),
(48, 'F14-006', '2014-12-17 00:00:00', '2014-06-26 00:00:00', 0, '2016-03-18 06:22:51', 1, 1, NULL),
(49, 'F14-017', '2014-12-18 00:00:00', '2014-08-26 00:00:00', 0, '2016-03-18 06:22:51', 1, 1, NULL),
(50, 'F14-009', '2015-01-06 00:00:00', '2014-08-18 00:00:00', 0, '2016-03-18 06:22:51', 2, 1, NULL),
(51, 'F14-010', '2015-01-07 00:00:00', '2014-08-18 00:00:00', 0, '2016-03-18 06:22:52', 2, 1, NULL),
(52, 'F14-031', '2015-01-07 00:00:00', '2014-11-21 00:00:00', 0, '2016-03-18 06:22:52', 2, 1, NULL),
(53, 'F14-007', '2015-01-08 00:00:00', '2014-08-12 00:00:00', 0, '2016-03-18 06:22:52', 2, 1, NULL),
(54, 'F14-018', '2015-01-09 00:00:00', '2014-08-31 00:00:00', 0, '2016-03-18 06:22:52', 2, 1, NULL),
(55, 'F14-033', '2015-01-09 00:00:00', '2014-12-05 00:00:00', 0, '2016-03-18 06:22:52', 2, 1, NULL),
(56, 'F13-021', '2015-01-13 00:00:00', '2014-05-22 00:00:00', 0, '2016-03-18 06:22:53', 2, 1, NULL),
(57, 'F13-039', '2015-01-14 00:00:00', '2014-06-24 00:00:00', 0, '2016-03-18 06:22:53', 2, 1, NULL),
(58, 'F13-047', '2015-01-15 00:00:00', '2014-07-01 00:00:00', 0, '2016-03-18 06:22:53', 2, 1, NULL),
(59, 'F14-015', '2015-01-16 00:00:00', '2014-08-25 00:00:00', 0, '2016-03-18 06:22:53', 2, 1, NULL),
(60, 'F13-043', '2015-01-20 00:00:00', '2014-06-26 00:00:00', 0, '2016-03-18 06:22:53', 2, 1, NULL),
(61, 'F13-037', '2015-01-21 00:00:00', '2014-06-22 00:00:00', 0, '2016-03-18 06:22:54', 2, 1, NULL),
(62, 'F14-004', '2015-01-22 00:00:00', '2014-08-07 00:00:00', 0, '2016-03-18 06:22:54', 2, 1, NULL),
(63, 'F14-020', '2015-01-23 00:00:00', '2014-09-11 00:00:00', 0, '2016-03-18 06:22:54', 2, 1, NULL),
(64, 'F14-011', '2015-01-27 00:00:00', '2014-08-19 00:00:00', 0, '2016-03-18 06:22:54', 2, 1, NULL),
(65, 'F14-027', '2015-01-28 00:00:00', '2014-11-19 00:00:00', 0, '2016-03-18 06:22:54', 2, 1, NULL),
(66, 'F14-026', '2015-01-29 00:00:00', '2014-11-13 00:00:00', 0, '2016-03-18 06:22:55', 2, 1, NULL),
(67, 'F14-028', '2015-02-03 00:00:00', '2014-11-19 00:00:00', 0, '2016-03-18 06:22:55', 2, 1, NULL),
(68, 'F14-024', '2015-02-04 00:00:00', '2014-11-07 00:00:00', 0, '2016-03-18 06:22:55', 2, 1, NULL),
(69, 'F13-011', '2015-02-05 00:00:00', '2014-04-08 00:00:00', 0, '2016-03-18 06:22:55', 2, 1, NULL),
(70, 'F14-032', '2015-02-06 00:00:00', '2014-11-27 00:00:00', 0, '2016-03-18 06:22:55', 2, 1, NULL),
(71, 'F14-034', '2015-02-17 00:00:00', '2014-12-16 00:00:00', 0, '2016-03-18 06:22:55', 2, 1, NULL),
(72, 'F14-021', '2015-02-20 00:00:00', '2014-09-22 00:00:00', 0, '2016-03-18 06:22:56', 2, 1, NULL),
(73, 'F14-055', '2015-02-24 00:00:00', '2015-01-21 00:00:00', 0, '2016-03-18 06:22:56', 2, 1, NULL),
(74, 'F14-052', '2015-02-26 00:00:00', '2014-11-19 00:00:00', 0, '2016-03-18 06:22:56', 2, 1, NULL),
(75, 'F14-025', '2015-02-27 00:00:00', '2014-11-12 00:00:00', 0, '2016-03-18 06:22:56', 2, 1, NULL),
(76, 'F13-033', '2015-03-06 00:00:00', '2014-06-01 00:00:00', 0, '2016-03-18 06:22:56', 2, 1, NULL),
(77, 'F13-035', '2015-03-10 00:00:00', '2014-06-17 00:00:00', 0, '2016-03-18 06:22:57', 2, 1, NULL),
(78, 'F13-046_1', '2015-03-11 00:00:00', '2014-06-30 00:00:00', 0, '2016-03-18 06:22:57', 2, 1, NULL),
(79, 'F13-046_2', '2015-03-11 00:00:00', '2014-06-30 00:00:00', 0, '2016-03-18 06:22:57', 2, 1, NULL),
(80, 'F14-008', '2015-03-17 00:00:00', '2014-08-14 00:00:00', 0, '2016-03-18 06:22:57', 2, 1, NULL),
(81, 'F14-054', '2015-03-19 00:00:00', '2015-01-20 00:00:00', 0, '2016-03-18 06:22:57', 2, 1, NULL),
(82, 'F14-036', '2015-03-20 00:00:00', '2015-01-04 00:00:00', 0, '2016-03-18 06:22:58', 2, 1, NULL),
(83, 'F14-050', '2015-03-24 00:00:00', '2015-01-13 00:00:00', 0, '2016-03-18 06:22:58', 2, 1, NULL),
(84, 'F14-030', '2015-03-25 00:00:00', '2014-11-20 00:00:00', 0, '2016-03-18 06:22:58', 2, 1, NULL),
(85, 'F14-063', '2015-03-26 00:00:00', '2015-02-06 00:00:00', 0, '2016-03-18 06:22:58', 2, 1, NULL),
(86, 'F14-058', '2015-04-07 00:00:00', '2015-02-02 00:00:00', 0, '2016-03-18 06:22:58', 2, 1, NULL),
(87, 'F14-012', '2015-04-08 00:00:00', '2014-08-19 00:00:00', 0, '2016-03-18 06:22:59', 2, 1, NULL),
(88, 'F14-044', '2015-04-08 00:00:00', '2015-01-12 00:00:00', 0, '2016-03-18 06:22:59', 2, 1, NULL),
(89, 'F13-051', '2015-04-09 00:00:00', '2014-07-23 00:00:00', 0, '2016-03-18 06:22:59', 2, 1, NULL),
(90, 'F14-029', '2015-04-10 00:00:00', '2014-11-20 00:00:00', 0, '2016-03-18 06:22:59', 2, 1, NULL),
(91, 'F14-037', '2015-04-14 00:00:00', '2015-01-04 00:00:00', 0, '2016-03-18 06:22:59', 2, 1, NULL),
(92, 'F14-041', '2015-04-15 00:00:00', '2015-01-09 00:00:00', 0, '2016-03-18 06:23:00', 2, 1, NULL),
(93, 'F14-045', '2015-04-16 00:00:00', '2015-01-12 00:00:00', 0, '2016-03-18 06:23:00', 2, 1, NULL),
(94, 'F14-038', '2015-04-17 00:00:00', '2015-01-04 00:00:00', 0, '2016-03-18 06:23:00', 2, 1, NULL),
(95, 'F14-053', '2015-04-17 00:00:00', '2015-01-20 00:00:00', 0, '2016-03-18 06:23:01', 2, 1, NULL),
(96, 'F14-035', '2015-04-21 00:00:00', '2015-01-04 00:00:00', 0, '2016-03-18 06:23:01', 2, 1, NULL),
(97, 'F14-039', '2015-04-22 00:00:00', '2015-01-04 00:00:00', 0, '2016-03-18 06:23:01', 2, 1, NULL),
(98, 'F14-002', '2015-04-23 00:00:00', '2014-08-06 00:00:00', 0, '2016-03-18 06:23:01', 2, 1, NULL),
(99, 'F14-042', '2015-04-24 00:00:00', '2015-01-09 00:00:00', 0, '2016-03-18 06:23:01', 2, 1, NULL),
(100, 'F14-019', '2015-04-28 00:00:00', '2014-09-07 00:00:00', 0, '2016-03-18 06:23:02', 2, 1, NULL),
(101, 'F14-057', '2015-04-28 00:00:00', '2015-01-30 00:00:00', 0, '2016-03-18 06:23:02', 2, 1, NULL),
(102, 'F14-014', '2015-04-29 00:00:00', '0000-00-00 00:00:00', 0, '2016-03-18 06:23:02', 2, 1, NULL),
(103, 'F14-048', '2015-04-30 00:00:00', '0000-00-00 00:00:00', 0, '2016-03-18 06:23:02', 2, 1, NULL),
(104, 'F14-049', '2015-05-05 00:00:00', '2015-01-13 00:00:00', 0, '2016-03-18 06:23:03', 2, 1, NULL),
(105, 'F14-068', '2015-05-06 00:00:00', '2015-03-19 00:00:00', 0, '2016-03-18 06:23:03', 2, 1, NULL),
(106, 'F14-083', '2015-05-06 00:00:00', '2015-04-16 00:00:00', 0, '2016-03-18 06:23:03', 2, 1, NULL),
(107, 'F14-047', '2015-05-06 00:00:00', '2015-01-13 00:00:00', 0, '2016-03-18 06:23:03', 2, 1, NULL),
(108, 'F14-051', '2015-05-07 00:00:00', '2015-01-14 00:00:00', 0, '2016-03-18 06:23:04', 2, 1, NULL),
(109, 'F14-062', '2015-05-08 00:00:00', '2015-02-05 00:00:00', 0, '2016-03-18 06:23:04', 2, 1, NULL),
(110, 'F14-046', '2015-05-12 00:00:00', '2015-01-13 00:00:00', 0, '2016-03-18 06:23:04', 2, 1, NULL),
(111, 'F13-017', '2015-05-13 00:00:00', '2014-05-21 00:00:00', 0, '2016-03-18 06:23:04', 2, 1, NULL),
(112, 'F14-056', '2015-05-19 00:00:00', '2015-01-22 00:00:00', 0, '2016-03-18 06:23:04', 2, 1, NULL),
(113, 'F14-066', '2015-05-20 00:00:00', '2015-03-11 00:00:00', 0, '2016-03-18 06:23:05', 2, 1, NULL),
(114, 'F14-061', '2015-05-21 00:00:00', '2015-02-05 00:00:00', 0, '2016-03-18 06:23:05', 2, 1, NULL),
(115, 'F14-079', '2015-05-22 00:00:00', '2015-04-08 00:00:00', 0, '2016-03-18 06:23:05', 2, 1, NULL),
(116, 'F14-064', '2015-05-28 00:00:00', '2015-02-06 00:00:00', 0, '2016-03-18 06:23:05', 2, 1, NULL),
(117, 'F14-093', '2015-05-29 00:00:00', '2015-05-04 00:00:00', 0, '2016-03-18 06:23:06', 2, 1, NULL),
(118, 'F14-086', '2015-06-03 00:00:00', '2015-04-20 00:00:00', 0, '2016-03-18 06:23:06', 2, 1, NULL),
(119, 'F14-086_2', '2015-06-03 00:00:00', '2015-04-20 00:00:00', 0, '2016-03-18 06:23:06', 2, 1, NULL),
(120, 'F14-080', '2015-08-25 00:00:00', '2015-04-08 00:00:00', 0, '2016-03-18 06:23:06', 3, 2, NULL),
(121, 'F14-106', '2015-08-25 00:00:00', '2015-06-25 00:00:00', 0, '2016-03-18 06:23:06', 3, 2, NULL),
(122, 'F14-082', '2015-08-26 00:00:00', '2015-04-16 00:00:00', 0, '2016-03-18 06:23:07', 3, 2, NULL),
(123, 'F14-092', '2015-08-27 00:00:00', '2015-04-29 00:00:00', 0, '2016-03-18 06:23:07', 3, 2, NULL),
(124, 'F14-074', '2015-08-28 00:00:00', '2015-03-30 00:00:00', 0, '2016-03-18 06:23:07', 3, 2, NULL),
(125, 'F14-040', '2015-09-01 00:00:00', '2015-01-08 00:00:00', 0, '2016-03-18 06:23:07', 3, 2, NULL),
(126, 'F14-043', '2015-09-02 00:00:00', '2015-01-09 00:00:00', 0, '2016-03-18 06:23:07', 3, 2, NULL),
(127, 'F14-076', '2015-09-03 00:00:00', '2015-04-07 00:00:00', 0, '2016-03-18 06:23:08', 3, 2, NULL),
(128, 'F14-085', '2015-09-04 00:00:00', '2015-04-20 00:00:00', 0, '2016-03-18 06:23:08', 3, 2, NULL),
(129, 'F14-077', '2015-09-08 00:00:00', '2015-04-07 00:00:00', 0, '2016-03-18 06:23:09', 3, 2, NULL),
(130, 'F14-081', '2015-09-09 00:00:00', '2015-04-15 00:00:00', 0, '2016-03-18 06:23:09', 3, 2, NULL),
(131, 'F14-091', '2015-09-10 00:00:00', '2015-04-29 00:00:00', 0, '2016-03-18 06:23:09', 3, 2, NULL),
(132, 'F14-097', '2015-09-11 00:00:00', '2015-05-22 00:00:00', 0, '2016-03-18 06:23:10', 3, 2, NULL),
(133, 'F14-099', '2015-09-16 00:00:00', '2015-05-30 00:00:00', 0, '2016-03-18 06:23:10', 3, 2, NULL),
(134, 'F14-075', '2015-09-17 00:00:00', '2015-04-06 00:00:00', 0, '2016-03-18 06:23:10', 3, 2, NULL),
(135, 'F14-090', '2015-09-18 00:00:00', '2015-04-29 00:00:00', 0, '2016-03-18 06:23:10', 3, 2, NULL),
(136, 'F14-100', '2015-09-22 00:00:00', '2015-06-10 00:00:00', 0, '2016-03-18 06:23:11', 3, 2, NULL),
(137, 'F14-094', '2015-09-23 00:00:00', '2015-05-13 00:00:00', 0, '2016-03-18 06:23:11', 3, 2, NULL),
(138, 'F14-065', '2015-09-24 00:00:00', '2015-02-24 00:00:00', 0, '2016-03-18 06:23:11', 3, 2, NULL),
(139, 'F15-001', '2015-09-25 00:00:00', '2015-08-04 00:00:00', 0, '2016-03-18 06:23:11', 3, 2, NULL),
(140, 'F15-017', '2015-09-25 00:00:00', '2015-08-19 00:00:00', 0, '2016-03-18 06:23:12', 3, 2, NULL),
(141, 'F15-007', '2015-09-29 00:00:00', '2015-08-12 00:00:00', 0, '2016-03-18 06:23:12', 3, 2, NULL),
(142, 'F14-108', '2015-09-30 00:00:00', '2015-06-28 00:00:00', 0, '2016-03-18 06:23:12', 3, 2, NULL),
(143, 'F14-084', '2015-10-01 00:00:00', '2015-04-20 00:00:00', 0, '2016-03-18 06:23:12', 3, 2, NULL),
(144, 'F14-088', '2015-10-02 00:00:00', '2015-04-23 00:00:00', 0, '2016-03-18 06:23:12', 3, 2, NULL),
(145, 'F14-107', '2015-10-06 00:00:00', '2015-06-25 00:00:00', 0, '2016-03-18 06:23:13', 3, 2, NULL),
(146, 'F14-110', '2015-10-07 00:00:00', '2015-06-30 00:00:00', 0, '2016-03-18 06:23:13', 3, 2, NULL),
(147, 'F15-019', '2015-10-08 00:00:00', '2015-08-26 00:00:00', 0, '2016-03-18 06:23:13', 3, 2, NULL),
(148, 'F14-078', '2015-10-23 00:00:00', '2015-04-08 00:00:00', 0, '2016-03-18 06:23:13', 3, 2, NULL),
(149, 'F15-012', '2015-10-27 00:00:00', '2015-08-17 00:00:00', 0, '2016-03-18 06:23:14', 3, 2, NULL),
(150, 'F14-101', '2015-10-29 00:00:00', '2015-06-12 00:00:00', 0, '2016-03-18 06:23:14', 3, 2, NULL),
(151, 'F15-024', '2015-10-30 00:00:00', '2015-09-06 00:00:00', 0, '2016-03-18 06:23:14', 3, 2, NULL),
(152, 'F15-006', '2015-11-05 00:00:00', '2015-08-12 00:00:00', 0, '2016-03-18 06:23:14', 3, 2, NULL),
(153, 'F15-030', '2015-11-05 00:00:00', '2015-10-20 00:00:00', 0, '2016-03-18 06:23:14', 3, 2, NULL),
(154, 'F15-003', '2015-11-06 00:00:00', '2015-08-10 00:00:00', 0, '2016-03-18 06:23:15', 3, 2, NULL),
(155, 'F15-028', '2015-11-06 00:00:00', '2015-10-07 00:00:00', 0, '2016-03-18 06:23:15', 3, 2, NULL),
(156, 'F15-020', '2015-11-10 00:00:00', '2015-08-27 00:00:00', 0, '2016-03-18 06:23:15', 3, 2, NULL),
(157, 'F14-098', '2015-11-11 00:00:00', '2015-05-27 00:00:00', 0, '2016-03-18 06:23:15', 3, 2, NULL),
(158, 'F15-023', '2015-11-12 00:00:00', '2015-09-03 00:00:00', 0, '2016-03-18 06:23:16', 3, 2, NULL),
(159, 'F15-016', '2015-11-13 00:00:00', '2015-08-19 00:00:00', 0, '2016-03-18 06:23:16', 3, 2, NULL),
(160, 'F15-022', '2015-11-17 00:00:00', '2015-09-02 00:00:00', 0, '2016-03-18 06:23:16', 3, 2, NULL),
(161, 'F15-031', '2015-11-18 00:00:00', '2015-10-20 00:00:00', 0, '2016-03-18 06:23:16', 3, 2, NULL),
(162, 'F15-005', '2015-11-19 00:00:00', '2015-08-11 00:00:00', 0, '2016-03-18 06:23:17', 3, 2, NULL),
(163, 'F14-095', '2015-11-20 00:00:00', '2015-05-16 00:00:00', 0, '2016-03-18 06:23:17', 3, 2, NULL),
(164, 'F15-008', '2015-11-24 00:00:00', '2015-08-13 00:00:00', 0, '2016-03-18 06:23:17', 3, 2, NULL),
(165, 'F15-038', '2015-11-25 00:00:00', '2015-11-04 00:00:00', 0, '2016-03-18 06:23:18', 3, 2, NULL),
(166, 'F14-102', '2015-12-02 00:00:00', '2015-06-14 00:00:00', 0, '2016-03-18 06:23:18', 3, 2, NULL),
(167, 'F15-026', '2015-12-09 00:00:00', '2015-09-28 00:00:00', 0, '2016-03-18 06:23:18', 3, 2, NULL),
(168, 'F14-023', '2015-12-10 00:00:00', '2014-11-03 00:00:00', 0, '2016-03-18 06:23:18', 3, 2, NULL),
(169, 'F15-021', '2015-12-11 00:00:00', '2015-08-31 00:00:00', 0, '2016-03-18 06:23:18', 3, 2, NULL),
(170, 'F14-059', '2015-12-16 00:00:00', '2015-02-03 00:00:00', 0, '2016-03-18 06:23:19', 3, 2, NULL),
(171, 'F14-087', '2015-12-17 00:00:00', '2015-04-21 00:00:00', 0, '2016-03-18 06:23:19', 3, 2, NULL),
(172, 'F15-035', '2016-01-06 00:00:00', '2015-10-24 00:00:00', 0, '2016-03-18 06:23:19', 4, 2, NULL),
(173, 'F15-056', '2016-01-07 00:00:00', '2015-11-17 00:00:00', 0, '2016-03-18 06:23:19', 4, 2, NULL),
(174, 'F15-032', '2016-01-08 00:00:00', '2015-10-21 00:00:00', 0, '2016-03-18 06:23:19', 4, 2, NULL),
(175, 'F15-067', '2016-01-12 00:00:00', '2015-11-30 00:00:00', 0, '2016-03-18 06:23:19', 4, 2, NULL),
(176, 'F15-071', '2016-01-15 00:00:00', '2015-12-07 00:00:00', 0, '2016-03-18 06:23:20', 4, 2, NULL),
(177, 'F15-064', '2016-01-19 00:00:00', '2015-11-24 00:00:00', 0, '2016-03-18 06:23:20', 4, 2, NULL),
(178, 'F14-089', '2016-01-20 00:00:00', '2015-04-24 00:00:00', 0, '2016-03-18 06:23:20', 4, 2, NULL),
(179, 'F15-018', '2016-01-21 00:00:00', '2015-08-21 00:00:00', 0, '2016-03-18 06:23:20', 4, 2, NULL),
(180, 'F14-109', '2016-01-21 00:00:00', '2015-05-19 00:00:00', 0, '2016-03-18 06:23:20', 4, 2, NULL),
(181, 'F15-081', '2016-01-21 00:00:00', '2015-05-19 00:00:00', 0, '2016-03-18 06:23:21', 4, 2, NULL),
(182, 'F15-080', '2016-01-26 00:00:00', '2016-01-05 00:00:00', 0, '2016-03-18 06:23:21', 4, 2, NULL),
(183, 'F15-013', '2016-01-27 00:00:00', '2015-08-17 00:00:00', 0, '2016-03-18 06:23:21', 4, 2, NULL),
(184, 'F15-014', '2016-01-28 00:00:00', '2015-08-17 00:00:00', 0, '2016-03-18 06:23:22', 4, 2, NULL),
(185, 'F14-103', '2016-01-29 00:00:00', '2015-06-16 00:00:00', 0, '2016-03-18 06:23:22', 4, 2, NULL),
(186, 'F15-066', '2016-02-02 00:00:00', '2015-11-27 00:00:00', 0, '2016-03-18 06:23:22', 4, 2, NULL),
(187, 'F15-042', '2016-02-03 00:00:00', '2015-11-17 00:00:00', 0, '2016-03-18 06:23:22', 4, 2, NULL),
(188, 'F15-070', '2016-02-04 00:00:00', '2015-12-07 00:00:00', 0, '2016-03-18 06:23:23', 4, 2, NULL),
(189, 'F15-011', '2016-02-05 00:00:00', '2015-08-17 00:00:00', 0, '2016-03-18 06:23:23', 4, 2, NULL),
(190, 'F15-058', '2016-02-09 00:00:00', '2015-11-19 00:00:00', 0, '2016-03-18 06:23:23', 4, 2, NULL),
(191, 'F15-004', '2016-02-10 00:00:00', '2015-08-11 00:00:00', 0, '2016-03-18 06:23:23', 4, 2, NULL),
(192, 'F15-002', '2016-02-11 00:00:00', '2015-08-07 00:00:00', 0, '2016-03-18 06:23:24', 4, 2, NULL),
(193, 'F15-075', '2016-02-23 00:00:00', '2016-01-05 00:00:00', 0, '2016-03-18 06:23:24', 4, 2, NULL),
(194, 'F15-029', '2016-02-24 00:00:00', '2015-10-13 00:00:00', 0, '2016-03-18 06:23:24', 4, 2, NULL),
(195, 'F15-049', '2016-02-25 00:00:00', '2015-11-17 00:00:00', 0, '2016-03-18 06:23:24', 4, 2, NULL),
(196, 'F15-025', '2016-02-26 00:00:00', '2015-09-08 00:00:00', 0, '2016-03-18 06:23:25', 4, 2, NULL),
(197, 'F14-096', '2016-02-28 00:00:00', '2015-05-19 00:00:00', 0, '2016-03-18 06:23:25', 4, 2, NULL),
(198, 'F15-052', '2016-03-02 00:00:00', '2015-11-17 00:00:00', 0, '2016-03-18 06:23:25', 4, 2, NULL),
(199, 'F15-061', '2016-03-03 00:00:00', '2015-11-20 00:00:00', 0, '2016-03-18 06:23:25', 4, 2, NULL),
(200, 'F15-060', '2016-03-04 00:00:00', '2015-11-19 00:00:00', 0, '2016-03-18 06:23:26', 4, 2, NULL),
(201, 'F15-055', '2016-03-08 00:00:00', '2015-11-17 00:00:00', 0, '2016-03-18 06:23:26', 4, 2, NULL),
(202, 'F15-044', '2016-03-09 00:00:00', '2015-11-17 00:00:00', 0, '2016-03-18 06:23:26', 4, 2, NULL),
(203, 'F15-072', '2016-03-09 00:00:00', '2015-12-23 00:00:00', 0, '2016-03-18 06:23:26', 4, 2, NULL),
(204, 'F15-040', '2016-03-10 00:00:00', '2015-11-17 00:00:00', 0, '2016-03-18 06:23:27', 4, 2, NULL),
(205, 'F15-082', '2016-03-11 00:00:00', '2016-01-12 00:00:00', 0, '2016-03-18 06:23:27', 4, 2, NULL),
(206, 'F15-036', '2016-03-15 00:00:00', '2015-10-26 00:00:00', 0, '2016-03-18 06:23:27', 4, 2, NULL),
(207, 'F15-078', '2016-03-15 00:00:00', '2016-01-06 00:00:00', 0, '2016-03-18 06:23:27', 4, 2, NULL),
(208, 'F15-050', '2016-03-17 00:00:00', '2015-11-17 00:00:00', 0, '2016-03-18 06:23:28', 4, 2, NULL),
(209, 'F15-062', '2016-03-18 00:00:00', '2015-11-22 00:00:00', 0, '2016-03-18 06:23:28', 4, 2, NULL),
(210, 'F15-076', '2016-03-18 00:00:00', '2016-01-05 00:00:00', 0, '2016-03-18 06:23:28', 4, 2, NULL),
(211, 'F15-074', '2016-03-29 00:00:00', '2016-01-03 00:00:00', 0, '2016-03-18 06:23:28', 4, 2, NULL),
(212, 'F15-043', '2016-03-30 00:00:00', '2015-11-17 00:00:00', 0, '2016-03-18 06:23:29', 4, 2, NULL),
(213, 'F15-073', '2016-03-31 00:00:00', '2015-12-28 00:00:00', 0, '2016-03-18 06:23:29', 4, 2, NULL),
(214, 'F15-059', '2016-04-01 00:00:00', '2015-11-19 00:00:00', 0, '2016-03-18 06:23:29', 4, 2, NULL),
(215, 'F15-063', '2016-04-05 00:00:00', '2015-11-24 00:00:00', 0, '2016-03-18 06:23:29', 4, 2, NULL),
(216, 'F15-046', '2016-04-06 00:00:00', '2015-11-17 00:00:00', 0, '2016-03-18 06:23:29', 4, 2, NULL),
(217, 'F15-037', '2016-04-07 00:00:00', '2015-10-28 00:00:00', 0, '2016-03-18 06:23:29', 4, 2, NULL),
(218, 'F15-039', '2016-04-08 00:00:00', '2015-11-12 00:00:00', 0, '2016-03-18 06:23:30', 4, 2, NULL),
(219, 'F14-105', '2016-04-11 00:00:00', '2015-06-23 00:00:00', 1, '2016-03-18 06:23:30', 4, 5, NULL),
(220, 'F15-009', '2016-04-14 00:00:00', '2015-08-14 00:00:00', 0, '2016-03-18 06:23:30', 4, 2, NULL),
(221, 'F15-065', '2016-04-15 00:00:00', '2015-11-26 00:00:00', 0, '2016-03-18 06:23:30', 4, 2, NULL),
(222, 'F15-010', '2016-04-19 00:00:00', '2015-08-15 00:00:00', 0, '2016-03-18 06:23:30', 4, 2, NULL),
(223, 'F14-104', '2016-04-20 00:00:00', '2015-06-17 00:00:00', 0, '2016-03-18 06:23:31', 4, 2, NULL),
(224, 'F15-027', '2016-04-21 00:00:00', '2015-09-28 00:00:00', 0, '2016-03-18 06:23:31', 4, 2, NULL),
(225, 'F15-033', '2016-04-26 00:00:00', '2015-10-21 00:00:00', 0, '2016-03-18 06:23:31', 4, 2, NULL),
(226, 'F15-051', '2016-04-27 00:00:00', '2015-11-17 00:00:00', 0, '2016-03-18 06:23:31', 4, 2, NULL),
(227, 'F15-034', '2016-04-28 00:00:00', '2015-10-23 00:00:00', 0, '2016-03-18 06:23:31', 4, 2, NULL),
(228, 'F15-048', '2016-04-29 00:00:00', '2015-11-17 00:00:00', 0, '2016-03-18 06:23:32', 4, 2, NULL),
(229, 'F15-069', '2016-05-04 00:00:00', '2015-12-03 00:00:00', 0, '2016-03-18 06:23:32', 4, 2, NULL),
(230, 'F15-077', '2016-05-10 00:00:00', '2016-01-05 00:00:00', 0, '2016-03-18 06:23:32', 4, 2, NULL),
(231, 'F15-054', '2016-05-11 00:00:00', '2015-11-17 00:00:00', 0, '2016-03-18 06:23:32', 4, 2, NULL),
(232, 'F15-085', '2016-05-12 00:00:00', '2016-01-25 00:00:00', 0, '2016-03-18 06:23:33', 4, 2, NULL),
(233, 'F15-083', '2016-05-13 00:00:00', '2016-01-13 00:00:00', 0, '2016-03-18 06:23:33', 4, 2, NULL),
(234, 'F15-079', '2016-05-17 00:00:00', '2016-01-07 00:00:00', 0, '2016-03-18 06:23:33', 4, 2, NULL),
(235, 'F15-057', '2016-05-18 00:00:00', '2015-11-17 00:00:00', 0, '2016-03-18 06:23:34', 4, 2, NULL),
(236, 'F15-053', '2016-05-19 00:00:00', '2015-11-17 00:00:00', 0, '2016-03-18 06:23:34', 4, 2, NULL),
(237, 'F15-086', '2016-05-25 00:00:00', '2016-01-25 00:00:00', 0, '2016-03-18 06:23:34', 4, 2, NULL),
(238, 'F15-084', '2016-05-27 00:00:00', '2016-01-18 00:00:00', 0, '2016-03-18 06:23:34', 4, 2, NULL),
(239, 'F13-029', '0000-00-00 00:00:00', '2014-05-28 00:00:00', 0, '2016-03-18 06:23:34', 4, 2, NULL),
(240, 'F13-030', '0000-00-00 00:00:00', '2014-10-01 00:00:00', 0, '2016-03-18 06:23:34', 4, 2, NULL),
(241, 'F14-001', '0000-00-00 00:00:00', '2014-08-04 00:00:00', 0, '2016-03-18 06:23:35', 4, 2, NULL),
(242, 'aaaa', '2016-05-04 22:00:00', '2016-02-28 23:00:00', 0, '2016-03-26 09:04:21', 0, 0, NULL),
(243, 'QWERTY', NULL, NULL, 0, '0000-00-00 00:00:00', 0, 0, NULL),
(244, 'rrrrrrr', NULL, NULL, 0, '0000-00-00 00:00:00', 0, 0, NULL),
(245, 'bbbb', NULL, NULL, 0, '0000-00-00 00:00:00', 0, 0, NULL),
(246, 'yyyyyyyy', NULL, NULL, 0, '0000-00-00 00:00:00', 0, 0, NULL),
(247, 'yyyy', NULL, NULL, 0, '0000-00-00 00:00:00', 0, 0, NULL),
(248, 'oooooo', NULL, NULL, 0, '0000-00-00 00:00:00', 0, 0, NULL),
(249, 'jjjjj', NULL, NULL, 0, '0000-00-00 00:00:00', 0, 0, NULL),
(250, 'kkk', NULL, NULL, 0, '0000-00-00 00:00:00', 0, 0, NULL),
(251, 'jjjj', NULL, NULL, 0, '0000-00-00 00:00:00', 0, 0, NULL),
(252, 'hhh', NULL, NULL, 0, '0000-00-00 00:00:00', 0, 0, NULL);

-- --------------------------------------------------------

--
-- Table structure for table `booking_taxon`
--

CREATE TABLE IF NOT EXISTS `booking_taxon` (
  `booking_taxon_id` int(11) NOT NULL AUTO_INCREMENT,
  `booking_id` int(11) NOT NULL,
  `taxon_id` int(11) NOT NULL,
  `is_included` tinyint(1) NOT NULL DEFAULT '1',
  PRIMARY KEY (`booking_taxon_id`)
) ENGINE=InnoDB  DEFAULT CHARSET=utf8 AUTO_INCREMENT=15 ;

--
-- Dumping data for table `booking_taxon`
--

INSERT INTO `booking_taxon` (`booking_taxon_id`, `booking_id`, `taxon_id`, `is_included`) VALUES
(1, 2, 5, 1),
(2, 2, 3, 1),
(3, 2, 1, 0),
(4, 2, 20, 1),
(5, 2, 19, 1),
(6, 2, 21, 1),
(7, 3, 3, 1),
(8, 3, 5, 1),
(9, 3, 8, 1),
(10, 3, 9, 1),
(11, 2, 9, 1),
(12, 2, 8, 1),
(13, 2, 10, 1),
(14, 2, 23, 1);

-- --------------------------------------------------------

--
-- Table structure for table `fag`
--

CREATE TABLE IF NOT EXISTS `fag` (
  `fag_id` int(11) NOT NULL AUTO_INCREMENT,
  `fag_navn` varchar(100) NOT NULL,
  PRIMARY KEY (`fag_id`)
) ENGINE=InnoDB  DEFAULT CHARSET=utf8 AUTO_INCREMENT=9 ;

--
-- Dumping data for table `fag`
--

INSERT INTO `fag` (`fag_id`, `fag_navn`) VALUES
(1, 'Natur og teknik'),
(2, 'Biologi'),
(3, 'Geografi'),
(4, 'Fysik/Kemi'),
(5, 'Naturvidenskabeligt grundforløb'),
(6, 'Naturgeografi'),
(7, 'Bioteknologi'),
(8, 'Andet (uddyb i kommentar)');

-- --------------------------------------------------------

--
-- Table structure for table `indsamler`
--

CREATE TABLE IF NOT EXISTS `indsamler` (
  `indsamler_id` int(11) NOT NULL AUTO_INCREMENT,
  `navn` int(11) NOT NULL,
  `email` int(11) NOT NULL,
  `telefon` int(11) NOT NULL,
  PRIMARY KEY (`indsamler_id`)
) ENGINE=InnoDB DEFAULT CHARSET=utf8 AUTO_INCREMENT=1 ;

-- --------------------------------------------------------

--
-- Table structure for table `klasse`
--

CREATE TABLE IF NOT EXISTS `klasse` (
  `klasse_id` int(11) NOT NULL AUTO_INCREMENT,
  `booking_id` int(11) NOT NULL,
  `lokalitet_id` int(11) DEFAULT NULL,
  `status` int(1) NOT NULL,
  `institutionsnavn` varchar(100) NOT NULL,
  `adresse` varchar(100) NOT NULL,
  `postnr` varchar(4) NOT NULL,
  `by` varchar(30) NOT NULL,
  `kommune` varchar(25) NOT NULL,
  `region` varchar(25) NOT NULL,
  `klassetrin` varchar(50) NOT NULL,
  `fag` varchar(50) NOT NULL,
  `laererNavn` varchar(50) NOT NULL,
  `laererTlf` varchar(50) NOT NULL,
  `laererEmail` varchar(50) NOT NULL,
  `antalElever` int(11) NOT NULL,
  `antalLaerer` int(11) NOT NULL,
  `KuvertProeverAfsendt` tinyint(1) NOT NULL,
  `Proevermodtaget` tinyint(1) NOT NULL,
  `SendtInfoMailTilLaerer` tinyint(4) DEFAULT NULL,
  `UdtraekFraFiskedatabasen` tinyint(4) DEFAULT NULL,
  `DatoForBesoeg` datetime NOT NULL,
  `DatoForBooking` datetime NOT NULL,
  `DatoForEkst` datetime NOT NULL,
  PRIMARY KEY (`klasse_id`),
  KEY `projekt_id` (`booking_id`)
) ENGINE=InnoDB  DEFAULT CHARSET=utf8 AUTO_INCREMENT=274 ;

--
-- Dumping data for table `klasse`
--

INSERT INTO `klasse` (`klasse_id`, `booking_id`, `lokalitet_id`, `status`, `institutionsnavn`, `adresse`, `postnr`, `by`, `kommune`, `region`, `klassetrin`, `fag`, `laererNavn`, `laererTlf`, `laererEmail`, `antalElever`, `antalLaerer`, `KuvertProeverAfsendt`, `Proevermodtaget`, `SendtInfoMailTilLaerer`, `UdtraekFraFiskedatabasen`, `DatoForBesoeg`, `DatoForBooking`, `DatoForEkst`) VALUES
(1, 1, NULL, 1, 'Gammel Hellerup Gymnasium', 'Svanemøllevej 87', '2900', 'Hellerup', 'Gentofte', 'Hovedstaden', '2.g.', 'Bioteknologi', 'Bo Kildeager', '', 'bk@ghg.dk', 30, 1, 0, 0, 127, 0, '2014-09-17 00:00:00', '0000-00-00 00:00:00', '0000-00-00 00:00:00'),
(2, 2, 10, 1, 'Gammel Hellerup Gymnasium XXX', 'Svanemøllevej 87', '2900', 'Hellerup', 'Gentofte', 'Sjælland', '3.g.', 'Biologi', 'Trine Iversen', '1234567', 'ti@ghg.dk', 31, 1, 1, 1, 127, 0, '2014-09-19 00:00:00', '2016-03-06 23:00:00', '0000-00-00 00:00:00'),
(3, 3, NULL, 1, 'Falkonergårdens Gymnasium og HF-Kursus', 'Sønderjyllands Alle 25', '2000', 'Frederiksberg', 'Frederiksberg', 'Hovedstaden', '3.g.', 'Biologi', 'Morten Green Skaarup', '', 'mg@falgoo.dk', 17, 1, 0, 0, 127, 0, '2014-09-23 00:00:00', '0000-00-00 00:00:00', '0000-00-00 00:00:00'),
(4, 4, NULL, 1, 'Falkonergårdens Gymnasium og HF-Kursus', 'Sønderjyllands Alle 25', '2000', 'Frederiksberg', 'Frederiksberg', 'Syddanmark', '3.g.', 'Biologi', 'Signe Markman', '', 'sg@falko.dk', 24, 1, 0, 0, 127, 0, '2014-09-24 00:00:00', '0000-00-00 00:00:00', '0000-00-00 00:00:00'),
(5, 5, NULL, 1, 'Gammel Hellerup Gymnasium', 'Svanemøllevej 87', '2900', 'Hellerup', 'Gentofte', 'Hovedstaden', '3.g.', 'Biologi', 'Signe Vie', '', 'sv@ghg.dk', 22, 1, 0, 0, 127, 0, '2014-09-25 00:00:00', '0000-00-00 00:00:00', '0000-00-00 00:00:00'),
(6, 6, NULL, 1, 'Falkonergårdens Gymnasium og HF-Kursus', 'Sønderjyllands Alle 25', '2000', 'Frederiksberg', 'Frederiksberg', 'Syddanmark', '3.g.', 'Biologi', 'Hanne Strunge', '', 'hs@falgoo.dk', 16, 1, 0, 0, 127, 0, '2014-09-26 00:00:00', '0000-00-00 00:00:00', '0000-00-00 00:00:00'),
(7, 7, NULL, 1, 'Ørestad Gymnasium', 'Østergade 52', '3200', 'Helsinge', 'Gribskov', 'Hovedstaden', '3.g.', 'Bioteknologi', 'Jan Østrup', '', 'jan@oegnet.dk', 21, 1, 0, 0, 127, 0, '2014-10-01 00:00:00', '0000-00-00 00:00:00', '0000-00-00 00:00:00'),
(8, 8, NULL, 1, 'Gefion Gymnasium', 'Øster Voldgade 10', '2100', 'København', 'København', 'Sjælland', '3.g.', 'Biologi', 'Eva Fredtoft', '', 'efr@gefion-gym.dk', 11, 1, 0, 0, 127, 0, '2014-10-07 00:00:00', '2014-04-07 00:00:00', '0000-00-00 00:00:00'),
(9, 9, NULL, 1, 'Ribe Katedralskole', 'Puggaardsgade 23', '6761', 'Ribe', 'Esbjerg', 'Hovedstaden', '3.g.', 'Biologi', 'Annemette Witt', '', 'AM@ribekatedralskole.dk', 13, 1, 0, 0, 127, 0, '2014-10-08 00:00:00', '2014-04-07 00:00:00', '0000-00-00 00:00:00'),
(10, 9, NULL, 1, 'Ribe Katedralskole', 'Puggaardsgade 24', '6762', 'Ribe', 'Esbjerg', 'Sjælland', '3.g.', 'Biologi', 'Annemette Witt', '', 'AM@ribekatedralskole.dk', 0, 0, 0, 0, 127, 0, '2014-10-08 00:00:00', '2014-04-07 00:00:00', '0000-00-00 00:00:00'),
(11, 9, NULL, 1, 'Ribe Katedralskole', 'Puggaardsgade 25', '6763', 'Ribe', 'Esbjerg', 'Hovedstaden', '3.g.', 'Biologi', 'Annemette Witt', '', 'AM@ribekatedralskole.dk', 0, 0, 0, 0, 127, 0, '2014-10-08 00:00:00', '2014-04-07 00:00:00', '0000-00-00 00:00:00'),
(12, 10, NULL, 1, 'Allerød Gymnasium', 'Rådhusvej 6', '3450', 'Allerød', 'Allerød', 'Hovedstaden', '2.g.', 'Biologi', 'Birgitte Stokbro', '', 'birgittestokbro@gmail.com', 29, 1, 0, 0, 127, 0, '2014-10-09 00:00:00', '2014-05-21 00:00:00', '0000-00-00 00:00:00'),
(13, 10, NULL, 1, 'Allerød Gymnasium', 'Rådhusvej 6', '3450', 'Allerød', 'Allerød', 'Hovedstaden', '2.g.', 'Biologi', 'Birgitte Stokbro', '', 'birgittestokbro@gmail.com', 0, 1, 0, 0, 127, 0, '2014-10-09 00:00:00', '2014-05-21 00:00:00', '0000-00-00 00:00:00'),
(14, 10, NULL, 1, 'Allerød Gymnasium', 'Rådhusvej 6', '3450', 'Allerød', 'Allerød', 'Hovedstaden', '2.g.', 'Biologi', 'Birgitte Stokbro', '', 'birgittestokbro@gmail.com', 0, 1, 0, 0, 127, 0, '2014-10-09 00:00:00', '2014-05-21 00:00:00', '0000-00-00 00:00:00'),
(15, 11, NULL, 1, 'Gefion Gymnasium', 'Øster Voldgade 10', '2100', 'København', 'København', 'Sjælland', '2.g.', 'Bioteknologi', 'Nanna Danneskiold-Samsøe', '', 'nds@gefion-gym.dk', 22, 1, 0, 0, 127, 0, '2014-10-10 00:00:00', '2014-04-08 00:00:00', '0000-00-00 00:00:00'),
(16, 12, NULL, -1, 'Gefion Gymnasium', 'Øster Voldgade 10', '2100', 'København', 'København', 'Syddanmark', '3.g.', 'Biologi', 'Nanna Danneskiold-Samsøe', '', 'nds@gefion-gym.dk', 27, 0, 0, 0, 0, 0, '2014-10-14 00:00:00', '2014-04-08 00:00:00', '0000-00-00 00:00:00'),
(17, 13, NULL, -1, 'Sankt Annæ Gymnasium', 'Sjælør Boulevard 135', '2500', 'Valby', 'København', 'Sjælland', '2.g.', 'Bioteknologi', 'Hans Marker', '', 'hm@sag.dk', 16, 0, 0, 0, 0, 0, '2014-10-15 00:00:00', '2014-05-21 00:00:00', '0000-00-00 00:00:00'),
(18, 14, NULL, -1, 'Allerød Gymnasium', 'Rådhusvej 6', '3450', 'Allerød', 'Allerød', 'Hovedstaden', '2.g.', 'Biologi', 'Malthe Lund', '', 'malthelund@gmail.com', 27, 0, 0, 0, 0, 0, '2014-10-16 00:00:00', '2014-06-26 00:00:00', '0000-00-00 00:00:00'),
(19, 15, NULL, 1, 'Borupgaard Gymnasium', 'Lautruphøj 9', '2750', 'Ballerup', 'Ballerup', 'Hovedstaden', '2.g.', 'Biologi', 'Peter Sjøholm', '', 'sj@boag.nu', 28, 1, 0, 0, 127, 0, '2014-10-21 00:00:00', '2014-04-08 00:00:00', '0000-00-00 00:00:00'),
(20, 15, NULL, 1, 'Borupgaard Gymnasium', 'Lautruphøj 9', '2750', 'Ballerup', 'Ballerup', 'Hovedstaden', '2.g.', 'Biologi', 'Peter Sjøholm', '', 'sj@boag.nu', 0, 0, 0, 0, 127, 0, '2014-10-21 00:00:00', '2014-04-08 00:00:00', '0000-00-00 00:00:00'),
(21, 16, NULL, 1, 'Espergærde Gymnasium og HF', 'Gymnasievej 2', '3060', 'Espergærde', 'Helsingør', 'Hovedstaden', '3.g.', 'Biologi', 'Kirsten Hede', '', 'he@eg-gym.dk', 26, 1, 0, 0, 127, 0, '2014-10-22 00:00:00', '2014-05-15 00:00:00', '0000-00-00 00:00:00'),
(22, 17, NULL, 1, 'Københavns VUC', 'Vognmagergade 28', '1120', 'Kbh.', 'København', 'Hovedstaden', '2.g.', 'Biologi', 'Bent Nielsen', '', 'bn@kvuc.dk', 25, 1, 0, 0, 127, 0, '2014-10-23 00:00:00', '2014-06-24 00:00:00', '0000-00-00 00:00:00'),
(23, 18, NULL, 1, 'Birkerød Gymnasium - HF - IB & Kostskole', 'Søndervangen 56', '3460', 'Birkerød', 'Rudersdal', 'Hovedstaden', '3.g.', 'Biologi', 'Christina Høier Ricke', '', 'cr@birke-gym.dk', 24, 1, 0, 0, 127, 0, '2014-10-24 00:00:00', '2014-05-27 00:00:00', '0000-00-00 00:00:00'),
(24, 19, NULL, 1, 'Christianshavns Gymnasium', 'Princessegade 35', '1422', 'København', 'København', 'Hovedstaden', '3.g.', 'Bioteknologi', 'Jette Feld', '', 'jf@cg-gym.dk', 11, 1, 0, 0, 127, 0, '2014-10-28 00:00:00', '2014-05-21 00:00:00', '0000-00-00 00:00:00'),
(25, 20, NULL, 1, 'Gefion Gymnasium', 'Øster Voldgade 10', '2100', 'København', 'København', 'Nordjylland', '3.g.', 'Biologi', 'Nanna Danneskiold-Samsøe', '', 'nds@gefion-gym.dk', 27, 1, 0, 0, 127, 0, '2014-10-29 00:00:00', '2014-04-08 00:00:00', '0000-00-00 00:00:00'),
(26, 21, NULL, 1, 'Birkerød Gymnasium - HF - IB & Kostskole', 'Søndervangen 56, ', '3460', 'Birkerød', 'Rudersdal', 'Hovedstaden', '2.g.', 'Biologi', 'Morten Eskildsen', '', 'me@birke-gym.dk', 23, 1, 0, 0, 127, 0, '2014-10-30 00:00:00', '2014-05-23 00:00:00', '0000-00-00 00:00:00'),
(27, 22, NULL, 1, 'Allerød Gymnasium', 'Rådhusvej 6', '3450', 'Allerød', 'Allerød', 'Hovedstaden', '3.g.', 'Biologi', 'Vagn Rasmussen', '', 'vra@mail.dk', 25, 1, 0, 0, 127, 0, '2014-10-31 00:00:00', '2014-04-07 00:00:00', '0000-00-00 00:00:00'),
(28, 22, NULL, 1, 'Allerød Gymnasium', 'Rådhusvej 7', '3450', 'Allerød', 'Allerød', 'Syddanmark', '3.g.', 'Biologi', 'Vagn Rasmussen', '', 'vra@mail.dk', 0, 0, 0, 0, 127, 0, '2014-10-31 00:00:00', '2014-04-07 00:00:00', '0000-00-00 00:00:00'),
(29, 22, NULL, 1, 'Allerød Gymnasium', 'Rådhusvej 8', '3450', 'Allerød', 'Allerød', 'Syddanmark', '3.g.', 'Biologi', 'Vagn Rasmussen', '', 'vra@mail.dk', 0, 0, 0, 0, 127, 0, '2014-10-31 00:00:00', '2014-04-07 00:00:00', '0000-00-00 00:00:00'),
(30, 23, NULL, 1, 'Frederiksborg Gymnasium og HF', 'Carlsbergvej 15', '3400', 'Hillerød', 'Hillerød', 'Hovedstaden', '3.g.', 'Biologi', 'Torsten Ingerslev', '', 'torsten.ingerslev@gmail.com', 25, 1, 0, 0, 127, 0, '2014-11-04 00:00:00', '2014-04-08 00:00:00', '0000-00-00 00:00:00'),
(31, 24, NULL, -1, 'Gefion Gymnasium', 'Øster Voldgade 10', '2100', 'København', 'København', 'Hovedstaden', '2.g.', 'Biologi', 'Thomas Kristiansen', '', 'tkr@gefion-gym.dk', 30, 0, 0, 0, 0, 0, '2014-11-05 00:00:00', '2014-05-27 00:00:00', '0000-00-00 00:00:00'),
(32, 25, NULL, 1, 'Rødovre Gymnasium', 'Hendriksholms Boulevard 28', '2610', 'Rødovre', 'Rødovre', 'Hovedstaden', '3.g.', 'Biologi', 'Nathan Russell', '', 'npf.russell@gmail.com', 19, 1, 0, 0, 0, 0, '2014-11-05 00:00:00', '2014-10-10 00:00:00', '0000-00-00 00:00:00'),
(33, 26, NULL, 1, 'Gefion Gymnasium', 'Østre Voldgade 10', '1350', 'København', 'København', 'Sjælland', '3.g.', 'Bioteknologi', 'Linda Schneider', '', 'lsc@gefion-gym.dk', 29, 1, 0, 0, 127, 0, '2014-11-06 00:00:00', '2014-05-14 00:00:00', '0000-00-00 00:00:00'),
(34, 27, NULL, 1, 'Roskilde Gymnasium', 'Domkirkepladsen', '4000', 'Roskilde', 'Roskilde', 'Hovedstaden', '2.g.', 'Bioteknologi', 'Ida Thingstrup', '', 'rgit@roskilde-gym.dk', 19, 1, 0, 0, 127, 0, '2014-11-07 00:00:00', '2014-05-21 00:00:00', '0000-00-00 00:00:00'),
(35, 28, NULL, 1, 'Selandia, HTX', 'Willemoesvej 4', '4200', 'Slagelse', 'Slagelse', 'Hovedstaden', '3.g.', 'Bioteknologi', 'Frederikke Tom-Petersen', '', 'frto@sceu.dk', 27, 1, 0, 0, 127, 0, '2014-11-11 00:00:00', '2014-05-26 00:00:00', '0000-00-00 00:00:00'),
(36, 29, NULL, 1, 'Stenhus Gymnasium & HF', 'Stenhusvej 20', '4300', 'Holbæk', 'Holbæk', 'Hovedstaden', '3.g.', 'Biologi', 'Johannes Worm', '', 'biosof@gmail.com', 28, 1, 0, 0, 127, 0, '2014-11-12 00:00:00', '2014-05-28 00:00:00', '0000-00-00 00:00:00'),
(37, 30, NULL, -1, 'Slagelse Gymnasium', 'Willemoesvej 2a', '4200', 'Slagelse', 'Slagelse', 'Midtjylland', '2.g.', 'Biologi', 'Kate Beck Jacobsen', '', 'kj@slagelse-gym.dk', 22, 1, 0, 0, 127, 0, '2014-11-13 00:00:00', '2014-05-29 00:00:00', '0000-00-00 00:00:00'),
(38, 31, NULL, 1, 'Grindsted Gymnasium & HF', 'Tinghusgade 20', '7200', 'Grindsted', 'Billund', 'Hovedstaden', '3.g.', 'Biologi', 'Heidi Nystrand', '', 'hn@ggnet.dk', 13, 1, 0, 0, 127, 0, '2014-11-14 00:00:00', '2014-05-28 00:00:00', '0000-00-00 00:00:00'),
(39, 32, NULL, 1, 'Køge Gymnasium', 'Gymnasievej 6', '4600', 'Køge', 'Køge', 'Hovedstaden', '1.g.', 'Bioteknologi', 'Marie Eiland', '', 'kgme@kggym.dk', 15, 1, 0, 0, 127, 0, '2014-11-18 00:00:00', '2014-06-26 00:00:00', '0000-00-00 00:00:00'),
(40, 33, NULL, 1, 'Køge Gymnasium', 'Gymnasievej 6', '4600', 'Køge', 'Køge', 'Hovedstaden', '1.g.', 'Bioteknologi', 'Kristian Poulsen', '', 'kgkp@kggym.dk', 17, 1, 0, 0, 127, 0, '2014-11-19 00:00:00', '2014-06-26 00:00:00', '0000-00-00 00:00:00'),
(41, 34, NULL, 1, 'Allerød Gymnasium', 'Rådhusvej 6', '3450', 'Allerød', 'Allerød', 'Syddanmark', '3.g.', 'Bioteknologi', 'Louise Lund Bækgaard', '', 'louise.lund.baekgaard@skolekom.dk', 12, 1, 0, 0, 127, 0, '2014-11-20 00:00:00', '2014-06-26 00:00:00', '0000-00-00 00:00:00'),
(42, 35, NULL, -1, 'Allerød Gymnasium', 'Rådhusvej 6', '3450', 'Allerød', 'Allerød', 'Hovedstaden', '3.g.', 'Biologi', 'Max Torbensen', '', 'maxtorbensen@hotmail.com', 12, 1, 0, 0, 127, 0, '2014-11-21 00:00:00', '2014-06-26 00:00:00', '0000-00-00 00:00:00'),
(43, 36, NULL, 1, 'Frederiksberg Gymnasium', 'Falkoner Plads 2', '2000', 'Frederiksberg', 'Frederiksberg', 'Sjælland', '2.g.', 'Biologi', 'Camilla Christensen', '', 'camch63@gmail.com', 22, 1, 0, 0, 127, 0, '2014-11-25 00:00:00', '2014-05-26 00:00:00', '0000-00-00 00:00:00'),
(44, 37, NULL, 1, 'Himmelev Gymnasium', 'herregårdsvej30', '4000', 'Roskilde', 'Roskilde', 'Sjælland', '3.g.', 'Biologi', 'Vibeke Almer', '', 'Vibekealmer@gmail.com', 21, 1, 0, 0, 127, 0, '2014-11-26 00:00:00', '2014-07-03 00:00:00', '0000-00-00 00:00:00'),
(45, 38, NULL, 1, 'Gribskov Gymnasium', 'Øster Voldgade 10', '1350', 'København', 'København', 'Hovedstaden', '2.g.', 'Biologi', 'Rudi Pedersen', '', 'rudi.pedersen@skolekom.dk', 19, 1, 0, 0, 127, 0, '2014-11-28 00:00:00', '2014-04-07 00:00:00', '0000-00-00 00:00:00'),
(46, 39, NULL, 1, 'Virum Gymnasium', 'Fuglsangvej 66', '2830', 'Virum', 'Lyngby-Taarbæk', 'Nordjylland', '3.g.', 'Biologi', 'Magnus Groes', '', 'gr@virum-gym.dk', 14, 1, 0, 0, 127, 0, '2014-12-02 00:00:00', '2014-07-31 00:00:00', '0000-00-00 00:00:00'),
(47, 40, NULL, -1, 'Grindsted Gymnasium & HF', 'Tinghusgade 20', '7200', 'Grindsted', 'Billund', 'Hovedstaden', '3.g.', 'Biologi', 'Heidi Nystrand', '', 'hn@ggnet.dk', 28, 0, 0, 0, 127, 0, '2014-12-03 00:00:00', '2014-05-28 00:00:00', '0000-00-00 00:00:00'),
(48, 41, NULL, 1, 'Grindsted Gymnasium & HF', 'Tinghusgade 20', '7200', 'Grindsted', 'Billund', 'Nordjylland', '3.g.', 'Biologi', 'Heidi Nystrand', '', 'hn@ggnet.dk', 12, 1, 0, 0, 127, 0, '2014-12-04 00:00:00', '2014-06-03 00:00:00', '0000-00-00 00:00:00'),
(49, 41, NULL, 1, 'Grindsted Gymnasium & HF', 'Tinghusgade 20', '7200', 'Grindsted', 'Billund', 'Sjælland', '3.g.', 'Biologi', 'Anja Lykke Hundebøll Nielsen', '', 'ah@ggnet.dk', 12, 1, 0, 0, 127, 0, '2014-12-04 00:00:00', '2014-08-04 00:00:00', '0000-00-00 00:00:00'),
(50, 42, NULL, 1, 'Erhvervsskolen Nordsjælland, HTX Hillerød', 'Carlsbergvej 34', '3400', 'Hillerød', 'Hillerød', 'Syddanmark', '3.g.', 'Biologi', 'Peter Rostgaard Christensen', '', 'prc@esnord.dk', 13, 1, 0, 0, 127, 0, '2014-12-05 00:00:00', '2014-08-26 00:00:00', '0000-00-00 00:00:00'),
(51, 43, NULL, 1, 'Ørestad Gymnasium', 'Ørestads Boulevard 75', '2300', 'København', 'København', 'Hovedstaden', '2.g.', 'Bioteknologi', 'Mia Godiksen', '', 'mtg@oegnet.dk', 31, 1, 0, 0, 127, 0, '2014-12-09 00:00:00', '2014-07-02 00:00:00', '0000-00-00 00:00:00'),
(52, 44, NULL, 1, 'Roskilde Katedralskole', 'Holbækvej 59', '4000', 'Roskilde', 'Roskilde', 'Hovedstaden', '2.g.', 'Bioteknologi', 'Mogens Ellebæk', '', 'Mogens.Ellebaek@rks-gym.dk', 30, 1, 0, 0, 127, 0, '2014-12-10 00:00:00', '2014-04-08 00:00:00', '0000-00-00 00:00:00'),
(53, 45, NULL, -1, 'Gladsaxe Gymnasium', 'Buddingehovedgade 81', '2860', 'Søborg', 'Gladsaxe', 'Hovedstaden', '3.g.', 'Bioteknologi', 'Martina Koch og Allan G. Olsen', '', 'MaK@gladgym.dk', 26, 2, 0, 0, 127, 0, '2014-12-11 00:00:00', '2014-08-11 00:00:00', '0000-00-00 00:00:00'),
(54, 46, NULL, 1, 'FYNs HF-kursus', 'Hunderupvej 17', '5000', 'Odense', 'Odense', 'Hovedstaden', '2.g.', 'Biologi', 'Mariann Rasmussen', '', 'mrm@vucfyn.dk', 10, 1, 0, 0, 127, 0, '2014-12-12 00:00:00', '2014-06-19 00:00:00', '0000-00-00 00:00:00'),
(55, 47, NULL, -1, 'Helsingør Gymnasium', 'Borgmester P. Christensensvej 3', '3000', 'Helsingør', 'Helsingør', 'Hovedstaden', '2.g.', 'Bioteknologi', 'Stine Weber', '', 'sw@hels-gym.dk', 28, 2, 0, 0, 127, 0, '2014-12-16 00:00:00', '2014-08-20 00:00:00', '0000-00-00 00:00:00'),
(56, 48, NULL, 1, 'Allerød Gymnasium', 'Rådhusvej 6', '3450', 'Allerød', 'Allerød', 'Hovedstaden', '2.g.', 'Biologi', 'Malthe Lund', '', 'malthelund@gmail.com', 26, 1, 0, 0, 127, 0, '2014-12-17 00:00:00', '2014-06-26 00:00:00', '0000-00-00 00:00:00'),
(57, 49, NULL, 1, 'Gefion Gymnasium', 'Øster Voldgade 10', '1350', 'København', 'København', 'Hovedstaden', '2.g.', 'Biologi', 'Signe Engelsen', '', 'sen@gefion-gym.dk', 30, 1, 0, 0, 127, 0, '2014-12-18 00:00:00', '2014-08-26 00:00:00', '0000-00-00 00:00:00'),
(58, 50, NULL, -1, 'Helsingør Gymnasium', 'Borgmester P. Christensensvej 3', '3000', 'Helsingør', 'Helsingør', 'Midtjylland', '3.g.', 'Biologi', 'Ole Carsten Pedersen', '', 'oc@hels-gym.dk', 23, 1, 0, 0, 0, 0, '2015-01-06 00:00:00', '2014-08-18 00:00:00', '0000-00-00 00:00:00'),
(59, 51, NULL, -1, 'Helsingør Gymnasium', 'Borgmester P. Christensensvej 3', '3000', 'Helsingør', 'Helsingør', 'Midtjylland', '3.g.', 'Biologi', 'Maria Steinhausen', '', 'st@hels-gym.dk', 24, 1, 0, 0, 0, 0, '2015-01-07 00:00:00', '2014-08-18 00:00:00', '0000-00-00 00:00:00'),
(60, 52, NULL, 1, 'Vordingborg Gymnasium & HF', 'Chr. Richardtsvej 45', '4760', 'Vordingborg', 'Vordingborg', 'Hovedstaden', '3.g.', 'Bioteknologi', 'Nils Skov Jørgensen', '29122221', 'nj@vordingborg-gym.dk', 23, 1, 0, 0, 127, 0, '2015-01-07 00:00:00', '2014-11-21 00:00:00', '0000-00-00 00:00:00'),
(61, 53, NULL, 1, 'Gladsaxe Gymnasium', 'Buddingehovedgade 81', '2860', 'Søborg', 'Gladsaxe', 'Hovedstaden', '3.g.', 'Bioteknologi', 'Natacha Bjerre og Anne Christine', '', 'natachabjerre@gmail.com', 36, 2, 0, 0, 127, 0, '2015-01-08 00:00:00', '2014-08-12 00:00:00', '0000-00-00 00:00:00'),
(62, 54, NULL, -1, 'Midtsjællands Gymnasieskole', 'Ahorn Alle 11', '4100', 'Ringsted', 'Ringsted', 'Sjælland', '3.g.', 'Biologi', 'Pernille Lærkedal Sørensen', '', 'ps@msg-gym.dk', 15, 1, 0, 0, 0, 0, '2015-01-09 00:00:00', '2014-08-31 00:00:00', '0000-00-00 00:00:00'),
(63, 55, NULL, 1, 'Gladsaxe Gymnasium', 'Buddinge Hovedgade 81', '', '2860', 'Gladsaxe', 'Hovedstaden', '3.g.', 'Bioteknologi', 'Martina Koch og Allan G. Olsen', '27570444', 'mak@gladgym.dk', 26, 2, 0, 0, 127, 0, '2015-01-09 00:00:00', '2014-12-05 00:00:00', '0000-00-00 00:00:00'),
(64, 56, NULL, 1, 'Gladsaxe Gymnasium', 'Buddinge Hovedgade 81', '2860', 'Søborg', 'Gladsaxe', 'Hovedstaden', '2.g.', 'Bioteknologi', 'Natacha Bjerre', '', 'natachabjerre@gmail.com', 30, 1, 0, 0, 127, 0, '2015-01-13 00:00:00', '2014-05-22 00:00:00', '0000-00-00 00:00:00'),
(65, 57, NULL, 1, 'Høje-Taastrup Gymnasium', 'Frøgårds Alle 2', '2630', 'Taastrup', 'Høje-Taastrup', 'Sjælland', '2.g.', 'Biologi', 'Søren Vienberg', '', 'soeren_vienberg@yahoo.com', 15, 1, 0, 0, 127, 0, '2015-01-14 00:00:00', '2014-06-24 00:00:00', '0000-00-00 00:00:00'),
(66, 58, NULL, 1, 'Odense Katedralskole', 'Jernbanegade 34', '5000', 'Odense', 'Odense', 'Hovedstaden', '3.g.', 'Bioteknologi', 'Jesper Terp', '', 'jesper.terp.joergensen1@skolekom.dk', 24, 1, 0, 0, 127, 0, '2015-01-15 00:00:00', '2014-07-01 00:00:00', '0000-00-00 00:00:00'),
(67, 59, NULL, 1, 'Nørre Gymnasium', 'Mørkhøjvej 78', '2700', 'Brønshøj', 'København', 'Hovedstaden', '2.g.', 'Biologi', 'Helle Nielsen', '', 'ni@norreg.dk', 29, 1, 0, 0, 127, 0, '2015-01-16 00:00:00', '2014-08-25 00:00:00', '0000-00-00 00:00:00'),
(68, 60, NULL, 1, 'Køge Gymnasium', 'Gymnasievej 6', '4600', 'Køge', 'Køge', 'Hovedstaden', '3.g.', 'Bioteknologi', 'Kristian Poulsen', '', 'kgkp@kggym.dk', 10, 1, 0, 0, 127, 0, '2015-01-20 00:00:00', '2014-06-26 00:00:00', '0000-00-00 00:00:00'),
(69, 61, NULL, 1, 'Greve Gymnasium', 'Rådhusholmen 12', '2670', 'Greve', 'Greve', 'Hovedstaden', '3.g.', 'Bioteknologi', 'Vibeke Birkmann', '', 'ggvbi@greve-gym.dk', 28, 2, 0, 0, 127, 0, '2015-01-21 00:00:00', '2014-06-22 00:00:00', '0000-00-00 00:00:00'),
(70, 62, NULL, 1, 'Stenhus Gymnasium & HF', 'Stenhusvej 20', '4300', 'Holbæk', 'Holbæk', 'Sjælland', '3.g.', 'Bioteknologi', 'Nadja Ramseyer', '', 'nramseyer@gmail.com', 26, 2, 0, 0, 127, 0, '2015-01-22 00:00:00', '2014-08-07 00:00:00', '0000-00-00 00:00:00'),
(71, 63, NULL, 1, 'Nørresundby Gymnasium & HF', 'Studievej 14', '9400', 'Nørresundby', 'Aalborg', 'Sjælland', '3.g.', 'Bioteknologi', 'Karen Margrethe Melchiorsen', '', 'kme@nghf.dk', 19, 1, 0, 0, 127, 0, '2015-01-23 00:00:00', '2014-09-11 00:00:00', '0000-00-00 00:00:00'),
(72, 64, NULL, 1, 'Rungsted Gymnasium', 'Stadion Allé 14', '2960', 'Rungsted', 'Hørsholm', 'Sjælland', '3.g.', 'Bioteknologi', 'Knud Johnsen', '', 'jo@rungsted-gym.dk', 10, 1, 0, 0, 127, 0, '2015-01-27 00:00:00', '2014-08-19 00:00:00', '0000-00-00 00:00:00'),
(73, 65, NULL, -1, 'Helsingør Gymnasium', 'Borgmester P. Christensensvej 3', '3000', 'Helsingør', 'Helsingør', 'Sjælland', '3.g.', 'Biologi', 'Maria Steinhausen', '20810825', 'st@hels-gym.dk', 21, 2, 0, 0, 127, 0, '2015-01-28 00:00:00', '2014-11-19 00:00:00', '0000-00-00 00:00:00'),
(74, 66, NULL, 1, 'Roskilde Gymnasium', 'Domkirkepladsen', '4000', 'Roskilde', 'Roskilde', 'Sjælland', '2.g.', 'Biologi', 'Gorm Clausen', '26804725', 'rggc@roskilde-gym.dk', 26, 3, 0, 0, 127, 0, '2015-01-29 00:00:00', '2014-11-13 00:00:00', '0000-00-00 00:00:00'),
(75, 67, NULL, 1, 'Helsingør Gymnasium', 'Borgmester P. Christensensvej 3', '3000', 'Helsingør', 'Helsingør', 'Sjælland', '3.g.', 'Biologi', 'Maria Steinhausen', '21665090', 'st@hels-gym.dk', 15, 1, 0, 0, 127, 0, '2015-02-03 00:00:00', '2014-11-19 00:00:00', '0000-00-00 00:00:00'),
(76, 68, NULL, 1, 'VUC Roskilde', 'Læderstræde 4', '4000', 'Roskilde', 'Roskilde', 'Sjælland', '2.g.', 'Biologi', 'Jesper B. Petersen', '60321946', 'rjp@vucroskilde.dk', 15, 1, 0, 0, 127, 0, '2015-02-04 00:00:00', '2014-11-07 00:00:00', '0000-00-00 00:00:00'),
(77, 69, NULL, 1, 'Gentofte HF', 'Dahlensstræde 5', '2820', 'Gentofte', 'Gentofte', 'Hovedstaden', '2.g.', 'Biologi', 'Jens Gerup Nielsen', '21167761', 'jens.liane@mail.dk', 24, 1, 0, 0, 127, 0, '2015-02-05 00:00:00', '2014-04-08 00:00:00', '0000-00-00 00:00:00'),
(78, 70, NULL, -1, 'Bagsværd kostskole og Gymnasium', 'Aldershvilevej 138', '2880', 'Bagsværd', 'Gladsaxe', 'Hovedstaden', '2.g.', 'Bioteknologi', 'Kirsten Thøgersen', '30668133', 'kt@bagkost.dk', 23, 1, 0, 0, 127, 0, '2015-02-06 00:00:00', '2014-11-27 00:00:00', '0000-00-00 00:00:00'),
(79, 71, NULL, 1, 'Helsingør Gymnasium', 'Borgmester P Christensensvej 3', '3000', 'Helsingør', 'Helsingør', 'Hovedstaden', '2.g.', 'Bioteknologi', 'Stine Weber', '51946203', 'sw@hels-gym.dk', 25, 2, 0, 0, 127, 0, '2015-02-17 00:00:00', '2014-12-16 00:00:00', '0000-00-00 00:00:00'),
(80, 72, NULL, 1, 'Hvidovre Gymnasium & HF', 'Blytækkerporten 2', '2650', 'Hvidovre', 'Hvidovre', 'Hovedstaden', '2.g.', 'Biologi', 'Rune Runesen', '', 'rune.runesen1@skolekom.dk', 20, 2, 0, 0, 127, 0, '2015-02-20 00:00:00', '2014-09-22 00:00:00', '0000-00-00 00:00:00'),
(81, 73, NULL, 1, 'Gladsaxe Gymnasium', 'Buddinge hovedgade 81', '2860', 'Søborg', 'Gladsaxe', 'Hovedstaden', '2.g.', 'Biologi', 'Martina Koch ', '27570444', 'martina.e.k@gmail.com', 16, 1, 0, 0, 0, 0, '2015-02-24 00:00:00', '2015-01-21 00:00:00', '0000-00-00 00:00:00'),
(82, 74, NULL, 1, 'Helsingør Gymnasium', 'Borgmester P Christensensvej 3', '3000', 'Helsingør', 'Helsingør', 'Hovedstaden', '3.g.', 'Biologi', 'Ole Carsten Pedersen', '21665090', 'oc@hels-gym.dk', 20, 1, 0, 0, 0, 0, '2015-02-26 00:00:00', '2014-11-19 00:00:00', '0000-00-00 00:00:00'),
(83, 75, NULL, 1, 'Frederiksberg Gymnasium', 'Falkoner Plads 2', '2000', 'Frederiksberg', 'Frederiksberg', 'Hovedstaden', '3.g.', 'Biologi', 'Peter Toft', '30258217', 'pt@frederiksberggymnasium.dk', 23, 1, 0, 0, 127, 0, '2015-02-27 00:00:00', '2014-11-12 00:00:00', '0000-00-00 00:00:00'),
(84, 76, NULL, 1, 'Svendborg Gymnasium & HF', 'AP Møllersvej 35', '5700', 'Svendborg', 'Svendborg', 'Hovedstaden', '2.g.', 'Biologi', 'Mette Lise Gade Nielsen', '', 'mn@svendborg-gym.dk', 28, 1, 0, 0, 127, 0, '2015-03-06 00:00:00', '2014-06-01 00:00:00', '0000-00-00 00:00:00'),
(85, 77, NULL, 1, 'Greve Gymnasium', 'Rådhusholmen 12', '2670', 'Greve', 'Greve', 'Hovedstaden', '3.g.', 'Biologi', 'Lone Vinkel', '', 'gglav@greve-gym.dk', 21, 1, 0, 0, 127, 0, '2015-03-10 00:00:00', '2014-06-17 00:00:00', '0000-00-00 00:00:00'),
(86, 78, NULL, 1, 'Høje-Taastrup Gymnasium', 'Frøgårds Alle 2', '2630', 'Taastrup', 'Høje-Taastrup', 'Sjælland', '2.g.', 'Biologi', 'Thomas Warner', '', 'tw@htgym.dk', 24, 2, 0, 0, 127, 0, '2015-03-11 00:00:00', '2014-06-30 00:00:00', '0000-00-00 00:00:00'),
(87, 79, NULL, 1, 'Høje-Taastrup Gymnasium', 'Frøgårds Alle 2', '2630', 'Taastrup', 'Høje-Taastrup', 'Hovedstaden', '2.g.', 'Biologi', 'Thomas Warner', '', 'tw@htgym.dk', 0, 0, 0, 0, 127, 0, '2015-03-11 00:00:00', '2014-06-30 00:00:00', '0000-00-00 00:00:00'),
(88, 80, NULL, 1, 'Odsherreds Gymnasium', 'Åstoftevej 34', '4550', 'Asnæs', 'Odsherred', 'Hovedstaden', '3.g.', 'Bioteknologi', 'Klaus Karlsen', '', 'Klaus.karlsen@skolekom.dk', 21, 1, 0, 0, 127, 0, '2015-03-17 00:00:00', '2014-08-14 00:00:00', '0000-00-00 00:00:00'),
(89, 81, NULL, 1, 'TEC Lyngby', 'Bygning 451, Akademivej', '2800', 'Kongens', 'Lyngby-Taarbæk', 'Syddanmark', '2.g.', 'Bioteknologi', 'Hanne Lodberg Olsen', '41418968', 'hlo@tec.dk', 24, 1, 0, 0, 0, 0, '2015-03-19 00:00:00', '2015-01-20 00:00:00', '0000-00-00 00:00:00'),
(90, 82, NULL, 1, 'Nørre Gymnasium', 'Mørkhøjvej 72', '2700', 'brønshøj', 'København', 'Hovedstaden', '2.g.', 'Biologi', 'Katie Lin Pedersen', '26712621', 'kl@norreg.dk', 21, 2, 0, 0, 0, 0, '2015-03-20 00:00:00', '2015-01-04 00:00:00', '0000-00-00 00:00:00'),
(91, 83, NULL, -1, 'Institut for skole og læring', 'Nyelandsvej 27-29', '2000', 'Frederiksberg', 'Frederiksberg', 'Hovedstaden', 'Lærerstuderende', '', 'Henrik Levinsen', '41411142', 'hele@phmetropol.dk', 22, 1, 0, 0, 0, 0, '2015-03-24 00:00:00', '2015-01-13 00:00:00', '0000-00-00 00:00:00'),
(92, 84, NULL, 1, 'Øregård Gymnasium', 'Gersonsvej 32', '2900', 'Hellerup', 'Gentofte', 'Sjælland', '3.g.', 'Biologi', 'Vibeke Tromholt', '30383038', 'vt@oregard.dk', 15, 1, 0, 0, 127, 0, '2015-03-25 00:00:00', '2014-11-20 00:00:00', '0000-00-00 00:00:00'),
(93, 85, NULL, 1, 'Himmelev Gymnasium', 'Herregårdsvej 30', '4000', 'Roskilde', 'Roskilde', 'Sjælland', '2.g.', 'Biologi', 'Mai Bjerg Hagens', '', 'maihagens@gmail.com', 23, 1, 0, 0, 0, 0, '2015-03-26 00:00:00', '2015-02-06 00:00:00', '0000-00-00 00:00:00'),
(94, 86, NULL, 1, 'Egedal Gymnasium & HF', 'Gymnasievej 1', '3660', 'Stenløse', 'Egedal', 'Sjælland', '3.g.', 'Biologi', 'Rikke Anker Jensen', '29914554', 'rj@egedal-gym.dk', 16, 1, 0, 0, 0, 0, '2015-04-07 00:00:00', '2015-02-02 00:00:00', '0000-00-00 00:00:00'),
(95, 87, NULL, -1, 'Nørre Gymnasium', 'Mørkhøjvej 78', '2700', 'Brønshøj', 'København', 'Hovedstaden', '1.g.', 'Biologi', 'Dorte Gedde', '', 'dg@norreg.dk', 28, 1, 0, 0, 0, 0, '2015-04-08 00:00:00', '2014-08-19 00:00:00', '0000-00-00 00:00:00'),
(96, 88, NULL, 1, 'Gladsaxe Gymnasium', 'Buddinge Hovedgade 81', '2860', 'Søborg', 'Gladsaxe', 'Hovedstaden', '3.g.', 'Biologi', 'Natacha Bjerre og Allan Olsen', '61685550', 'natachabjerre@gmail.com', 12, 2, 0, 0, 0, 0, '2015-04-08 00:00:00', '2015-01-12 00:00:00', '0000-00-00 00:00:00'),
(97, 88, NULL, 1, 'Horsens Gymnasium', 'Højen 1', '8700', 'Horsens', 'Horsens', 'Sjælland', '3.g.', 'Biologi', 'Rasmus Østergaard', '61685550', 'roe@horsensgym.dk', 6, 2, 0, 0, 0, 0, '2015-04-08 00:00:00', '2015-01-12 00:00:00', '0000-00-00 00:00:00'),
(98, 89, NULL, 1, 'Rødovre Gymnasium', 'Hendriksholms Boulevard 28', '2610', 'Rødovre', 'Rødovre', 'Sjælland', '2.g.', 'Biologi', 'Liane Gerup Damsø', '', 'liane.damsoe@skolekom.dk', 28, 1, 0, 0, 127, 0, '2015-04-09 00:00:00', '2014-07-23 00:00:00', '0000-00-00 00:00:00'),
(99, 90, NULL, 1, 'Øregård Gymnasium', 'Gersonsvej 32', '2900', 'Hellerup', 'København', 'Sjælland', '3.g.', 'Biologi', 'John hansen', '30383974', 'johnbrut@hotmail.com', 17, 1, 0, 0, 127, 0, '2015-04-10 00:00:00', '2014-11-20 00:00:00', '0000-00-00 00:00:00'),
(100, 91, NULL, -1, 'Køge Private Realskole, Gymnasium', 'Ølby Center 50', '4600', 'Køge', 'Køge', 'Hovedstaden', '1.g.', 'Biologi', 'Marie Kvist Bondesen', '30283077', 'mariebondesen@gmail.com', 15, 1, 0, 0, 0, 0, '2015-04-14 00:00:00', '2015-01-04 00:00:00', '0000-00-00 00:00:00'),
(101, 92, NULL, 1, 'Morsø Gymnasium', 'Limfjordsvej 95', '7900', 'Nykøbing', 'Morsø', 'Syddanmark', '3.g.', 'Biologi', 'Lene Olesen Jensen', '21459353', 'leneviggo@mail.dk', 17, 2, 0, 0, 0, 0, '2015-04-15 00:00:00', '2015-01-09 00:00:00', '0000-00-00 00:00:00'),
(102, 93, NULL, 1, 'Gladsaxe Gymnasium', 'buddinge hovedgade 81', '2860', 'Søborg', 'Gladsaxe', 'Syddanmark', '3.g.', 'Biologi', 'Allan Olsen', '31500392', 'ao@gladgym.dk', 18, 1, 0, 0, 0, 0, '2015-04-16 00:00:00', '2015-01-12 00:00:00', '0000-00-00 00:00:00'),
(103, 94, NULL, -1, 'Køge Private Realskole, Gymnasium', 'Ølby Center 50', '4600', 'Køge', 'Køge', 'Hovedstaden', '1.g.', 'Biologi', 'Marie Kvist Bondesen', '30283077', 'mariebondesen@gmail.com', 15, 1, 0, 0, 0, 0, '2015-04-17 00:00:00', '2015-01-04 00:00:00', '0000-00-00 00:00:00'),
(104, 95, NULL, 1, 'Nordvestsjællands HF & VUC', 'Slotshaven 5', '4300', 'Holbæk', 'Holbæk', 'Hovedstaden', '2.g.', 'Biologi', 'Johnny Vingart Kjerside', '24922021', 'jvk@nvsvuc.dk', 24, 1, 0, 0, 0, 0, '2015-04-17 00:00:00', '2015-01-20 00:00:00', '0000-00-00 00:00:00'),
(105, 96, NULL, 1, 'Sankt Annæ Gymnasium', 'Sjælør Boulevard 135', '2500', 'Valby', 'København', 'Hovedstaden', '3.g.', 'Bioteknologi', 'Mette Bohn Christiansen', '20269256', 'mc@sag.dk', 16, 4, 0, 0, 0, 0, '2015-04-21 00:00:00', '2015-01-04 00:00:00', '0000-00-00 00:00:00'),
(106, 97, NULL, 1, 'Ørestad Gymnasium', 'Ørestad Boulevard 75', '2300', 'København', 'København', 'Hovedstaden', '3.g.', 'Biologi', 'Sofie Bruhns', '29861030', 'srb@oegnet.dk', 24, 1, 0, 0, 0, 0, '2015-04-22 00:00:00', '2015-01-04 00:00:00', '0000-00-00 00:00:00'),
(107, 98, NULL, 1, 'Rysensteen Gymnasium', 'Tietgensgade 74', '1704', 'København', 'København', 'Hovedstaden', '1.g.', 'Bioteknologi', 'Søren Søgaard', '', 'ss@rysensteen.dk', 29, 1, 0, 0, 127, 0, '2015-04-23 00:00:00', '2014-08-06 00:00:00', '0000-00-00 00:00:00'),
(108, 99, NULL, 1, 'Tørring Gymnasium', 'Kirkevej 20', '7160', 'Tørring', 'Hedensted ', 'Hovedstaden', '3.g.', 'Biologi', 'Frank Grønlund Jørgensen', '60607862', 'fg@toerring-gym.dk', 24, 1, 0, 0, 0, 0, '2015-04-24 00:00:00', '2015-01-09 00:00:00', '0000-00-00 00:00:00'),
(109, 99, NULL, 1, 'Tørring Gymnasium', 'Kirkevej 20', '7160', 'Tørring', 'Hedensted ', 'Hovedstaden', '3.g.', 'Biologi', 'Frank Grønlund Jørgensen', '', '', 0, 0, 0, 0, 0, 0, '2015-04-24 00:00:00', '0000-00-00 00:00:00', '0000-00-00 00:00:00'),
(110, 100, NULL, -1, 'Vordingborg Gymnasium & HF', 'Chr. Richardtsvej 43', '4758', 'Vordingborg', 'Vordingborg', 'Hovedstaden', '2.g.', 'Biologi+biotek', 'Åse Uttenthal', '', 'aau@vordingborg-gym.dk', 30, 2, 0, 0, 127, 0, '2015-04-28 00:00:00', '2014-09-07 00:00:00', '0000-00-00 00:00:00'),
(111, 101, NULL, 1, 'Himmelev Gymnasium', 'Herregårdsvej 30', '4000', 'Roskilde', 'Roskilde', 'Hovedstaden', '2.g.', 'Biologi', 'Mai Bjerg Hagens', '25398979', 'maihagens@gmail.com', 23, 1, 0, 0, 0, 0, '2015-04-28 00:00:00', '2015-01-30 00:00:00', '0000-00-00 00:00:00'),
(112, 102, NULL, 1, 'Københavns Åbne Gymnasium', 'Sjælør Boulevard 133', '2500', 'Valby', 'København', 'Hovedstaden', '1.g.', 'Biologi', 'Martin Mejlhede Jensen', '', '', 0, 0, 0, 0, 0, 0, '2015-04-29 00:00:00', '0000-00-00 00:00:00', '0000-00-00 00:00:00'),
(113, 102, NULL, 1, 'Københavns Åbne Gymnasium', 'Sjælør Boulevard 133', '2500', 'Valby', 'København', 'Syddanmark', '1.g.', 'Biologi', 'Martin Mejlhede Jensen', '', 'mt@kg.dk', 28, 1, 0, 0, 127, 0, '2015-04-29 00:00:00', '2014-08-21 00:00:00', '0000-00-00 00:00:00'),
(114, 103, NULL, 1, 'Høng Gymnasium og HF', 'Hovedgaden 2', '4270', 'Høng', 'Kalundborg', 'Sjælland', '1.g.', 'Biologi', 'Tine Tønnes Sørensen', '', 'ts@hoeng-gymhf.dk', 4, 1, 0, 0, 0, 0, '2015-04-30 00:00:00', '0000-00-00 00:00:00', '0000-00-00 00:00:00'),
(115, 103, NULL, 1, 'Køge Private Realskole, Gymnasium', 'Ølby Center 50', '4600', 'Køge', 'Køge', 'Hovedstaden', '1.g.', 'Biologi', 'Marie Kvist Bondesen', '30283077', 'mariebondesen@gmail.com', 20, 1, 0, 0, 0, 0, '2015-04-30 00:00:00', '2015-01-13 00:00:00', '0000-00-00 00:00:00'),
(116, 104, NULL, 1, 'Køge Private Realskole, Gymnasium', 'Ølby Center 50', '4600', 'Køge', 'Køge', 'Hovedstaden', '1.g.', 'Biologi', 'Marie Kvist Bondesen', '30283077', 'mariebondesen@gmail.com', 16, 1, 0, 0, 0, 0, '2015-05-05 00:00:00', '2015-01-13 00:00:00', '0000-00-00 00:00:00'),
(117, 105, NULL, -1, 'Aurehøj Gymnasium', 'Skolevej 7', '2820', 'Gentofte', 'Gentofte', 'Hovedstaden', '2.g.', 'Biologi', 'Anne Winther Jørgensen', ' ', 'aj@aurehoej.dk', 8, 1, 0, 0, 0, 0, '2015-05-06 00:00:00', '2015-03-19 00:00:00', '0000-00-00 00:00:00'),
(118, 106, NULL, -1, 'Rødovre Gymnasium', 'hendrikholms bouleward 28', '2610', 'Rødovre', 'Rødovre', 'Hovedstaden', '1.g.', 'Biologi', 'liane gerup damsø', '29866967', 'liane.damsoe@skolekom.dk', 28, 2, 0, 0, 0, 0, '2015-05-06 00:00:00', '2015-04-16 00:00:00', '0000-00-00 00:00:00'),
(119, 107, NULL, -1, 'Vordingborg Gymnasium & HF', 'Chr. Richardtsvej 44', '4759', 'Vordingborg', 'Vordingborg', 'Hovedstaden', '3.g.', 'Biologi', 'Jeppe Mordhorst', '40685274', 'jm@vordingborg-gym.dk', 15, 1, 0, 0, 0, 0, '2015-05-06 00:00:00', '2015-01-13 00:00:00', '0000-00-00 00:00:00'),
(120, 108, NULL, 0, 'Vordingborg Gymnasium & HF', 'Chr. Richardtsvej 45', '4760', 'Vordingborg', 'Vordingborg', 'Hovedstaden', '3.g.', 'Bioteknologi', 'Nils Skov Jørgensen', '29122221', 'nj@vordingborg-gym.dk', 15, 1, 0, 0, 0, 0, '2015-05-07 00:00:00', '2015-01-14 00:00:00', '0000-00-00 00:00:00'),
(121, 109, NULL, 1, 'Gribskov Gymnasium', 'Østergade 52', '3200', 'Helsinge', 'Gribskov', 'Hovedstaden', '3.g.', 'Biologi', 'Morten Wermer', '24677788', 'mw@gribskovgymnasium.dk', 15, 1, 0, 0, 0, 0, '2015-05-08 00:00:00', '2015-02-05 00:00:00', '0000-00-00 00:00:00'),
(122, 110, NULL, 1, 'Vordingborg Gymnasium & HF', 'Chr. Richardsvej 45', '4760', 'vordingborg', 'Vordingborg', 'Midtjylland', '2.g.', 'Biologi', 'Åse Uttenthal', '23711143', 'aau@vordingborg-gym.dk', 30, 2, 0, 0, 0, 0, '2015-05-12 00:00:00', '2015-01-13 00:00:00', '0000-00-00 00:00:00'),
(123, 111, NULL, 1, 'Sankt Annæ Gymnasium', 'Sjælør Boulevard 135', '2500', 'Valby', 'København', 'Sjælland', '1.g.', 'Bioteknologi', 'Hans Marker', '', 'hm@sag.dk', 15, 1, 0, 0, 127, 0, '2015-05-13 00:00:00', '2014-05-21 00:00:00', '0000-00-00 00:00:00'),
(124, 111, NULL, 1, 'Sankt Annæ Gymnasium', 'Sjælør Boulevard 135', '2500', 'Valby', 'København', 'Sjælland', '1.g.', 'Bioteknologi', 'Hans Marker', '', 'hm@sag.dk', 0, 0, 0, 0, 127, 0, '2015-05-13 00:00:00', '2014-05-21 00:00:00', '0000-00-00 00:00:00'),
(125, 112, NULL, 1, 'Greve Gymnasium', 'Rådhusholmen 12', '2670', 'Greve', 'Greve', 'Hovedstaden', '2.g.', 'Bioteknologi', 'Kenneth Beri Ploug', '23234288', 'ggkbp@greve-gym.dk', 22, 2, 0, 0, 0, 0, '2015-05-19 00:00:00', '2015-01-22 00:00:00', '0000-00-00 00:00:00'),
(126, 112, NULL, 1, 'Greve Gymnasium', 'Rådhusholmen 12', '2670', 'Greve', 'Greve', 'Sjælland', '2.g.', 'Bioteknologi', 'Kenneth Beri Ploug', '23234288', 'ggkbp@greve-gym.dk', 0, 0, 0, 0, 0, 0, '2015-05-19 00:00:00', '2015-01-22 00:00:00', '0000-00-00 00:00:00'),
(127, 113, NULL, -1, 'Birkerød Gymnasium - HF - IB & Kostskole', 'Søndervangen 56, ', '3460', 'Birkerød', 'Rudersdal', 'Hovedstaden', '2.g.', 'Biologi', 'Christina Høier Ricke', '61696739', 'cr@birke-gym.dk', 26, 1, 0, 0, 0, 0, '2015-05-20 00:00:00', '2015-03-11 00:00:00', '0000-00-00 00:00:00'),
(128, 114, NULL, 1, 'Christianshavns Gymnasium', 'Prinsessegade 35 ', '1422', 'København', 'København', 'Hovedstaden', '2.g.', 'Biologi', 'Rasmus Andreasen', '26826010', 'ra@cg-gym.dk', 15, 1, 0, 0, 0, 0, '2015-05-21 00:00:00', '2015-02-05 00:00:00', '0000-00-00 00:00:00'),
(129, 115, NULL, 1, 'Erhvervsskolen Nordsjælland, HTX Hillerød', 'Carlsbergvej 34', '3400', 'Hillerød', 'Hillerød', 'Sjælland', '1.g.', 'Biologi', 'Peter Rostgaard Christensen', '21515609', 'prc@esnord.dk', 22, 1, 0, 0, 0, 0, '2015-05-22 00:00:00', '2015-04-08 00:00:00', '0000-00-00 00:00:00'),
(130, 116, NULL, 1, 'Ordrup Gymnasium', 'Kirkevej 5', '2920', 'Charlottenlund', 'Gentofte', 'Syddanmark', '1.g.', 'Bioteknologi', 'Karin Frykman', '22253576', 'karinfrykman@gmail.com', 25, 3, 0, 0, 0, 0, '2015-05-28 00:00:00', '2015-02-06 00:00:00', '0000-00-00 00:00:00'),
(131, 117, NULL, 1, 'Rysensteen Gymnasium', 'Tietgensgade 74', '1704', 'København', 'København', 'Sjælland', '2.g.', 'Bioteknologi', 'Kasper Kristiansen', '20656667', 'kk@rysensteen.dk', 25, 2, 0, 0, 0, 0, '2015-05-29 00:00:00', '2015-05-04 00:00:00', '0000-00-00 00:00:00'),
(132, 118, NULL, 1, 'Rødovre Gymnasium', 'Hendrikholms Boulevard 28', '2610', 'Rødovre', 'København', 'Hovedstaden', '1.g.', 'Bioteknologi', 'Liane Gerup Damsø', '29866967', 'liane.damsoe@skolekom.dk', 26, 2, 0, 0, 0, 0, '2015-06-03 00:00:00', '2015-04-20 00:00:00', '0000-00-00 00:00:00'),
(133, 119, NULL, 1, 'Rødovre Gymnasium', 'Hendrikholms Boulevard 28', '2610', 'Rødovre', 'København', 'Hovedstaden', '1.g.', 'Bioteknologi', 'Liane Gerup Damsø', '29866967', 'liane.damsoe@skolekom.dk', 0, 0, 0, 0, 0, 0, '2015-06-03 00:00:00', '2015-04-20 00:00:00', '0000-00-00 00:00:00'),
(134, 120, NULL, -1, 'Tårnby Gymnasium & HF', 'Tejn alle 5', '2770', 'Kastrup', 'Tårnby', 'Hovedstaden', '3.g.', 'Bioteknologi', 'Ingelise Drozd Lund', '20438015', 'il@tgy.dk', 18, 1, 0, 0, 0, 0, '2015-08-25 00:00:00', '2015-04-08 00:00:00', '0000-00-00 00:00:00'),
(135, 121, NULL, 1, 'Svendborg Gymnasium & HF', 'A.P. Møllersvej 35', '5700', 'Svendborg', 'Svendborg', 'Hovedstaden', '3.g.', 'Bioteknologi', 'Peter Teglhøj', '27117255', 'pt@svendborg-gym.dk', 26, 2, 0, 0, 0, 0, '2015-08-25 00:00:00', '2015-06-25 00:00:00', '0000-00-00 00:00:00'),
(136, 122, NULL, 1, 'Gammel Hellerup Gymnasium', 'Svanemøllevej 87', '2900', 'Hellerup', 'Gentofte', 'Hovedstaden', '2.g.', 'Bioteknologi', 'Mie Marving', '26171557', 'mi@ghg.dk', 28, 2, 0, 0, 0, 0, '2015-08-26 00:00:00', '2015-04-16 00:00:00', '0000-00-00 00:00:00'),
(137, 123, NULL, 1, 'Københavns åbne Gymnasium', 'Sjælør Boulevard', '2500', 'Valby', 'København', 'Hovedstaden', '2.g.', 'Biologi', 'Finn Vanman Jørgensen', '25778059', 'fv@kg.dk', 15, 1, 0, 0, 0, 0, '2015-08-27 00:00:00', '2015-04-29 00:00:00', '0000-00-00 00:00:00'),
(138, 124, NULL, 1, 'Frederiksværk Gymnasium og HF', 'Strandgade 34', '3300', 'Frederiksværk', 'Halsnæs', 'Hovedstaden', '2.g.', 'Biologi', 'Bente Lerner Bregnbak', '21267728', 'bb@fvgh.dk', 23, 1, 0, 0, 0, 0, '2015-08-28 00:00:00', '2015-03-30 00:00:00', '0000-00-00 00:00:00'),
(139, 125, NULL, -1, 'Viborg Gymnasium og HF', 'Skaldehøjvej 12', '8800', 'Viborg', 'Viborg', 'Hovedstaden', '3.g.', 'Bioteknologi', 'Ulla Hjorth', '29898048', 'uh@vghf.dk', 15, 1, 0, 0, 0, 0, '2015-09-01 00:00:00', '2015-01-08 00:00:00', '0000-00-00 00:00:00'),
(140, 126, NULL, 1, 'Ørestad Gymnasium', 'Ørestad Boulevard 75', '2300', 'København', 'København', 'Hovedstaden', '3.g.', 'Biologi', 'Sofie Bruhns', '29861030', 'srb@oegnet.dk', 26, 1, 0, 0, 0, 0, '2015-09-02 00:00:00', '2015-01-09 00:00:00', '0000-00-00 00:00:00'),
(141, 127, NULL, 1, 'Gefion Gymnasium', 'Øster Voldgade 10', '1350', 'Kbh', 'København', 'Hovedstaden', '2.g.', 'Bioteknologi', 'Birgit Eliasson', '21692063', 'Bel@gefion-gym.dk', 24, 2, 0, 0, 0, 0, '2015-09-03 00:00:00', '2015-04-07 00:00:00', '0000-00-00 00:00:00'),
(142, 127, NULL, 1, 'Gefion Gymnasium', 'Øster Voldgade 10', '1350', 'Kbh', 'København', 'Sjælland', '2.g.', 'Bioteknologi', 'Birgit Eliasson', '21692063', 'Bel@gefion-gym.dk', 0, 0, 0, 0, 0, 0, '2015-09-03 00:00:00', '2015-04-07 00:00:00', '0000-00-00 00:00:00'),
(143, 128, NULL, -1, 'Allerød Gymnasium', 'Rådhusvej 6', '3450', 'Allerød', 'Allerød', 'Hovedstaden', '2.g.', 'Bioteknologi', 'Louise Lund Bækgaard', '26152562', 'louise.lund.baekgaard@skolekom.dk', 23, 1, 0, 0, 0, 0, '2015-09-04 00:00:00', '2015-04-20 00:00:00', '0000-00-00 00:00:00'),
(144, 128, NULL, -1, 'Allerød Gymnasium', 'Rådhusvej 6', '3450', 'Allerød', 'Allerød', 'Hovedstaden', '2.g.', 'Bioteknologi', 'Louise Lund Bækgaard', '26152562', 'louise.lund.baekgaard@skolekom.dk', 0, 0, 0, 0, 0, 0, '2015-09-04 00:00:00', '2015-04-20 00:00:00', '0000-00-00 00:00:00'),
(145, 129, NULL, 1, 'Viborg Gymnasium og HF', 'Skaldehøjvej 12', '8800', 'Viborg', 'Viborg', 'Syddanmark', '2.g.', 'Bioteknologi', 'Astrid Siegumfeldt', '25115155', 'as@vghf.dk', 27, 1, 0, 0, 0, 0, '2015-09-08 00:00:00', '2015-04-07 00:00:00', '0000-00-00 00:00:00'),
(146, 130, NULL, 1, 'Høje-Taastrup Gymnasium', 'Frøgård Allé 2', '2630', 'Taastrup', 'Høje-Taastrup', 'Hovedstaden', '2.g.', 'Biologi', 'Thomas Warner', '51359953', 'tw@htgym.dk', 12, 1, 0, 0, 0, 0, '2015-09-09 00:00:00', '2015-04-15 00:00:00', '0000-00-00 00:00:00'),
(147, 130, NULL, 1, 'Høje-Taastrup Gymnasium', 'Frøgård Allé 2', '2630', 'Taastrup', 'Høje-Taastrup', 'Sjælland', '2.g.', 'Biologi', 'Gudrun Beyer Poulsen', '51359953', 'tw@htgym.dk', 12, 1, 0, 0, 0, 0, '2015-09-09 00:00:00', '2015-04-15 00:00:00', '0000-00-00 00:00:00'),
(148, 131, NULL, 1, 'Allerød Gymnasium', 'Rådhusvej 6', '3450', 'Allerød', 'Allerød', 'Hovedstaden', '2.g.', 'Biologi', 'Vagn Rasmussen', '21206073', 'vra@mail.dk', 17, 1, 0, 0, 0, 0, '2015-09-10 00:00:00', '2015-04-29 00:00:00', '0000-00-00 00:00:00'),
(149, 132, NULL, 1, 'Tårnby Gymnasium & HF', 'Tejn alle 5', '2770', 'Kastrup', 'Tårnby', 'Syddanmark', '3.g.', 'Bioteknologi', 'Ingelise Drozd Lund', '20438015', 'il@tgy.dk', 15, 1, 0, 0, 0, 0, '2015-09-11 00:00:00', '2015-05-22 00:00:00', '0000-00-00 00:00:00'),
(150, 132, NULL, 1, 'Tårnby Gymnasium & HF', 'Tejn alle 5', '2770', 'Kastrup', 'Tårnby', 'Midtjylland', '3.g.', 'Bioteknologi', 'Ingelise Drozd Lund', '20438015', 'il@tgy.dk', 0, 0, 0, 0, 0, 0, '2015-09-11 00:00:00', '2015-05-22 00:00:00', '0000-00-00 00:00:00'),
(151, 133, NULL, 1, 'Gladsaxe Gymnasium', 'Buddinge Hovedgade 81', '2860', 'Gladsaxe', 'Gladsaxe', 'Sjælland', '2.g.', 'Biologi', 'Tobias Frykman', '51222671', 'tobiasfrykman@gmail.com', 26, 1, 0, 0, 0, 0, '2015-09-16 00:00:00', '2015-05-30 00:00:00', '0000-00-00 00:00:00'),
(152, 134, NULL, 1, 'Borupgaard Gymnasium', 'Lautruphøj 9', '2750', 'Ballerup', 'Ballerup', 'Sjælland', '3.g.', 'Bioteknologi', 'Jens Bøgeskov', '29893667', 'jb@boag.nu', 13, 2, 0, 0, 0, 0, '2015-09-17 00:00:00', '2015-04-06 00:00:00', '0000-00-00 00:00:00'),
(153, 135, NULL, 1, 'FYNs HF-kursus', 'Hunderupvej 17', '5000', 'Odense', 'Odense', 'Sjælland', '2.g.', 'Biologi', 'Morten Jerris', '61716734', 'mrj@vucfyn.dk', 13, 1, 0, 0, 0, 0, '2015-09-18 00:00:00', '2015-04-29 00:00:00', '0000-00-00 00:00:00'),
(154, 136, NULL, 1, 'Nykøbing Katedralskole', 'Poul Martin Møllersvej 3', '4840', 'Nykøbing', 'Guldborgsund', 'Hovedstaden', '3.g.', 'Biologi', 'Grete Christiansen', '29648288', 'gc@nykgym.dk', 26, 2, 0, 0, 0, 0, '2015-09-22 00:00:00', '2015-06-10 00:00:00', '0000-00-00 00:00:00'),
(155, 137, NULL, -1, 'Næstved Gymnasium', 'Nygårdsvej 43', '4700', 'næstved', 'Næstved', 'Hovedstaden', '3.g.', 'Biologi', 'Thomas Bang', '28891969', 'tb@ngh.nu', 25, 1, 0, 0, 0, 0, '2015-09-23 00:00:00', '2015-05-13 00:00:00', '0000-00-00 00:00:00'),
(156, 138, NULL, 1, 'Hasseris Gymnasium', 'Hasserisvej 300', '9000', 'Aalborg', 'Aalborg', 'Hovedstaden', '3.g.', 'Biologi', 'Tore Rubak', '61277766', 'tr@hasseris-gym.dk', 17, 1, 0, 0, 0, 0, '2015-09-24 00:00:00', '2015-02-24 00:00:00', '0000-00-00 00:00:00'),
(157, 139, NULL, -1, 'Slagelse Gymnasium', 'Willemoesvej 2a', '4200', 'Slagelse', 'Slagelse', 'Hovedstaden', '3.g.', 'Biologi', 'Trine Nielsen', '28970393', 'te@slagelse-gym.dk', 26, 1, 0, 0, 0, 0, '2015-09-25 00:00:00', '2015-08-04 00:00:00', '0000-00-00 00:00:00'),
(158, 140, NULL, 1, 'Gladsaxe Gymnasium', 'Buddinge Hovedgade 81', '2860', 'Søborg', 'Gladsaxe', 'Hovedstaden', '3.g.', 'Biologi', 'Tobias Frykman', '51222671', 'tobiasfrykman@gmail.com', 19, 1, 0, 0, 0, 0, '2015-09-25 00:00:00', '2015-08-19 00:00:00', '0000-00-00 00:00:00'),
(159, 141, NULL, 1, 'Allerød Gymnasium', 'Rådhusvej 6', '3450', 'Allerød', 'Allerød', 'Hovedstaden', '2.g.', 'Bioteknologi', 'Louise Lund Bækgaard', '26152562', 'louise.lund.baekaard@gmail.com', 20, 1, 0, 0, 0, 0, '2015-09-29 00:00:00', '2015-08-12 00:00:00', '0000-00-00 00:00:00'),
(160, 141, NULL, 1, 'Allerød Gymnasium', 'Rådhusvej 6', '3450', 'Allerød', 'Allerød', 'Hovedstaden', '2.g.', 'Bioteknologi', 'Louise Lund Bækgaard', '26152562', 'louise.lund.baekaard@gmail.com', 0, 0, 0, 0, 0, 0, '2015-09-29 00:00:00', '2015-08-12 00:00:00', '0000-00-00 00:00:00'),
(161, 142, NULL, 1, 'Høje-Taastrup Gymnasium', 'Frøgaard alle 2', '2630', 'Taastrup', 'Høje-Taastrup', 'Hovedstaden', '2.g.', 'Biologi', 'Sofie Brix', '53344411', 'Sofieab@gmail.com', 15, 2, 0, 0, 0, 0, '2015-09-30 00:00:00', '2015-06-28 00:00:00', '0000-00-00 00:00:00'),
(162, 143, NULL, 1, 'Frederiksborg Gymnasium og HF', 'Carlsbergvej 15', '3400', 'Hillerød', 'Hillerød', 'Hovedstaden', '2.g.', 'Bioteknologi', 'Torsten Ingerslev', '30741421', 'torsten.ingerslev@gmail.com', 20, 1, 0, 0, 0, 0, '2015-10-01 00:00:00', '2015-04-20 00:00:00', '0000-00-00 00:00:00'),
(163, 144, NULL, 1, 'Københavns VUC', 'Vognmagergade 8', '1120', 'KBH', 'København', 'Hovedstaden', '2.g.', 'Biologi', 'Bent Nielsen', '82326600', 'bn@kvuc.dk', 23, 1, 0, 0, 0, 0, '2015-10-02 00:00:00', '2015-04-23 00:00:00', '0000-00-00 00:00:00'),
(164, 144, NULL, 1, 'Københavns VUC', 'Vognmagergade 8', '1120', 'KBH', 'København', 'Midtjylland', '2.g.', 'Biologi', 'Bent Nielsen', '82326600', 'bn@kvuc.dk', 0, 0, 0, 0, 0, 0, '2015-10-02 00:00:00', '2015-04-23 00:00:00', '0000-00-00 00:00:00'),
(165, 145, NULL, 1, 'Skanderborg Gymnasium', 'Højvangens Torv 6', '8660', 'Skanderborg', 'Skanderborg', 'Hovedstaden', '3.g.', 'Bioteknologi', 'Mikala Winther Voldby', '30276193', 'vv@skanderborg-gym.dk', 20, 2, 0, 0, 0, 0, '2015-10-06 00:00:00', '2015-06-25 00:00:00', '0000-00-00 00:00:00'),
(166, 146, NULL, 1, 'Køge Gymnasium', 'Gymnasievej 4', '4600', 'Køge', 'Køge', 'Hovedstaden', '2.g.', 'Biologi', 'Marie Eiland', '27284531', 'kgme@kggym.dk', 20, 2, 0, 0, 0, 0, '2015-10-07 00:00:00', '2015-06-30 00:00:00', '0000-00-00 00:00:00'),
(167, 147, NULL, 1, 'Falkonergårdens Gymnasium og HF-Kursus', 'Sønderjyllands Alle 25', '2000', 'Frederiksberg', 'Frederiksberg', 'Syddanmark', '2.g.', 'Biologi', 'Signe Markman og Morten Skaarup', '26783639', 'signemarkman@gmail.com', 29, 2, 0, 0, 0, 0, '2015-10-08 00:00:00', '2015-08-26 00:00:00', '0000-00-00 00:00:00'),
(168, 148, NULL, 1, 'Egedal Gymnasium & HF', 'Gymnasievej 1', '3660', 'Stenløse', 'Egedal', 'Sjælland', '2.g.', 'Biologi', 'Rikke Anker Jensen', '29914554', 'rj@egedal-gym.dk', 30, 2, 0, 0, 0, 0, '2015-10-23 00:00:00', '2015-04-08 00:00:00', '0000-00-00 00:00:00'),
(169, 148, NULL, 1, 'Egedal Gymnasium & HF', 'Gymnasievej 1', '3660', 'Stenløse', 'Egedal', 'Nordjylland', '2.g.', 'Biologi', 'Rikke Anker Jensen', '29914554', 'rj@egedal-gym.dk', 0, 0, 0, 0, 0, 0, '2015-10-23 00:00:00', '2015-04-08 00:00:00', '0000-00-00 00:00:00'),
(170, 149, NULL, -1, 'Høje-Taastrup Gymnasium', 'Frøgård alle 2', '2630', 'Taastrup', 'Høje-Taastrup', 'Hovedstaden', '2.g.', 'Biologi', 'Anders Jensen', '28251979', 'anders@rapanden.dk', 26, 1, 0, 0, 0, 0, '2015-10-27 00:00:00', '2015-08-17 00:00:00', '0000-00-00 00:00:00'),
(171, 150, NULL, 0, 'Rosborg Gymnasium & HF', 'Vestre Engvej 61', '7100', 'Vejle', 'Vejle', 'Hovedstaden', '3.g.', 'Biologi', 'Lone Kjærby Rasmussen', '27771452', 'lr@rosborg-gym.dk', 17, 1, 0, 0, 0, 0, '2015-10-29 00:00:00', '2015-06-12 00:00:00', '0000-00-00 00:00:00'),
(172, 151, NULL, -1, 'Rosborg Gymnasium & HF', 'Vestre Engvej 61', '7100', 'Vejle', 'Vejle', 'Hovedstaden', '3.g.', 'Biologi', 'Lone Kjærby Rasmussen', '27771452', 'lr@rosborg-gym.dk', 21, 1, 0, 0, 0, 0, '2015-10-30 00:00:00', '2015-09-06 00:00:00', '0000-00-00 00:00:00'),
(173, 152, NULL, -1, 'Viby Gymnasium', 'Søndervangs alle 45', '8260', 'Viby', 'Aarhus', 'Hovedstaden', '3.g.', 'Bioteknologi', 'Katrine Pedersen', '25611514', 'kp@vibygym.dk', 15, 1, 0, 0, 0, 0, '2015-11-05 00:00:00', '2015-08-12 00:00:00', '0000-00-00 00:00:00'),
(174, 153, NULL, 1, 'ZBC HTX Vordingborg', 'Chr. Richardtsvej 43', '4760', 'Vordingborg', 'Vordingborg', 'Sjælland', '3.g.', 'Bioteknologi', 'Eman Soubani og Stefan Vemmer Kronhoff', '42446360, 55788888', 'esou@zbc.dk', 12, 2, 0, 0, 0, 0, '2015-11-05 00:00:00', '2015-10-20 00:00:00', '0000-00-00 00:00:00'),
(175, 154, NULL, -1, 'Viby Gymnasium', 'Søndervangs alle 45', '8260', 'Viby', 'Aarhus', 'Hovedstaden', '3.g.', 'Bioteknologi', 'Katrine Pedersen', '25611514', 'Kp@vibygym.dk', 15, 1, 0, 0, 0, 0, '2015-11-06 00:00:00', '2015-08-10 00:00:00', '0000-00-00 00:00:00'),
(176, 155, NULL, 1, 'Borupgaard Gymnasium', 'Lautruphøj 9', '2750', 'Ballerup', 'Ballerup', 'Hovedstaden', '3.g.', 'Biologi', 'Ditte Zimmermann', '91250681', 'db@boag.nu', 13, 1, 0, 0, 0, 0, '2015-11-06 00:00:00', '2015-10-07 00:00:00', '0000-00-00 00:00:00'),
(177, 156, NULL, 1, 'Espergærde Gymnasium og HF', 'Gymnasievej 2', '3060', 'Espergærde', 'Helsingør', 'Hovedstaden', '3.g.', 'Biologi', 'Rikke Louise Rentsch', '21929989', 'RI@eg-gym.dk', 30, 1, 0, 0, 0, 0, '2015-11-10 00:00:00', '2015-08-27 00:00:00', '0000-00-00 00:00:00'),
(178, 156, NULL, 1, 'Espergærde Gymnasium og HF', 'Gymnasievej 2', '3060', 'Espergærde', 'Helsingør', 'Hovedstaden', '3.g.', 'Biologi', 'Rikke Louise Rentsch', '21929989', 'RI@eg-gym.dk', 0, 0, 0, 0, 0, 0, '2015-11-10 00:00:00', '2015-08-27 00:00:00', '0000-00-00 00:00:00'),
(179, 157, NULL, 1, 'Christianshavns Gymnasium', 'Princessegade 35', '1422', 'KBH', 'København', 'Hovedstaden', '2.g.', 'Bioteknologi', 'Jette Feld', '29800128', 'jf@cg-gym.dk', 0, 0, 0, 0, 0, 0, '2015-11-11 00:00:00', '2015-05-27 00:00:00', '0000-00-00 00:00:00'),
(180, 157, NULL, 1, 'Christianshavns Gymnasium', 'Princessegade 35', '1422', 'KBH', 'København', 'Hovedstaden', '2.g.', 'Bioteknologi', 'Jette Feld', '29800128', 'jf@cg-gym.dk', 14, 1, 0, 0, 0, 0, '2015-11-11 00:00:00', '2015-05-27 00:00:00', '0000-00-00 00:00:00'),
(181, 158, NULL, 1, 'Vordingborg Gymnasium & HF', 'Chr. Richardtsvej 45', '4760', 'Vordingborg', 'Vordingborg', 'Hovedstaden', '3.g.', 'Biologi', 'Jeppe Mordhorst', '40685274', 'jm@vordingborg-gym.dk', 24, 1, 0, 0, 0, 0, '2015-11-12 00:00:00', '2015-09-03 00:00:00', '0000-00-00 00:00:00'),
(182, 159, NULL, -1, 'Frederiksberg Gymnasium', 'Falkoner Plads 2', '2000', 'Frederiksberg', 'Frederiksberg', 'Hovedstaden', '3.g.', 'Biologi', 'Peter Toft', '30258217', 'pt@frederiksberggymnasium.dk', 20, 1, 0, 0, 0, 0, '2015-11-13 00:00:00', '2015-08-19 00:00:00', '0000-00-00 00:00:00'),
(183, 160, NULL, 1, 'Viby Gymnasium', 'Søndervangs alle 45', '8260', 'Viby', 'Aarhus', 'Hovedstaden', '3.g.', 'Bioteknologi', 'Katrine Pedersen', '25611514', 'kp@vibygym.dk', 15, 1, 0, 0, 0, 0, '2015-11-17 00:00:00', '2015-09-02 00:00:00', '0000-00-00 00:00:00');
INSERT INTO `klasse` (`klasse_id`, `booking_id`, `lokalitet_id`, `status`, `institutionsnavn`, `adresse`, `postnr`, `by`, `kommune`, `region`, `klassetrin`, `fag`, `laererNavn`, `laererTlf`, `laererEmail`, `antalElever`, `antalLaerer`, `KuvertProeverAfsendt`, `Proevermodtaget`, `SendtInfoMailTilLaerer`, `UdtraekFraFiskedatabasen`, `DatoForBesoeg`, `DatoForBooking`, `DatoForEkst`) VALUES
(184, 161, NULL, 1, 'SRP-elever, Borupgaard Gym', 'Gothersgade 130', '1350', 'København', 'København', 'Sjælland', '3.g.', 'Biologi/Biotek', 'Andreas Kelager og Marie Lillemark', '20616020', 'akelager@snm.ku.dk; marie.lillemark@snm.ku.dk', 1, 0, 0, 0, 0, 0, '2015-11-18 00:00:00', '2015-10-20 00:00:00', '0000-00-00 00:00:00'),
(185, 161, NULL, 1, 'SRP-elever, Frederiksværk Gym', 'Gothersgade 130', '1350', 'København', 'København', 'Hovedstaden', '3.g.', 'Biologi/Biotek', 'Andreas Kelager og Marie Lillemark', '20616020', 'akelager@snm.ku.dk; marie.lillemark@snm.ku.dk', 1, 0, 0, 0, 0, 0, '2015-11-18 00:00:00', '2015-10-20 00:00:00', '0000-00-00 00:00:00'),
(186, 161, NULL, 1, 'SRP-elever, Frederiksværk Gym', 'Gothersgade 130', '1350', 'København', 'København', 'Hovedstaden', '3.g.', 'Biologi/Biotek', 'Andreas Kelager og Marie Lillemark', '20616020', 'akelager@snm.ku.dk; marie.lillemark@snm.ku.dk', 1, 0, 0, 0, 0, 0, '2015-11-18 00:00:00', '2015-10-20 00:00:00', '0000-00-00 00:00:00'),
(187, 161, NULL, 1, 'SRP-elever, Rødovre Gym', 'Gothersgade 130', '1350', 'København', 'København', 'Hovedstaden', '3.g.', 'Biologi/Biotek', 'Andreas Kelager og Marie Lillemark', '20616020', 'akelager@snm.ku.dk; marie.lillemark@snm.ku.dk', 1, 0, 0, 0, 0, 0, '2015-11-18 00:00:00', '2015-10-20 00:00:00', '0000-00-00 00:00:00'),
(188, 162, NULL, 1, 'Birkerød Gymnasium - HF - IB & Kostskole', 'Søndervangen 56', '3460', 'Birkerød', 'Rudersdal', 'Sjælland', '3.g.', 'Biologi', 'Christina Høier Ricke & Jette Eibye-Jacobsen', '61696739', 'ei@birke-gym.dk', 16, 2, 0, 0, 0, 0, '2015-11-19 00:00:00', '2015-08-11 00:00:00', '0000-00-00 00:00:00'),
(189, 163, NULL, 1, 'Aurehøj Gymnasium', 'Skolevej 7', '2820', 'Gentofte', 'Gentofte', 'Hovedstaden', '2.g.', 'Biologi', 'Anne Winther Jørgensen', '', 'aj@aurehoej.dk', 9, 1, 0, 0, 0, 0, '2015-11-20 00:00:00', '2015-05-16 00:00:00', '0000-00-00 00:00:00'),
(190, 163, NULL, 1, 'Rungsted Gymnasium', 'Stadion Allé 14', '2960', 'Rungsted', 'Hørsholm', 'Sjælland', '3.g.', 'Biologi', 'Knud Johnsen', '81503755', 'jo@rungsted-gym.dk', 15, 1, 0, 0, 0, 0, '2015-11-20 00:00:00', '2015-05-16 00:00:00', '0000-00-00 00:00:00'),
(191, 164, NULL, 1, 'Københavns Tekniske Skole, HTX Vibenhus', 'Jagtvej 163', '2100', 'København', 'København', 'Hovedstaden', '2.g.', 'Biologi', 'Hanne Juhl (hju)', '21424674', 'hju@kts.dk', 23, 2, 0, 0, 0, 0, '2015-11-24 00:00:00', '2015-08-13 00:00:00', '0000-00-00 00:00:00'),
(192, 165, NULL, 1, 'Ørestad Gymnasium', 'Ørestad Boulevard 75', '2300', 'København', 'København', 'Sjælland', '2.g.', 'Bioteknologi', 'Sofie Bruhns', '29861030', 'srb@oegnet.dk', 18, 1, 0, 0, 0, 0, '2015-11-25 00:00:00', '2015-11-04 00:00:00', '0000-00-00 00:00:00'),
(193, 166, NULL, 1, 'Ordrup Gymnasium', 'Kirkevej 5', '2920', 'Gentofte', 'Gentofte', 'Syddanmark', '3.g.', 'Biologi', 'Karin Frykman', '22253576', 'karinfrykman@gmail.com', 18, 1, 0, 0, 0, 0, '2015-12-02 00:00:00', '2015-06-14 00:00:00', '0000-00-00 00:00:00'),
(194, 167, NULL, 1, 'Gladsaxe Gymnasium', 'Buddinge Hovedgade 81', '2860', 'Søborg', 'Gladsaxe', 'Hovedstaden', '2.g.', 'Biologi', 'Kenn Madsen', '40941331', 'ksmadsen@msn.com', 27, 1, 0, 0, 0, 0, '2015-12-09 00:00:00', '2015-09-28 00:00:00', '0000-00-00 00:00:00'),
(195, 168, NULL, -1, 'Espergærde Gymnasium og HF', 'Gymnasievej 2', '3060', 'Espergærde', 'Helsingør', 'Sjælland', '2.g.', 'Biologi', 'Katrine Skjøth', '40786427', 'katrineskjoeth@yahoo.dk', 28, 1, 0, 0, 127, 0, '2015-12-10 00:00:00', '2014-11-03 00:00:00', '0000-00-00 00:00:00'),
(196, 169, NULL, 1, 'Nærum Gymnasium', 'Nærum Hovedgade 30', '2850', 'Nærum', 'Rudersdal', 'Sjælland', '1.g.', 'Bioteknologi', 'Helle Jarden', '40783646', 'hj@nagym.dk', 29, 1, 0, 0, 0, 0, '2015-12-11 00:00:00', '2015-08-31 00:00:00', '0000-00-00 00:00:00'),
(197, 170, NULL, 1, 'Grindsted Gymnasium & HF', 'Tinghusgade 20', '7200', 'Grindsted', 'Billund', 'Hovedstaden', '3.g.', 'Bioteknologi', 'Anja Lykke Hundebøll Nielsen', '22819393', 'ah@ggnet.dk', 15, 1, 0, 0, 0, 0, '2015-12-16 00:00:00', '2015-02-03 00:00:00', '0000-00-00 00:00:00'),
(198, 171, NULL, 1, 'Helsingør Gymnasium', 'Borgmester P. Christensensvej 3', '3000', 'Helsingør', 'Helsingør', 'Sjælland', '2.g.', 'Bioteknologi', 'Thea Feld Nielsen og Stine Weber', '26498331', 'tf@hels-gym.dk', 28, 2, 0, 0, 0, 0, '2015-12-17 00:00:00', '2015-04-21 00:00:00', '0000-00-00 00:00:00'),
(199, 172, NULL, -1, 'Gladsaxe Gymnasium', 'Søborg hovedgade 81', '2860', 'Søborg', 'Gladsaxe', 'Sjælland', '3.g.', 'Biologi', 'Allan Gylling Olsen', '31500392', 'ao@gladgym.dk', 15, 1, 0, 0, 0, 0, '2016-01-06 00:00:00', '2015-10-24 00:00:00', '0000-00-00 00:00:00'),
(200, 173, NULL, 1, 'Espergærde Gymnasium og HF', 'Gymnasievej 2', '3060', 'Espergærde', 'Helsingør', 'Sjælland', '3.g.', 'Bioteknologi', 'Niels Kristian Holm', '60731927', 'nk@eg-gym.dk', 24, 1, 0, 0, 0, 0, '2016-01-07 00:00:00', '2015-11-17 00:00:00', '0000-00-00 00:00:00'),
(201, 174, NULL, 1, 'Egedal Gymnasium & HF', 'Gymnasievej 2', '3660', 'Stenløse', 'Egedal', 'Sjælland', '3.g.', 'Biologi', 'Malene Sloth-Brodersen', '27304769', 'malene@sloth-brodersen.dk', 21, 1, 0, 0, 0, 0, '2016-01-08 00:00:00', '2015-10-21 00:00:00', '0000-00-00 00:00:00'),
(202, 175, NULL, 1, 'VUC Roskilde', 'Læderstræde 4', '4000', 'Roskilde', 'Roskilde', 'Hovedstaden', '2.g.', 'Biologi', 'Sarah Kassem Kaltoft', '53575904', 'rka@vucroskilde.dk', 19, 1, 0, 0, 0, 0, '2016-01-12 00:00:00', '2015-11-30 00:00:00', '0000-00-00 00:00:00'),
(203, 176, NULL, 1, 'Roskilde Gymnasium', 'Domkirkepladsen 1', '4000', 'Roskilde', 'Roskilde', 'Syddanmark', '2.g.', 'Biologi', 'Karina Lærekdal Sørensen', '29909774', 'rgks@roskilde-gym.dk', 25, 1, 0, 0, 0, 0, '2016-01-15 00:00:00', '2015-12-07 00:00:00', '0000-00-00 00:00:00'),
(204, 177, NULL, 1, 'VUC Frederiksberg', 'Falstersvej 3-5', '2000', 'Frederiksberg', 'Frederiksberg', 'Sjælland', '3.g.', 'Biologi', 'Thorsten Dyrby Nielsen', '61995921', 'tdn@vuf.nu', 24, 1, 0, 0, 0, 0, '2016-01-19 00:00:00', '2015-11-24 00:00:00', '0000-00-00 00:00:00'),
(205, 178, NULL, 1, 'Høje-Taastrup Gymnasium', 'Frøgaard alle 2', '2630', 'Taastrup', 'Høje-Taastrup', 'Sjælland', '2.g.', 'Biologi', 'Christina Bramow & Søren Vienberg', '60682179', 'cb@htgym.dk; Soeren_vienberg@yahoo.com', 30, 2, 0, 0, 0, 0, '2016-01-20 00:00:00', '2015-04-24 00:00:00', '0000-00-00 00:00:00'),
(206, 179, NULL, -1, 'Roskilde Gymnasium', 'Domkirkepladsen 1', '4000', 'Roskilde', 'Roskilde', 'Hovedstaden', '2.g.', 'Biologi', 'Karina Lærekdal Sørensen', '29909774', 'rgks@roskilde-gym.dk', 28, 1, 0, 0, 0, 0, '2016-01-21 00:00:00', '2015-08-21 00:00:00', '0000-00-00 00:00:00'),
(207, 179, NULL, -1, 'Roskilde Gymnasium', 'Domkirkepladsen 1', '4000', 'Roskilde', 'Roskilde', 'Hovedstaden', '2.g.', 'Biologi', 'Karina Lærekdal Sørensen', '29909774', 'rgks@roskilde-gym.dk', 0, 0, 0, 0, 0, 0, '2016-01-21 00:00:00', '2015-08-21 00:00:00', '0000-00-00 00:00:00'),
(208, 180, NULL, 1, 'Nørresundby Gymnasium & HF', 'Studievej 14', '9400', 'Nørresundby', 'Aalborg', 'Sjælland', '3.g.', 'Bioteknologi', 'Dorte Schartau Rasmussen', '21765353', 'dra@nghf.dk', 15, 2, 0, 0, 0, 0, '2016-01-21 00:00:00', '2015-05-19 00:00:00', '0000-00-00 00:00:00'),
(209, 181, NULL, 1, 'Nørresundby Gymnasium & HF', 'Studievej 14', '9400', 'Nørresundby', 'Aalborg', 'Hovedstaden', '3.g.', 'Bioteknologi', 'Dorte Schartau Rasmussen', '21765353', 'dra@nghf.dk', 15, 2, 0, 0, 0, 0, '2016-01-21 00:00:00', '2015-05-19 00:00:00', '0000-00-00 00:00:00'),
(210, 180, NULL, -1, 'Nørresundby Gymnasium & HF', 'Studievej 14', '9400', 'Nørresundby', 'Aalborg', 'Hovedstaden', '3.g.', 'Bioteknologi', 'Dorte Schartau Rasmussen', '21765353', 'dra@nghf.dk', 15, 2, 0, 0, 0, 0, '2016-01-22 00:00:00', '2015-05-19 00:00:00', '0000-00-00 00:00:00'),
(211, 182, NULL, 1, 'VUC Frederiksberg', 'Falstersvej 3-5', '2000', 'Frederiksberg', 'Frederiksberg', '', '2.g.', 'Biologi', 'Tina Flensburg', '22167935', 'tif@vuf.nu', 17, 1, 0, 0, 0, 0, '2016-01-26 00:00:00', '2016-01-05 00:00:00', '0000-00-00 00:00:00'),
(212, 183, NULL, 1, 'Køge Gymnasium', 'Gymnasievej 4', '4600', 'Køge', 'Køge', 'Midtjylland', '1.g.', 'Bioteknologi', 'Christian Becher Clausen', '61702107', 'kgcc@kggym.dk', 31, 2, 0, 0, 0, 0, '2016-01-27 00:00:00', '2015-08-17 00:00:00', '0000-00-00 00:00:00'),
(213, 184, NULL, 1, 'Køge Gymnasium', 'Gymnasievej 4', '4600', 'Køge', 'Køge', 'Hovedstaden', '1.g.', 'Biologi', 'Kristian Poulsen', '40348616', 'kgkp@kggym.dk', 26, 1, 0, 0, 0, 0, '2016-01-28 00:00:00', '2015-08-17 00:00:00', '0000-00-00 00:00:00'),
(214, 185, NULL, 1, 'Gentofte HF', 'Dahlensstræde 5', '2820', 'Gentofte', 'Gentofte', 'Sjælland', '2.g.', 'Biologi', 'Jens Gerup Nielsen', '21167761', 'jens.liane@mail.dk', 27, 1, 0, 0, 0, 0, '2016-01-29 00:00:00', '2015-06-16 00:00:00', '0000-00-00 00:00:00'),
(215, 186, NULL, 1, 'Falkonergårdens Gymnasium og HF-Kursus', 'Sønderjyllands Alle 25', '2000', 'Frederiksberg', 'Frederiksberg', 'Hovedstaden', '3.g.', 'Biologi', 'Torben Roldsgaard', '23707840', 'torbenroldsgaard@hotmail.com', 20, 1, 0, 0, 0, 0, '2016-02-02 00:00:00', '2015-11-27 00:00:00', '0000-00-00 00:00:00'),
(216, 187, NULL, 1, 'Frederiksberg Gymnasium', 'Falkoner Plads 2', '2000', 'Frederiksberg', 'Frederiksberg', 'Syddanmark', '2.g.', 'Biologi', 'Jens Vilsom Andersen', '27626080', 'jv@frederiksberggymnasium.dk', 22, 1, 0, 0, 0, 0, '2016-02-03 00:00:00', '2015-11-17 00:00:00', '0000-00-00 00:00:00'),
(217, 188, NULL, 1, 'Silkeborg Gymnasium', 'Oslovej 10', '8600', 'Silkeborg', 'Silkeborg', 'Hovedstaden', '3.g.', 'Bioteknologi', 'Maiken Larsen', '25135959', 'kl@sg.dk', 28, 2, 0, 0, 0, 0, '2016-02-04 00:00:00', '2015-12-07 00:00:00', '0000-00-00 00:00:00'),
(218, 189, NULL, 1, 'Gentofte HF', 'Dahlensstræde 5', '2820', 'Gentofte', 'Gentofte', 'Hovedstaden', '1.g.', 'Biologi', 'Helle Munk Jensen', '21167586', 'hellemunk@gmail.com', 26, 2, 0, 0, 0, 0, '2016-02-05 00:00:00', '2015-08-17 00:00:00', '0000-00-00 00:00:00'),
(219, 190, NULL, 1, 'Virum Gymnasium', 'Fuglsangvej 66', '2830', 'Virum', 'Lyngby-Taarbæk', 'Sjælland', '3.g.', 'Bioteknologi', 'Dorte Kühnau', '29413443', 'dk@edu.virum-gym.dk', 27, 1, 0, 0, 0, 0, '2016-02-09 00:00:00', '2015-11-19 00:00:00', '0000-00-00 00:00:00'),
(220, 191, NULL, 1, 'Munkensdam Gymnasium', 'Tøndervej 100', '6000', 'Kolding', 'Kolding', 'Sjælland', '3.g.', 'Biologi', 'Merete Greniman', '51208884', 'mg@munkensdam.dk', 24, 2, 0, 0, 0, 0, '2016-02-10 00:00:00', '2015-08-11 00:00:00', '0000-00-00 00:00:00'),
(221, 192, NULL, 1, 'VUC Roskilde', 'Læderstræde 4', '4000', 'Roskilde', 'Roskilde', 'Hovedstaden', '2.g.', 'Biologi', 'Jesper B. Petersen', '30483062', 'rjp@vucroskilde.dk', 25, 1, 0, 0, 0, 0, '2016-02-11 00:00:00', '2015-08-07 00:00:00', '0000-00-00 00:00:00'),
(222, 193, NULL, 1, 'Gladsaxe Gymnasium', 'Buddinge Hovedgade 81', '2860', 'Søborg', 'Gladsaxe', 'Sjælland', '3.g.', 'Biologi', 'Kenn Madsen', '40941331', 'ksmadsen@msn.com', 26, 1, 0, 0, 0, 0, '2016-02-23 00:00:00', '2016-01-05 00:00:00', '0000-00-00 00:00:00'),
(223, 194, NULL, 1, 'Frederiksberg Gymnasium', 'Falkoner Plads 2', '2000', 'Frederiksberg', 'Frederiksberg', 'Hovedstaden', '3.g.', 'Biologi', 'Peter Toft', '30258217', 'pt@frederiksberggymnasium.dk', 20, 1, 0, 0, 0, 0, '2016-02-24 00:00:00', '2015-10-13 00:00:00', '0000-00-00 00:00:00'),
(224, 195, NULL, 1, 'Kruses Gymnasium', 'Stavnsholtvej 29-31', '3520', 'Farum', 'Furesø', 'Hovedstaden', '3.g.', 'Bioteknologi', 'John B. Nielsen', '31191122', 'jbn1@mks.dk', 27, 1, 0, 0, 0, 0, '2016-02-25 00:00:00', '2015-11-17 00:00:00', '0000-00-00 00:00:00'),
(225, 196, NULL, 1, 'Øregård Gymnasium', 'Gersonsvej 32', '2900', 'Hellerup', 'Gentofte', 'Sjælland', '3.g.', 'Biologi', 'Vibeke Tromholt', '30383038', 'vt@oregard.dk', 26, 1, 0, 0, 0, 0, '2016-02-26 00:00:00', '2015-09-08 00:00:00', '0000-00-00 00:00:00'),
(226, 197, NULL, -1, 'Nørresundby Gymnasium & HF', 'Studievej 14', '9400', 'Nørresundby', 'Aalborg', 'Midtjylland', '3.g.', 'Bioteknologi', 'Dorte Schartau Rasmussen', '21765353', 'dra@nghf.dk', 15, 2, 0, 0, 0, 0, '2016-02-28 00:00:00', '2015-05-19 00:00:00', '0000-00-00 00:00:00'),
(227, 198, NULL, 1, 'Det frie Gymnasium', 'Møllegade 26', '2200', 'København', 'København', 'Hovedstaden', '1.g.', 'Biologi', 'Kazem Neisari', '51367695', 'kn@detfri.dk', 28, 1, 0, 0, 0, 0, '2016-03-02 00:00:00', '2015-11-17 00:00:00', '0000-00-00 00:00:00'),
(228, 199, NULL, 1, 'Gladsaxe Gymnasium', 'Buddinge hovedgade 81', '2860', 'Søborg', 'Gladsaxe', 'Hovedstaden', '2.g.', 'Biologi', 'Tobias Frykman (forløbet er oprindelig booket af M', '23304980', 'tobiasfrykman@gmail.com', 18, 1, 0, 0, 0, 0, '2016-03-03 00:00:00', '2015-11-20 00:00:00', '0000-00-00 00:00:00'),
(229, 200, NULL, 1, 'Virum Gymnasium', 'Fuglsangvej 66', '2830', 'Virum', 'Lyngby-Taarbæk', 'Sjælland', '2.g.', 'Biologi', 'Annegrete Rømer', '51898486', 'annegrete_r@yahoo.dk', 21, 2, 0, 0, 0, 0, '2016-03-04 00:00:00', '2015-11-19 00:00:00', '0000-00-00 00:00:00'),
(230, 201, NULL, 1, 'Øregård Gymnasium', 'Gersonsvej 32', '2900', 'Hellerup', 'Gentofte', 'Hovedstaden', '3.g.', 'Biologi', 'Morten Bøyesen', '30383214', 'mb@oregard.dk', 27, 1, 0, 0, 0, 0, '2016-03-08 00:00:00', '2015-11-17 00:00:00', '0000-00-00 00:00:00'),
(231, 202, NULL, -1, 'Rysensteen Gymnasium', 'Tietgensgade 74', '1704', 'København', 'København', 'Sjælland', '3.g.', 'Bioteknologi', 'Jan Andersen', '53743576', 'ja@rysensteen.dk', 28, 1, 0, 0, 0, 0, '2016-03-09 00:00:00', '2015-11-17 00:00:00', '0000-00-00 00:00:00'),
(232, 203, NULL, 1, 'Næstved Gymnasium og hf', 'Nygårdsvej 43', '4700', 'Næstved', 'Næstved', 'Hovedstaden', '3.g.', 'Bioteknologi', 'Kim Bidstrup Withen', '60767799', 'kb@ngh.nu', 10, 2, 0, 0, 0, 0, '2016-03-09 00:00:00', '2015-12-23 00:00:00', '0000-00-00 00:00:00'),
(233, 203, NULL, 1, 'Silkeborg Gymnasium', 'Oslovej 10', '8600', 'Silkeborg', 'Silkeborg', 'Sjælland', '3.g.', 'Bioteknologi', 'Kim Bidstrup Withen', '60767799', 'kb@ngh.nu', 10, 2, 0, 0, 0, 0, '2016-03-09 00:00:00', '2015-12-23 00:00:00', '0000-00-00 00:00:00'),
(234, 203, NULL, 1, 'Svendborg Gymnasium & HF', 'AP Møllersvej 35', '5700', 'Svendborg', 'Svendborg', 'Hovedstaden', '3.g.', 'Bioteknologi', 'Kim Bidstrup Withen', '60767799', 'kb@ngh.nu', 10, 2, 0, 0, 0, 0, '2016-03-09 00:00:00', '2015-12-23 00:00:00', '0000-00-00 00:00:00'),
(235, 204, NULL, 1, 'Næstved Gymnasium og HF', 'Nygårdsvej 43', '4700', 'Næstved', 'Næstved', 'Hovedstaden', '3.g.', 'Biologi', 'Tina Christensen', '27483926', 'tc@ngh.nu', 27, 1, 0, 0, 0, 0, '2016-03-10 00:00:00', '2015-11-17 00:00:00', '0000-00-00 00:00:00'),
(236, 205, NULL, 1, 'Espergærde Gymnasium og HF', 'Gymnasievej 2', '3060', 'Espergærde', 'Helsingør', '', '1.g.', 'Bioteknologi', 'Thor Højen Wind', '60604723', 'tw@eg-gym.dk', 28, 2, 0, 0, 0, 0, '2016-03-11 00:00:00', '2016-01-12 00:00:00', '0000-00-00 00:00:00'),
(237, 206, NULL, -1, 'Gammel Hellerup Gymnasium', 'Svanemøllevej 87', '2900', 'Hellerup', 'Gentofte', 'Hovedstaden', '1.g.', 'Bioteknologi', 'Bo Kildeager', '29117481', 'bk@ghg.dk', 28, 1, 0, 0, 0, 0, '2016-03-15 00:00:00', '2015-10-26 00:00:00', '0000-00-00 00:00:00'),
(238, 207, NULL, 1, 'Gribskov Gymnasium', 'Østergade 52', '3200', 'Helsinge', 'Gribskov', '', '3.g.', 'Bioteknologi', 'Niels J. Willumsen', '26204431', 'njwillumsen@gmail.com', 30, 2, 0, 0, 0, 0, '2016-03-15 00:00:00', '2016-01-06 00:00:00', '0000-00-00 00:00:00'),
(239, 208, NULL, 1, 'Ribe Katedralskole.dk', 'Puggaaardsgade 22', '6760', 'Ribe', 'Esbjerg', 'Hovedstaden', '1.g.', 'Biologi', 'Hanne Skalborg Jensen', '23644884', 'hs@ribekatedralskole.dk', 25, 1, 0, 0, 0, 0, '2016-03-17 00:00:00', '2015-11-17 00:00:00', '0000-00-00 00:00:00'),
(240, 209, NULL, -1, 'Gribskov Gymnasium', 'Østergade 52', '3200', 'Helsinge', 'Gribskov', 'Hovedstaden', '3.g.', 'Biologi', 'Rudi Pedersen', '29850957', 'RP@gribskovgymnasium.dk', 17, 1, 0, 0, 0, 0, '2016-03-18 00:00:00', '2015-11-22 00:00:00', '0000-00-00 00:00:00'),
(241, 210, NULL, 1, 'HF og VUC Nordsjælland', 'Gurrevej 90', '3000', 'Helsingør', 'Helsingør', 'Sjælland', '2.g.', 'Biologi', 'Louise Adelhart', '60870803', 'loa@vucns.dk', 30, 1, 0, 0, 0, 0, '2016-03-18 00:00:00', '2016-01-05 00:00:00', '0000-00-00 00:00:00'),
(242, 211, NULL, 1, 'Gammel Hellerup Gymnasium', 'Svanemøllevej 87', '2900', 'Hellerup', 'Gentofte', 'Sjælland', '1.g.', 'Bioteknologi', 'Bo Kildeager', '29117481', 'bk@ghg.dk', 19, 1, 0, 0, 0, 0, '2016-03-29 00:00:00', '2016-01-03 00:00:00', '0000-00-00 00:00:00'),
(243, 212, NULL, 1, 'Stenhus Gymnasium og HF', 'Stenhusvej 20', '4300', 'Holbæk', 'Holbæk', 'Hovedstaden', '3.g.', 'Bioteknologi', 'Peter Jensen', '28959901', '911jensen@gmail.com', 15, 1, 0, 0, 0, 0, '2016-03-30 00:00:00', '2015-11-17 00:00:00', '0000-00-00 00:00:00'),
(244, 213, NULL, 1, 'Køge Private Realskole, Gymnasium', 'Ølby Center 50', '4600', 'Køge', 'Køge', 'Hovedstaden', '1.g.', 'Biologi', 'Marie Kvist Bondesen', '30283077', 'mariebondesen@gmail.com', 19, 1, 0, 0, 0, 0, '2016-03-31 00:00:00', '2015-12-28 00:00:00', '0000-00-00 00:00:00'),
(245, 214, NULL, 1, 'Køge Gymnasium', 'Gymnasievej 4', '4600', 'Køge', 'Køge', 'Hovedstaden', '2.g.', 'Biologi', 'Pia Myler', '30272272', 'kgpm@kggym.dk', 28, 1, 0, 0, 0, 0, '2016-04-01 00:00:00', '2015-11-19 00:00:00', '0000-00-00 00:00:00'),
(246, 215, NULL, 1, 'HTX Gastro Science', 'Vigerslev Allé 18', '2500', 'Valby', 'København', 'Hovedstaden', '1.g.', 'Bioteknologi', 'Ditte Elsborg', '60883120', 'del@hrs.dk', 15, 1, 0, 0, 0, 0, '2016-04-05 00:00:00', '2015-11-24 00:00:00', '0000-00-00 00:00:00'),
(247, 216, NULL, 1, 'Nordsjællands Grundskole og Gymnasium', 'Christianshusvej 16', '2970', 'Hørsholm', 'Hørsholm', 'Hovedstaden', '2.g.', 'Biologi', 'Marianne Johansson', '27514149', 'mjo@ngg.dk', 25, 2, 0, 0, 0, 0, '2016-04-06 00:00:00', '2015-11-17 00:00:00', '0000-00-00 00:00:00'),
(248, 217, NULL, 1, 'Allerød Gymnasium', 'Rådhusvej 6', '3450', 'Allerød', 'Fredensborg', 'Hovedstaden', '1.g.', 'Biologi', 'Malthe Lund og Marianne Maigaard', '26364844', 'malthelund@gmail.com', 29, 2, 0, 0, 0, 0, '2016-04-07 00:00:00', '2015-10-28 00:00:00', '0000-00-00 00:00:00'),
(249, 218, NULL, 1, 'Ingrid Jespersens Gymnasieskole', 'Nordre Frihavnsgade 9', '2100', 'København', 'København', 'Hovedstaden', '2.g.', 'Biologi', 'Christian Riisager-Pedersen', '20119987', 'riisager-pedersen@hotmail.com', 26, 1, 0, 0, 0, 0, '2016-04-08 00:00:00', '2015-11-12 00:00:00', '0000-00-00 00:00:00'),
(250, 219, NULL, 1, 'Thisted Gymnasium', 'Ringvej 32', '7700', 'Thisted', 'Thisted', 'Syddanmark', '2.g.', 'Biologi', 'Pia Lassen', '20627656', 'pl@thisted-gymnasium.dk', 24, 1, 0, 0, 0, 0, '2016-04-12 00:00:00', '2015-06-23 00:00:00', '0000-00-00 00:00:00'),
(251, 220, NULL, -1, 'Gribskov Gymnasium', 'Østergade 52', '3200', 'Helsinge', 'Gribskov', 'Midtjylland', '3.g.', 'Biologi', 'Morten Wermer', '24677788', 'mw@gribskovgymnasium.dk', 20, 1, 0, 0, 0, 0, '2016-04-14 00:00:00', '2015-08-14 00:00:00', '0000-00-00 00:00:00'),
(252, 221, NULL, -1, 'Solrød Gymnasium', 'Solrød Center 2', '2680', 'Solrød', 'Solrød', 'Hovedstaden', '2.g.', 'Biologi', 'Laura Dall Køhler', '31230190', 'sglk@solgym.dk', 30, 1, 0, 0, 0, 0, '2016-04-15 00:00:00', '2015-11-26 00:00:00', '0000-00-00 00:00:00'),
(253, 222, NULL, 1, 'Marselisborg Gymnasium', 'Birketinget 9', '8000', 'Aarhus', 'Aarhus', 'Syddanmark', '3.g.', 'Biologi', 'Torben Hviid', '29720358', 'th@marselisborg-gym.dk', 24, 2, 0, 0, 0, 0, '2016-04-19 00:00:00', '2015-08-15 00:00:00', '0000-00-00 00:00:00'),
(254, 223, NULL, 1, 'Rysensteen Gymnasium', 'Tietgensgade 74', '1704', 'København', 'København', 'Sjælland', '1.g.', 'Bioteknologi', 'Søren Søgaard', '53603891', 'ss@rysensteen.dk', 30, 1, 0, 0, 0, 0, '2016-04-20 00:00:00', '2015-06-17 00:00:00', '0000-00-00 00:00:00'),
(255, 224, NULL, 1, 'Espergærde Gymnasium og HF', 'Gymnasievej 2', '3060', 'Espergærde', 'Helsingør', 'Hovedstaden', '2.g.', 'Biologi', 'Katrine Skjøth', '40786427', 'katrineskjoeth@yahoo.dk', 28, 1, 0, 0, 0, 0, '2016-04-21 00:00:00', '2015-09-28 00:00:00', '0000-00-00 00:00:00'),
(256, 225, NULL, 1, 'Roskilde Gymnasium', 'Domkirkepladsen', '4000', 'Roskilde', 'Roskilde', 'Hovedstaden', '1.g.', 'Biologi', 'Rune Olsen', '21180778', 'Rune.Olsen@roskilde-gym.dk', 28, 1, 0, 0, 0, 0, '2016-04-26 00:00:00', '2015-10-21 00:00:00', '0000-00-00 00:00:00'),
(257, 226, NULL, 1, 'Solrød Gymnasium', 'Solrød Center 2', '2680', 'Solrød', 'Solrød', 'Syddanmark', '1.g.', 'Biologi', 'Bodil Theilade', '27127093', 'sgbth@solgym.dk', 29, 1, 0, 0, 0, 0, '2016-04-27 00:00:00', '2015-11-17 00:00:00', '0000-00-00 00:00:00'),
(258, 227, NULL, 1, 'Borupgaard Gymnasium', 'Lautruphøj 9', '2750', 'Ballerup', 'Ballerup', 'Hovedstaden', '2.g.', 'Bioteknologi', 'Jens Bøgeskov', '29893667', 'jb@boag.nu', 20, 2, 0, 0, 0, 0, '2016-04-28 00:00:00', '2015-10-23 00:00:00', '0000-00-00 00:00:00'),
(259, 228, NULL, 1, 'Roskilde Gymnasium', 'Domkirkepladsen', '4000', 'Roskilde', 'Roskilde', 'Hovedstaden', '1.g.', 'Bioteknologi', 'Christine Brænder Almstrup', '25852802', 'rgch@roskilde-gym.dk', 30, 1, 0, 0, 127, 0, '2016-04-29 00:00:00', '2015-11-17 00:00:00', '0000-00-00 00:00:00'),
(260, 229, NULL, 1, 'Erhvervsskolen Nordsjælland, HTX Hillerød', 'Carlsbergvej 34', '3400', 'Hillerød', 'Hillerød', 'Hovedstaden', '2.g.', 'Biologi', 'Maria Rentsch', '20404152', 'mare@esnord.dk', 27, 1, 0, 0, 0, 0, '2016-05-04 00:00:00', '2015-12-03 00:00:00', '0000-00-00 00:00:00'),
(261, 230, NULL, 1, 'Birkerød Gymnasium - HF - IB & Kostskole', 'Søndervangen 56', '3460', 'Birkerød', 'Rudersdal', 'Hovedstaden', '2.g.', 'Biologi', 'Christina Høier Ricke', '61696739', 'cr@birke-gym.dk', 25, 1, 0, 0, 0, 0, '2016-05-10 00:00:00', '2016-01-05 00:00:00', '0000-00-00 00:00:00'),
(262, 231, NULL, 1, 'Roskilde Gymnasium', 'Domkirkepladsen 3', '4000', 'Roskilde', 'Roskilde', 'Hovedstaden', '1.g.', 'Biologi', 'Rune Sjødahl', '25678196', 'rgrs@roskilde-gym.dk', 27, 1, 0, 0, 0, 0, '2016-05-11 00:00:00', '2015-11-17 00:00:00', '0000-00-00 00:00:00'),
(263, 232, NULL, 1, 'Gribskov Gymnasium', 'Østergade 52', '3200', 'Helsinge', 'Gribskov', '', '3.g.', 'Biologi', 'Morten Wermer', '24677788', 'mw@gribskovgymnasium.dk', 20, 1, 0, 0, 0, 0, '2016-05-12 00:00:00', '2016-01-25 00:00:00', '0000-00-00 00:00:00'),
(264, 233, NULL, 1, 'Rysensteen Gymnasium', 'Tietgensgade 74', '1704', 'København', 'København', '', '2.g.', 'Biologi', 'Marie Brøndum', '60850717', 'br@rysensteen.dk', 24, 1, 0, 0, 0, 0, '2016-05-13 00:00:00', '2016-01-13 00:00:00', '0000-00-00 00:00:00'),
(265, 234, NULL, 1, 'Birkerød Gymnasium - HF - IB & Kostskole', 'Søndervangen 56', '3460', 'Birkerød', 'Rudersdal', '', '2.g.', 'Biologi', 'Jette Eibye-Jacobsen', '22913753', 'ei@birke-gym.dk', 20, 1, 0, 0, 0, 0, '2016-05-17 00:00:00', '2016-01-07 00:00:00', '0000-00-00 00:00:00'),
(266, 235, NULL, 1, 'Stenhus Gymnasium og HF', 'Stenhusvej 20', '4300', 'Holbæk', 'Holbæk', 'Hovedstaden', '1.g.', 'Bioteknologi', 'Anfinn Joensen', '30825556', 'anfinn@gmail.com', 30, 2, 0, 0, 0, 0, '2016-05-18 00:00:00', '2015-11-17 00:00:00', '0000-00-00 00:00:00'),
(267, 236, NULL, 1, 'Rungsted Gymnasium', 'Stadion Alle', '2960', 'Rungsted', 'Hørsholm', 'Hovedstaden', '1.g.', 'Bioteknologi', 'Charlotte puge', '26813503', 'Cpuge@hotmail.com', 15, 1, 0, 0, 0, 0, '2016-05-19 00:00:00', '2015-11-17 00:00:00', '0000-00-00 00:00:00'),
(268, 237, NULL, 1, 'CELF', 'Kringelborg Alle 7', '4800', 'Nykøbing', 'Guldborgsund', '', '1.g.', 'Bioteknologi', 'Ivar Dencker', '51360563', 'ivde@celf.dk', 22, 2, 0, 0, 0, 0, '2016-05-25 00:00:00', '2016-01-25 00:00:00', '0000-00-00 00:00:00'),
(269, 238, NULL, -1, 'Vordingborg Gymnasium & HF', 'Chr. Richardtsvej 45', '4760', 'Vordingborg', 'Vordingborg', '', '2.g.', 'Bioteknologi', 'Jeppe Mordhorst', '40685274', 'jm@vordingborg-gym.dk', 28, 2, 0, 0, 0, 0, '2016-05-27 00:00:00', '2016-01-18 00:00:00', '0000-00-00 00:00:00'),
(270, 239, NULL, -1, 'Grindsted Gymnasium & HF', 'Tinghusgade 20', '7200', 'Grindsted', 'Billund', 'Hovedstaden', '3.g.', 'Biologi', 'Heidi Nystrand', '', 'hn@ggnet.dk', 28, 1, 0, 0, 0, 0, '0000-00-00 00:00:00', '2014-05-28 00:00:00', '0000-00-00 00:00:00'),
(271, 240, NULL, -1, 'Grindsted Gymnasium & HF', 'Tinghusgade 20', '7200', 'Grindsted', 'Billund', 'Sjælland', '3.g.', 'Biologi', 'Heidi Nystrand', '', 'hn@ggnet.dk', 28, 1, 0, 0, 0, 0, '0000-00-00 00:00:00', '2014-10-01 00:00:00', '0000-00-00 00:00:00'),
(272, 241, NULL, -1, 'Grindsted Gymnasium & HF', 'Tinghusgade 20', '7200', 'Grindsted', 'Billund', 'Nordjylland', '3.g.', 'Bioteknologi', 'Anja Lykke Hundebøll Nielsen', '', 'ah@ggnet.dk', 16, 1, 0, 0, 0, 0, '0000-00-00 00:00:00', '2014-08-04 00:00:00', '0000-00-00 00:00:00'),
(273, 242, NULL, 0, '', '', '', '', '', '', '', '', '', '', '', 0, 0, 0, 0, 0, 0, '0000-00-00 00:00:00', '0000-00-00 00:00:00', '0000-00-00 00:00:00');

-- --------------------------------------------------------

--
-- Table structure for table `klassetrin`
--

CREATE TABLE IF NOT EXISTS `klassetrin` (
  `klassetrin_id` int(11) NOT NULL AUTO_INCREMENT,
  `klassetrin_navn` varchar(50) NOT NULL,
  PRIMARY KEY (`klassetrin_id`)
) ENGINE=InnoDB  DEFAULT CHARSET=utf8 AUTO_INCREMENT=4 ;

--
-- Dumping data for table `klassetrin`
--

INSERT INTO `klassetrin` (`klassetrin_id`, `klassetrin_navn`) VALUES
(1, '1.g'),
(2, '2.g'),
(3, '3.g');

-- --------------------------------------------------------

--
-- Table structure for table `klasse_indsamler`
--

CREATE TABLE IF NOT EXISTS `klasse_indsamler` (
  `klasse_id` int(11) NOT NULL,
  `indsamler_id` int(11) NOT NULL
) ENGINE=InnoDB DEFAULT CHARSET=utf8;

-- --------------------------------------------------------

--
-- Table structure for table `klasse_kommentar`
--

CREATE TABLE IF NOT EXISTS `klasse_kommentar` (
  `klasse_kommentar_id` int(11) NOT NULL AUTO_INCREMENT,
  `klasse_id` int(11) NOT NULL,
  `kommentar` text NOT NULL,
  PRIMARY KEY (`klasse_kommentar_id`)
) ENGINE=InnoDB  DEFAULT CHARSET=utf8 AUTO_INCREMENT=80 ;

--
-- Dumping data for table `klasse_kommentar`
--

INSERT INTO `klasse_kommentar` (`klasse_kommentar_id`, `klasse_id`, `kommentar`) VALUES
(1, 4, 'Vi vil gerne tage egne vandprøver i sensommeren. Hvis muligt send venligst info'),
(2, 20, 'vi vil gerne tage vandprøven i sensommeren, så send venligst materiale på forhånd'),
(3, 49, 'Booket sammen med Heidi Nystrand. Oprindelig sagsnr. F14-01'),
(4, 55, 'Én elev gennemgår en stor operation i ryggen 1-2 mdr inden besøget og må forventes at få lidt lang snor mht evnen til at sidde på en stol osv.'),
(5, 56, 'Ombooket, læreren HAR modtaget indsamlingskit, men pgha efterårsferie ændrede han datoen'),
(6, 60, 'Klassen er 3y BI.'),
(7, 61, 'Vi har to A niveau hold med 2g med 8 elever og 3g med 25 elever'),
(8, 64, 'Holdet er et hf-enkeltfagshold på B-niveau - Altså vokse kursister!'),
(9, 65, 'bio b.'),
(10, 78, 'Det er en dygtig klasse.'),
(11, 79, 'Henvisning til sag F14-13 Vi havde ikke skrevet den korrekte dato i vores kalender. Vi har desuden en elev, der er nyligt rygopereret, som nok ikke kan sidde ned så længe af gangen. Bare så der er forståelse for, at hun evt. går rundt, ligger ned eller lignende'),
(12, 82, 'Vi har haft en del datobytningsforvirring, som også har involveret parallelholdet i biologi med Maria Steinhausen - også fra Helsingør Gymnasium. Det betyder ikke så meget, udover at jeg gerne vil bemærke, at vores prøver er de, som er taget fra "Politisøen" i Helsingør. Så lad ikke booking-koden forlede Jer til at tro, at vi skal behandle Maria Steinhausens prøver :-) hilsen OLe Carsten Pedersen'),
(13, 83, 'Klassen har biologi på B-niveau'),
(14, 86, '1 ekstra hold på 18 elever fra samme gym er tilmeldt. Booking ændret d. 14. august 2014'),
(15, 87, '1 ekstra hold på 18 elever fra samme gym er tilmeldt. Booking ændret d. 14. august 2014'),
(16, 91, 'Det er et hold fra læreruddannelsen, der har biologi som undervisningsfag. Tager kontakt pr. mail. Vigtigt for mig at få reserveret dagen i første omgang'),
(17, 92, 'Biologi studieretning A niveau'),
(18, 96, 'Det er et hold der kommer ind Det er mange elever, men de er meget rolige'),
(19, 97, 'Det er et hold der kommer ind Det er mange elever, men de er meget rolige'),
(20, 101, '2 hold. Det ene hold 2g (9 elever) det andet hold 3g (11 elever). Begge hold på A-niveau. '),
(21, 115, 'OBS: to klasser fra to forskellige gymnasier. De skal have tilsendt to kits. Det ene til Køge, det andet til Tine Tønnes SørensenHøng Gymnasium og HFHovedgaden 2 4270 Høng'),
(22, 119, 'Almindelig ''Papegøjeklasse'' med sproglige elever'),
(23, 122, 'Vi kommer med 2 klasser, en biotek A på 11 elever og en Biologi C på 19 elever. Jeg er lærer for dem begge og vil sørge for at de har hørt om DNA og PCR forinden. 1 elev er kørestolsbruger, som har en medhjælper med.'),
(24, 134, 'Jeg har fået et vandopsamlingssæt udleveret på Big Bang konferencen. Jeg sender noget vand ind i slutningen af april.'),
(25, 136, 'Den anden lærer er kemilærer i bioteknologi, og hedder Jens Sveistrup'),
(26, 138, 'Holdet jeg tænker på er 2g Biologi B , der er 12 elever. Imidlertid kunne jeg tænke mig også at deltage samtidigt med 12 Biologi A-elever . Begge dele kræver imidlertid godkendelse fra skolen som jeg straks vil forespørge om Dvs jeg ønsker at reservere dagen. Skulle dagen være optaget vil torsdag d 3 eller fre d 4-9 / uge 36 også være interessant mvh bente bregnbak.'),
(27, 146, 'Jeg kender ikke klassens størrelse endnu'),
(28, 147, 'Jeg kender ikke klassens størrelse endnu'),
(29, 148, 'Klassen har i april underøgt søens kvalitet ved undersøgelse af plante- og dyreliv, iltmåling, BI5, sigtdybde mm Undersøgelsen er del af et løbende samarbejde mellem Allerød Gymnasium og Grundejerforeningen omkring søen, som glæder sig til at høre resultatet af eDNA analyserne'),
(30, 154, 'Aftalt starttidspunkt 9.30 (ved Andreas)'),
(31, 159, 'Vi har tidligere booket en forløb, men måtte aflyse, og har derfor genbooket._x000D_ Vi har indsendt vandprøver. Det oprindelige bookingnummer var F14-85.'),
(32, 167, 'Der er tale om to studieretninger: Biologi og bioteknologi'),
(33, 168, 'Klassen er på en naturvidenskabelig studieretning med Bio A, kemi B og Mat B og er generelt både dygtige og ambitiøse udi det naturvidenskabelige så bare fyld på:-)'),
(34, 169, 'Klassen er på en naturvidenskabelig studieretning med Bio A, kemi B og Mat B og er generelt både dygtige og ambitiøse udi det naturvidenskabelige så bare fyld på:-)'),
(35, 171, '1 hørehæmmet elev. Evt. følger tolk med'),
(36, 172, 'Der er en hørehæmmet elev i klassen, så der vil evt. være en tolk med. Jeg har haft sendt en tilmelding før sommerferien, som jeg afbestilte igen. Jeg fik tilsendt prøverør mv. inden jeg fik afbestilt. Så hvis vi skal indsamle vandprøve, har jeg fået et kit. Vi skal rejse retur til Vejle fredag eftermiddag med DSB frirejse. Jeg har endnu ikke fået billetterne. Er der mulighed for, at vi kan starte lidt tidligere, hvis det bliver vanskeligt at få det til at hænge sammen med vores hjemrejse?'),
(37, 177, 'Biologi A'),
(38, 178, 'Biologi A'),
(39, 181, 'Vi har i foråret indsamlet og indsendt prøve fra vores lokalområde, Kulsbjerg - og det håber vi jo meget at vi selv kan komme til at analysere!'),
(40, 182, 'Klassen har biologi på B-niveau.'),
(41, 188, 'Dette er et IB biologi hold og de skal meget gerne undervises på engelsk; material behøver ikke at være på engelsk, da alle har modtaget undervisning i sporget dansk.'),
(42, 190, 'Incl 8 elever fra Aurehøj'),
(43, 192, 'Meget gerne det forløb om livet i drikkevand, da det passer bedre til hvad klassen har om for tiden, som netop er bakterier i vores omgivelser, og som organisme'),
(44, 193, 'biologi B niveau Vi indsamler DNA i august, har et prøvesæt!'),
(45, 200, 'Klassen kender de grundlæggende DNA-teknikker.  '),
(46, 203, 'Ombooket, fra F15-018. Vi vil gerne se på prøver fra Bølle Sø eller Avn Sø, prøver er sendt ind fra Gorm Clausen DL_F15-018_2'),
(47, 209, 'Dette er en ombookning. Oprindeligt skulle vi komme d. 28.1, så blev det d. 22.1 og nu altså den 21.1. Vores oprindelige bookingnummer DL_F14-96 Vi har indsendt prøver både fra en sø og fra vandhanevand.'),
(48, 215, 'En Team Danmark klasse som har morgentræning denne dag, så hvis øvelsesstarten kan rykkes til kl. 9.30- 9.45 vil det være fint.'),
(49, 216, 'Klassen har biologi på B-niveau'),
(50, 218, 'Dagen er booket som en del af et projekt vi kalder "Superbiologer". Eleverne kommer fra 8 forskellige 1. hf klasser - og de har meldt sig frivilligt til arrangementet. Da eleverne kommer fra 8 forskellige klasser (med forskellige lærere) har de ikke haft en fælles introduktion til dagen. Alle eleverne kender til cellers opbygning, DNA''s opbygning og har lavet forsøg med elektroforese. De har biologi på C-niveau._x000D__x000D_Inden sommerferien sendte jeg vandprøver til jer._x000D__x000D_Mvh Helle '),
(51, 220, 'Vi er to A-niveau hold. Det ene hold (9 elever) har biologi på A-niveau og det andet hold (16 elever) har bioteknologi på A-niveau._x000D__x000D_Vi kommer fra Kolding i Jylland, men den kommune findes ikke i jeres oversigt. Betyder det at jyder ikke kan få adgang til jeres undervisning???_x000D__x000D_Venlig hilsen_x000D_Merete Greniman'),
(52, 223, 'Gymnasietjenesten/BEKL: Oprindeligt forløb den 13/11-2015 rykket til 24/2 efter henvendelse fra lærer. Lærers bemærkninger 12/10-2015: ”Klassen har biologi på B-niveau. Vi har taget vandprøve fra Schweizersøen i Frederiksberg Have, som vi sendte til jer den 30/9. På den er vores besøgsdato markeret som 13/11. Vi mangler endnu at tage prøven fra gymnasiets postevand'),
(53, 224, 'den med ferskvandsdyr i søer (Furesøen): livet i et snapseglas'),
(54, 227, 'Klassen har den basale viden om genetik inden besøget.'),
(55, 228, 'Biologi B'),
(56, 229, 'Eleverne har Biologi A i studieretningen. Der er to udvekslingsstudenter (en fra USA og en fra Argentina)'),
(57, 232, 'Eleverne er en masterclass i biologi og bioteknologi, hvor eleverne kommer fra Silkeborg, Svendborg og Næstved Gymnasium. De er dygtige og vil gerne udfordres. Hvis I har et ekstra fagligt gear må I gerne bruge det.'),
(58, 233, 'Eleverne er en masterclass i biologi og bioteknologi, hvor eleverne kommer fra Silkeborg, Svendborg og Næstved Gymnasium. De er dygtige og vil gerne udfordres. Hvis I har et ekstra fagligt gear må I gerne bruge det.'),
(59, 234, 'Eleverne er en masterclass i biologi og bioteknologi, hvor eleverne kommer fra Silkeborg, Svendborg og Næstved Gymnasium. De er dygtige og vil gerne udfordres. Hvis I har et ekstra fagligt gear må I gerne bruge det.'),
(60, 235, 'Jeg har rettet denne booking til d. 10/3 fra en tidligere booking d. 3/3 - efter mailhenvendelse fra læreren. /Mia 17/11'),
(61, 237, 'Jeg skal nok have gennemgået alt det faglige relevante for klassen inden besøget. Vh Bo'),
(62, 238, 'OBS! Prøve: DL_GYM_008, indsamlet d. 7.6.2015 af Niels J. Willumsen. To hold: 3.g biotek 19 elever, 1.g biologi 11 elever'),
(63, 239, 'Det bliver en studieretningsklasse med Biologi på A-niveau, og matenmatik på A og kemi på B. Klassen er ikke dannet endnu. Det sker først efter nytår, så derfor kan jeg ikke angive antal elever præcist, men det bliver sikkert en hel klasse. '),
(64, 240, 'Biologi A, KemiB sk´tudieretning._x000D_Da vi kommer med tog fra Helsinge vil vi gerne starte 9.15 hvis det er muligt '),
(65, 241, 'Der er tale om et valgfag Biologi på B-niveau. Der er enkelte kursister som er 1. års elever. Da valgfaget netop er startet op (januar 2016) er kursisttallet forbundet med en smule usikkerhed. På nuværende tidspunkt er der tilmeldt 32 til holdet. Er det i orden at give et kursisttal per 1. marts 2016?'),
(66, 242, 'Jeg skal nok have gennemgået alt det faglige relevante for klassen inden besøget. Vh Bo'),
(67, 243, 'Vi glæder os.   Vh.  Peter Jensen. '),
(68, 248, 'Har ej indsendt prøver (men prøve indsendt af Vagn Rasmussen, Allerød; DL_GYM_010 /Marie)'),
(69, 249, 'Forløbet kommer til at afslutte et forløb om økologi, samt være opsummering på teori om evolution, DNAreplikation og proteinsyntese.'),
(70, 251, 'Evt DL_GYM_003, tidligere booking 15-9'),
(71, 253, 'Klassen har biologi på A-niveau'),
(72, 255, 'Jeg har booket en dato den 10. december som jeg gerne vil aflyse, men jeg har i den forbindelse allerede modtaget et indsamlingskit. Mange hilsner Katrine'),
(73, 259, 'Vi har ikke selv vandprøve med, men benytter jeres. er det ok?_x000D_\nBekræftet"'),
(74, 261, 'Klassen er en international IB klasse, så det normale undervisnings sprog for dem er engelsk, men de fleste forstår noget dansk. Så ligesom sidst vi var på besøg kunne det være fantastisk med samme material (på dansk) men selve underviningen på engelsk? mvh, Christina'),
(75, 262, 'Det er en 1g-klasse med studieretning med biologi på A-niveau. '),
(76, 263, 'Tidligere booking 15-9'),
(77, 264, 'Klassen har biologi på C-niveau. De går på en naturvidenskabelig studieretning, og det er generelt en dygtig klasse'),
(78, 265, 'Dette er en IB klasse og vi vil værdsætte det voldsomt, hvis det kan lade sig gøre at gennemføre det meste af dagen på engelsk :o)'),
(79, 269, 'Hej Jeg var med stor succes hos jer med min gymnasieklasse i 3 g. Med denne klasse har jeg så ikke endnu nået at tage vandprøver- men det kan måske godt nås i april? Vi vil dog så finde en anden prøvestation, da vi kun fandt lille vandsalamander i Kulsbjerg-søen. mvhJeppe Mordhorst');

-- --------------------------------------------------------

--
-- Table structure for table `klasse_lokalitet`
--

CREATE TABLE IF NOT EXISTS `klasse_lokalitet` (
  `klasse_lokalitet_id` int(11) NOT NULL AUTO_INCREMENT,
  `booking_id` int(11) NOT NULL,
  `klasse_id` int(11) NOT NULL,
  `navn` varchar(255) NOT NULL,
  `X_GPS` varchar(50) DEFAULT NULL,
  `Y_GPS` varchar(50) DEFAULT NULL,
  `latitude` varchar(50) DEFAULT NULL,
  `longitude` varchar(50) DEFAULT NULL,
  PRIMARY KEY (`klasse_lokalitet_id`)
) ENGINE=InnoDB  DEFAULT CHARSET=utf8 AUTO_INCREMENT=274 ;

--
-- Dumping data for table `klasse_lokalitet`
--

INSERT INTO `klasse_lokalitet` (`klasse_lokalitet_id`, `booking_id`, `klasse_id`, `navn`, `X_GPS`, `Y_GPS`, `latitude`, `longitude`) VALUES
(1, 1, 1, 'Utterslev Mose', '55 43'' 4,824'''' N', '12 30'' 10,8817'''' Ø', '55.71780', '12.50389'),
(2, 2, 2, 'Gentofte sø', '', '', '55.75249', '12.53455'),
(3, 3, 3, '', '', '', '', ''),
(4, 4, 4, 'Damhussøen', '55 40'' 35'''' ', '12 28'' 52'''' Ø', '55.67639', '12.48111'),
(5, 5, 5, 'Emdrup Sø', '', '', '55.72176', '12.54861'),
(6, 6, 6, 'Sorø Sø, bådbro ved Søro akedemi', '', '', '55.42826', '11.55270'),
(7, 7, 7, 'Søndervang Vandhul', '55 56'' 18,2'''' N', '11 44'' 20,8'''' Ø', '55.93847', '11.73901'),
(8, 8, 8, 'Bøllesø, Særløse overdrev, Hvalsø', '', '', '55.56720', '11.88787'),
(9, 9, 9, 'Lustrup fællesjord 1', 'X: 487245', 'Y: 6127983', '55.29810', '8.79911'),
(10, 10, 9, 'Lustrup fællesjord 2', 'X: 487285', 'Y: 6127957', '55.29787', '8.79974'),
(11, 11, 9, 'Lustrup fællesjord 3', 'X: 487181', 'Y: 6128077', '55.29894', '8.79810'),
(12, 12, 10, 'Furesø, Birkerød roklub', '', '', '55.81564', '12.43367'),
(13, 13, 10, 'Furesø, Dumpedalrendens udløb', '', '', '55.81867', '12.45037'),
(14, 14, 10, 'Furesø, Holte roklub', '', '', '55.81515', '12.45860'),
(15, 15, 11, 'Østre Anlæg', '', '', '55.68966', '12.58024'),
(16, 16, 12, '', '', '', '', ''),
(17, 17, 13, '', '', '', '', ''),
(18, 18, 14, '', '', '', '', ''),
(19, 19, 15, 'Borupgaard Gymnasium, lille sø', '55.736692', '12.383048', '55.73669', '12.38305'),
(20, 20, 15, 'Bringe Mose, Flyvestation Værløse', '55.772044', '12.299616', '55.77204', '12.29962'),
(21, 21, 16, 'Gurre Sø, Nordsjælland', '', '', '56.03272', '12.47050'),
(22, 22, 17, 'Raadvad Dam (Mølleåen)', '', '', '55.80605', '12.55734'),
(23, 23, 18, 'Dumpedalen vandhul', '55 50'' 12'''' N', '12 26'' 24'''' Ø', '55.83625', '12.44074'),
(24, 24, 19, 'Store Høj Søen', '', '', '55.61643', '12.56141'),
(25, 25, 20, 'Østre Anlæg', '55 41'' 22'''' N', '12 34'' 48'''' Ø', '55.68944', '12.58000'),
(26, 26, 21, 'Birkerød Sø', '', '', '55.83686', '12.42627'),
(27, 27, 22, 'Gymnasiesøen', '', '', '55.86430', '12.33291'),
(28, 28, 22, 'Regnvandsbassinet', '', '', '55.86262', '12.33423'),
(29, 29, 22, 'Søren Hvidehusvej, Allerød', '', '', '55.87218', '12.36206'),
(30, 30, 23, '', '', '', '', ''),
(31, 31, 24, '', '', '', '', ''),
(32, 32, 25, '', '', '', '', ''),
(33, 33, 26, 'Østre Anlæg', '55 41'' 21'''' N', '12 34'' 41'''' Ø', '55.68925', '12.57808'),
(34, 34, 27, 'Store Kattinge sø, nær fugletårn ved Boserupvej', '', '', '55.665656', '12.015396'),
(35, 35, 28, 'Tranemosen', '', '', '55.568596', '11.399539'),
(36, 36, 29, 'Kragemosen, Samsø nord', '55 59'' 17,4'''' N', '10 33''42,6'''' Ø', '55.98817', '10.56183'),
(37, 37, 30, '', '', '', '', ''),
(38, 38, 31, '?', '', '', '', ''),
(39, 39, 32, 'Ellesøen', '55 27'' 25,4'''' N', '12 09'' 34,5'''' Ø', '55.45706', '12.15958'),
(40, 40, 33, 'Vandhul, Åsen, Køge', '', '', '55.465925', '12.15686'),
(41, 41, 34, 'Rørmose, Allerød', '', '', '55.859008', '12.325931'),
(42, 42, 35, 'Branddam, Rådhusvej 6, Allerød', '55 51'' 52,8'''' N', '12 19'' 56,8'''' Ø', '55.86437', '12.33256'),
(43, 43, 36, 'Frederiksberg Have', '55 40'' 28,9'''' N', '12 13'' 12,3'''' Ø', '55.67469', '12.52008'),
(44, 44, 37, 'Himmelev Grusgrav', '55 39'' 45,15'''' N', '12 7'' 8,49'''' Ø', '55.66290', '12.11892'),
(45, 45, 38, '', '', '', '', ''),
(46, 46, 39, 'Furesø', '', '', '55.79670', '12.41249'),
(47, 47, 40, '', '', '', '', ''),
(48, 48, 41, 'Grindsted Langsø', '', '', '55.756211', '8.918613'),
(49, 49, 41, 'Grindsted Engsø', '55 8'' 8,96'''' N', '?', '55.75856', '8.88785'),
(50, 50, 42, '', '', '', '', ''),
(51, 51, 43, 'Grønjordssøen', '55 39'' 07,2'''' N', '12 35'' 10,7'''' Ø', '55.65028', '12.58454'),
(52, 52, 44, 'Hyrdehøjskov sø', '55.6298659', '12.0528861', '55.62987', '12.05289'),
(53, 53, 45, 'Værebro Å, Hovevej', '', '', '55.73896', '12.23349'),
(54, 54, 46, 'Odense Å ved Stryget, Munke Mose', '', '', '55.39246', '10.38176'),
(55, 55, 47, 'Dam v Helsingør Elforsyning', '56 1'' 27'''' N', '12 35'' 19'''' Ø', '56.02456', '12.58878'),
(56, 56, 48, 'Tingvej Sø', '55 51'' 45.4'''' N', '12 20'' 03.6'''' Ø', '55.86251', '12.33421'),
(57, 57, 49, 'Østre Anlæg', '55 41'' 23'''' N', '12 34'' 49'''' Ø', '55.69018', '12.58038'),
(58, 58, 50, 'Sneglehøj sø', '56 01''05,3'''' N', '12 34'' 24,6'''' Ø', '56.01811', '12.57377'),
(59, 59, 51, 'Sø(dam), Espergærde', '', '', '55.999192', '12.564043'),
(60, 60, 52, '', '', '', '', ''),
(61, 61, 53, 'Furesøen, Frederiksdal Fribad', '', '', '55.78644', '12.44319'),
(62, 62, 54, '', '', '', '', ''),
(63, 63, 55, '', '', '', '', ''),
(64, 64, 56, 'Mølleåen ved Frederiksdal Friluftsbad', '', '', '55.78322', '12.44381'),
(65, 65, 57, 'Hakkemosen', '55 39'' 47'''' N', '12 15'' 57'''' Ø', '55.663056', '12.265833'),
(66, 66, 58, 'Davinde sø', '', '', '55.33328', '10.536707'),
(67, 67, 59, 'Utterslev Mose', '', '', '55.712252', '12.487586'),
(68, 68, 60, 'Åsen,Køge', '', '', '55.462902', '12.161908'),
(69, 69, 61, 'Rørmosen, Karlslunde', '', '', '55.573738', '12.263745'),
(70, 70, 62, 'Sø v.Stenhus gym. Busstoppested', '', '', '55.71055', '11.68272'),
(71, 71, 63, '', '', '', '', ''),
(72, 72, 64, 'Vallerød Gadekær', '55 53'' 36,35'''' N', '12 31'' 17,81'''' Ø', '55.89343', '12.52161'),
(73, 73, 65, 'Egebæksvang Sø(dam), Espergærde', '', '', '55.999192', '12.564043'),
(74, 74, 66, '', '', '', '', ''),
(75, 75, 67, 'Egebæksvang Sø', '', '', '55.999192', '12.564043'),
(76, 76, 68, '', '', '', '', ''),
(77, 77, 69, 'Gentofte Sø', '', '', '55.74635', '12.53626'),
(78, 78, 70, '', '', '', '', ''),
(79, 79, 71, 'Dam v Helsingør Elforsyning', '56 1'' 27'''' N', '12 35'' 19'''' Ø', '56.024561', '12.588776'),
(80, 80, 72, '', '', '', '', ''),
(81, 81, 73, '', '', '', '', ''),
(82, 82, 74, 'Sneglehøj sø', '56 01''05,3'''' N', '12 34'' 24,6'''' Ø', '56.018109', '12.573767'),
(83, 83, 75, '', '', '', '', ''),
(84, 84, 76, 'Poul Smedes mose, Svendborg', '', '', '55.05354', '10.586344'),
(85, 85, 77, 'Rørmosen, Karlslunde', '', '', '55.573738', '12.263745'),
(86, 86, 78, 'Øtoftegårdsvej, Taastrup', '', '', '', ''),
(87, 87, 79, 'Mlm. Hakkemosemosevej og Lervangen', '', '', '55.660681', '12.262654'),
(88, 88, 80, 'Grevinge Sø', '55 47'' 50,07'''' N', '11 33'' 1,7'''' Ø', '55.79724', '11.55047'),
(89, 89, 81, '', '', '', '', ''),
(90, 90, 82, '', '', '', '', ''),
(91, 91, 83, '', '', '', '', ''),
(92, 92, 84, '', '', '', '', ''),
(93, 93, 85, '', '', '', '', ''),
(94, 94, 86, '', '', '', '', ''),
(95, 95, 87, 'Furesø', '55 48''13,2'''' N', '12 23'' 12,3'''' Ø', '', ''),
(96, 96, 88, '', '', '', '', ''),
(97, 97, 88, '', '', '', '', ''),
(98, 98, 89, 'Damhussøen', '', '', '55.67605', '12.47712'),
(99, 99, 90, '', '', '', '', ''),
(100, 100, 91, '', '', '', '', ''),
(101, 101, 92, 'Lene Olesen Jensen', '', '', '', ''),
(102, 102, 93, '', '', '', '', ''),
(103, 103, 94, '', '', '', '', ''),
(104, 104, 95, '', '', '', '', ''),
(105, 105, 96, '', '', '', '', ''),
(106, 106, 97, '', '', '', '', ''),
(107, 107, 98, '', '', '', '', ''),
(108, 108, 99, 'Hampen sø', '56° 1'' 06'''' N', '9°  22'' 46'''' E', '56.018333', '9.379444'),
(109, 109, 99, 'Troldsø', '56° 0'' 39'''' N', '9°  24'' 10'''' E', '56.010833', '9.402778'),
(110, 110, 100, '', '', '', '', ''),
(111, 111, 101, '', '', '', '', ''),
(112, 112, 102, 'Harrestrup Å, v. Vigerslev Allé', '', '', '55.653711', '12.483806'),
(113, 113, 102, 'Vestre Kirkegårdssø, Valby', '', '', '55.65981', '12.52876'),
(114, 114, 103, 'Bøstrup Å', '55° 32'' 45'''' N', '11° 15'' 35'''' E', '', ''),
(115, 115, 103, 'Køge Å', '', '', '55.4579', '12.1638'),
(116, 116, 104, 'Skensved Å', '', '', '55.5141', '12.1498'),
(117, 117, 105, '', '', '', '', ''),
(118, 118, 106, '', '', '', '', ''),
(119, 119, 107, '', '', '', '', ''),
(120, 120, 108, 'Krobæk', '', '', '', ''),
(121, 121, 109, 'Uglebrovej 6, Helsinge', '', '', '56.07189', '12.210407'),
(122, 122, 110, 'Vordingborg Voldgrav', '', '', '55.00730637', '11.912925'),
(123, 123, 111, 'Ishøj Søpark', '55° 36,518'' N', '012° 20.245'' E', '55.608633', '12.337417'),
(124, 124, 111, 'Måløv', '55° 36,518'' N', '012° 20.245'' E', '55.608633', '12.337417'),
(125, 125, 112, 'Rørmosen, Karlslunde', '', '', '55.57379', '12.264122'),
(126, 126, 112, 'Sø v.Greve Gym', '', '', '', ''),
(127, 127, 113, '', '', '', '', ''),
(128, 128, 114, 'Utterslev mose', '', '', '55.7196', '12.5196'),
(129, 129, 115, 'Teglgårdssøen, Hillerød', '55° 55'' 25'''' N', '12° 18'' 50'''' E', '55.923611', '12.313889'),
(130, 130, 116, 'Fuglesangssø', '', '', '55.773363', '12.56395'),
(131, 131, 117, 'Sankt Jørgens Sø', '', '', '55.674535', '12.556086'),
(132, 132, 118, 'Damhussøen', '', '', '55.676375', '12.477293'),
(133, 133, 119, 'Furesøen', '', '', '', ''),
(134, 134, 120, '', '', '', '', ''),
(135, 135, 121, 'Poul Smeds Mose', '', '', '55.05354', '10.586344'),
(136, 136, 122, 'Gentofte Sø', '55° 44'' 45'''' N', '12° 32'' 18'''' E', '55.745802', '12.537935'),
(137, 137, 123, 'Store vejle Å', '55° 37'' 11,7'''' N', '12° 22'' 24,58'''' E', '55.619967', '12.373301'),
(138, 138, 124, 'Tranemosen, Frederiksværk', 'N 55gr 58`43.7773 "  ', 'E 12gr1`50.7324"', '55.978549', '12.030759'),
(139, 139, 125, '', '', '', '', ''),
(140, 140, 126, '', '', '', '', ''),
(141, 141, 127, 'Gentofte Sø', '', '', '55.745446', '12.535712'),
(142, 142, 127, 'Gentofte Sø', '', '', '55.745446', '12.535712'),
(143, 143, 128, 'Allerød gymnasie regnvandsbassin', '', '', '55.862331', '12.334121'),
(144, 144, 128, 'Allerød/lillerød', '', '', '55.862331', '12.334121'),
(145, 145, 129, 'Bruunshåb Mølleå', '', '', '56.423092', '9.447617'),
(146, 146, 130, 'Østermosen, Femø', '', '', '54.982567', '11.513476'),
(147, 147, 130, 'Hakkemosen', '', '', '55.6626', '12.2613'),
(148, 148, 131, 'Hvidehusvej, Allerød', '', '', '55.872184', '12.362007'),
(149, 149, 132, 'Kværkeby Mose, karpesø', '55° 27'' 53,5'''' N', '11° 53'' 12,2'''' E', '55.464806', '11.886722'),
(150, 150, 132, 'Kværkeby Mose, store sø', '55° 27'' 52,6'''' N', '11° 53'' 20,3'''' E', '55.464611', '11.888972'),
(151, 151, 133, 'Gentofte Sø', '55° 44'' 42,67'''' N', '12° 32'' 9,26'''' E', '55.745186', '12.535906'),
(152, 152, 134, 'Digterparken, Ballerup', '55° 44'' 28'''' N', '12° 22'' 37'''' E', '55.7407', '12.376968'),
(153, 153, 135, 'Odense Å', '55° 23'' 27,1'''' N', '10° 22'' 55,8'''' E', '55.390861', '10.382167'),
(154, 154, 136, 'Møllesø v. Virket', '54° 55'' 34'''' N', '11° 58'' 45'''' E', '54.843051', '11.979298'),
(155, 155, 137, '', '', '', '', ''),
(156, 156, 138, 'Mølholm Sø, Norholmsvej 55, Aalborg', '', '', '57.039596', '9.859091'),
(157, 157, 139, '', '', '', '', ''),
(158, 158, 140, 'Mølleåen, v. Sorgenfri Slotspark', '55° 47'' 01.89'''' N', '12° 29'' 44.44'''' E', '55.783305', '12.495093'),
(159, 159, 141, 'Allerød gymnasie regnvandsbassin', '', '', '55.862331', '12.334121'),
(160, 160, 141, 'Allerød/lillerød', '', '', '55.862331', '12.334121'),
(161, 161, 142, 'Sejlsbjerg Mose', '', '', '55.642146', '12.205181'),
(162, 162, 143, 'Teglgårdssøen, Hillerød', '', '', '55.924331', '12.313577'),
(163, 163, 144, 'Ejby Mose', '', '', '55.703964', '12.418976'),
(164, 164, 144, 'Dybesø', '', '', '55.96176', '11.746361'),
(165, 165, 145, 'Skanderborg Sø, Vestermølle', '56.027807', '9.956996', '56.027807', '9.956996'),
(166, 166, 146, 'Vandhul v Baunebovej 1, Hårlev', '', '', '55.3464330', '12.2164240'),
(167, 167, 147, 'Damhussøen', '', '', '55.6811', '12.4734'),
(168, 168, 148, 'Rødedam, Gribskov', '55° 58'' 12,2'''' N', '12° 16'' 53,7'''' E', '55.970056', '12.281583'),
(169, 169, 148, 'Store Gribsø', '55° 59'' 79'''' N', '12° 18'' 03'''' E', '55.984843', '12.302713'),
(170, 170, 149, 'skal køre en SNM-prøve', '', '', '', ''),
(171, 171, 150, 'Vejle Å', '55 42'' 19'''' N', '9 30'' 54'''' Ø', '55.705095', '9.515013'),
(172, 172, 151, '', '', '', '', ''),
(173, 173, 152, 'Lyngbygård Å  ved Årslev Engsø', '', '', '56.142972', '10.061035'),
(174, 174, 153, '', '', '', '', ''),
(175, 175, 154, '', '', '', '', ''),
(176, 176, 155, '', '', '', '', ''),
(177, 177, 156, 'Egebæksvang', '', '', '55.999209', '12.563916'),
(178, 178, 156, 'Egebæksvang', '', '', '55.999164', '12.563958'),
(179, 179, 157, 'Kastrupfortet', '', '', '55.6497954', '12.638346'),
(180, 180, 157, 'Kastrupfortet', '', '', '55.6497954', '12.638346'),
(181, 181, 158, 'Smørhullet, Kulsbjerg, Stensved', '55° 00'' 49,96'''' N', '12° 00'' 29,65'''' E', '55.013878', '12.008236'),
(182, 182, 159, 'Schweizersøen', '', '', '55.674667', '12.520241'),
(183, 183, 160, '', '', '', '', ''),
(184, 184, 161, 'Svanemøllen Havn', '', '', '', ''),
(185, 185, 161, 'Frederiksværk', '', '', '', ''),
(186, 186, 161, 'Frederiksværk', '', '', '', ''),
(187, 187, 161, 'Frederiksværk', '', '', '', ''),
(188, 188, 162, 'Dumpedalen, Birkerød', '', '', '55.835446', '12.441126'),
(189, 189, 163, '', '', '', '', ''),
(190, 190, 163, 'Vallerød gadekær', '55° 53'' 33'''' N', '12° 31'' 26'''' E', '55.893826', '12.520884'),
(191, 191, 164, 'Sø i Fælledparken', '', '', '55.701875', '12.5661284'),
(192, 192, 165, '', '', '', '', ''),
(193, 193, 166, 'Fuglesangssø', '55° 46 N', '12° 33 E', '55.773351', '12.563295'),
(194, 194, 167, '', '', '', '', ''),
(195, 195, 168, '', '', '', '', ''),
(196, 196, 169, 'Vandhul v Kikhanerende ', '55 49'' 23'''' N', '12 31'' 51'''' Ø', '55.823056', '12.530833'),
(197, 197, 170, 'Grindsted Ådal', '', '', '55.7578', '8.9017'),
(198, 198, 171, 'Kobberdammen, Hellebæk', '56° 3'' 37'''' N', '12° 33'' 32'''' E', '56.060278', '12.558889'),
(199, 199, 172, '', '', '', '', ''),
(200, 200, 173, '', '', '', '', ''),
(201, 201, 174, '', '', '', '', ''),
(202, 202, 175, '', '', '', '', ''),
(203, 203, 176, 'Avnsø', '', '', '55.565137', '11.888165'),
(204, 204, 177, '', '', '', '', ''),
(205, 205, 178, 'Hakkemosen', '55° 38'' 94,7'''' N', '12° 12'' 45,0'''' E', '55.6625', '12.266386'),
(206, 206, 179, 'Anv Sø', '', '', '55.565137', '11.888165'),
(207, 207, 179, 'Bølle Sø', '', '', '55.567284', '11.887934'),
(208, 208, 180, 'Lille Fuglsø, Østerådal', '', '', '57.0124', '9.9156'),
(209, 209, 181, 'Lille Fuglsø, Østerådal', '', '', '57.0124', '9.9156'),
(210, 210, 180, 'Lille Fuglsø, Østerådal', '', '', '57.0124', '9.9156'),
(211, 211, 182, '', '', '', '', ''),
(212, 212, 183, 'Køge Ås', '', '', '55.464246', '12.135726'),
(213, 213, 184, 'Søen v. Ringstedvej', '', '', '55.456967', '12.160442'),
(214, 214, 185, 'Gentofte Sø', '', '', '55.745802', '12.537935'),
(215, 215, 186, '', '', '', '', ''),
(216, 216, 187, '', '', '', '', ''),
(217, 217, 188, '', '', '', '', ''),
(218, 218, 189, 'Gentofte Sø', '', '', '?', '?'),
(219, 219, 190, '', '', '', '', ''),
(220, 220, 191, 'Marielundssøen, Kolding', '55° 30,069 N', '009° 29,466 E', '55.501854', '9.490803'),
(221, 221, 192, '', '', '', '', ''),
(222, 222, 193, '', '', '', '', ''),
(223, 223, 194, 'Schweizersøen', '', '', '55.674667', '12.520241'),
(224, 224, 195, '', '', '', '', ''),
(225, 225, 196, '', '', '', '', ''),
(226, 226, 197, 'Lille Fuglsø, Østerådal', '', '', '57.0124', '9.9156'),
(227, 227, 198, '', '', '', '', ''),
(228, 228, 199, '', '', '', '', ''),
(229, 229, 200, '', '', '', '', ''),
(230, 230, 201, '', '', '', '', ''),
(231, 231, 202, '', '', '', '', ''),
(232, 232, 203, '', '', '', '', ''),
(233, 233, 203, '', '', '', '', ''),
(234, 234, 203, '', '', '', '', ''),
(235, 235, 204, '', '', '', '', ''),
(236, 236, 205, '', '', '', '', ''),
(237, 237, 206, '', '', '', '', ''),
(238, 238, 207, '', '', '', '', ''),
(239, 239, 208, '', '', '', '', ''),
(240, 240, 209, '', '', '', '', ''),
(241, 241, 210, '', '', '', '', ''),
(242, 242, 211, '', '', '', '', ''),
(243, 243, 212, '', '', '', '', ''),
(244, 244, 213, '', '', '', '', ''),
(245, 245, 214, '', '', '', '', ''),
(246, 246, 215, '', '', '', '', ''),
(247, 247, 216, '', '', '', '', ''),
(248, 248, 217, '', '', '', '', ''),
(249, 249, 218, '', '', '', '', ''),
(250, 250, 219, '', '', '', '', ''),
(251, 251, 220, '', '', '', '', ''),
(252, 252, 221, '', '', '', '', ''),
(253, 253, 222, '', '', '', '', ''),
(254, 254, 223, '', '', '', '', ''),
(255, 255, 224, '', '', '', '', ''),
(256, 256, 225, '', '', '', '', ''),
(257, 257, 226, '', '', '', '', ''),
(258, 258, 227, '', '', '', '', ''),
(259, 259, 228, 'Gabriel Bjerre', 'gbj@esnord.dk', '28570047', '5', '2016'),
(260, 260, 229, '', '', '', '', ''),
(261, 261, 230, '', '', '', '', ''),
(262, 262, 231, '', '', '', '', ''),
(263, 263, 232, '', '', '', '', ''),
(264, 264, 233, '', '', '', '', ''),
(265, 265, 234, '', '', '', '', ''),
(266, 266, 235, '', '', '', '', ''),
(267, 267, 236, '', '', '', '', ''),
(268, 268, 237, '', '', '', '', ''),
(269, 269, 238, '', '', '', '', ''),
(270, 270, 239, '-', '-', '-', '', ''),
(271, 271, 240, '-', '-', '-', '', ''),
(272, 272, 241, '', '', '', '', ''),
(273, 273, 242, '', '', '', '', '');

-- --------------------------------------------------------

--
-- Table structure for table `kommentar`
--

CREATE TABLE IF NOT EXISTS `kommentar` (
  `kommentar_id` int(11) NOT NULL AUTO_INCREMENT,
  `type_id` int(11) NOT NULL,
  `relation_id` int(11) NOT NULL,
  `kommentar` text NOT NULL,
  PRIMARY KEY (`kommentar_id`)
) ENGINE=InnoDB DEFAULT CHARSET=utf8 AUTO_INCREMENT=1 ;

-- --------------------------------------------------------

--
-- Table structure for table `kommentar_type`
--

CREATE TABLE IF NOT EXISTS `kommentar_type` (
  `type_id` int(11) NOT NULL AUTO_INCREMENT,
  `relation` varchar(20) DEFAULT NULL,
  PRIMARY KEY (`type_id`)
) ENGINE=InnoDB  DEFAULT CHARSET=utf8 AUTO_INCREMENT=6 ;

--
-- Dumping data for table `kommentar_type`
--

INSERT INTO `kommentar_type` (`type_id`, `relation`) VALUES
(1, 'booking'),
(2, 'klasse'),
(3, 'proeve'),
(4, 'resultat'),
(5, 'lokalitet');

-- --------------------------------------------------------

--
-- Table structure for table `lokalitet`
--

CREATE TABLE IF NOT EXISTS `lokalitet` (
  `lokalitet_id` int(11) NOT NULL AUTO_INCREMENT,
  `X_GPS` varchar(50) DEFAULT NULL,
  `Y_GPS` varchar(50) DEFAULT NULL,
  `latitude` varchar(50) NOT NULL,
  `longitude` varchar(50) NOT NULL,
  `locked` tinyint(1) NOT NULL DEFAULT '0',
  `showPolygon` tinyint(1) NOT NULL DEFAULT '1',
  `showMarker` tinyint(1) NOT NULL DEFAULT '1',
  `showPopup` tinyint(1) NOT NULL DEFAULT '1',
  `geometryWkt` text,
  `type` varchar(50) DEFAULT NULL,
  `subtype` varchar(50) DEFAULT NULL,
  `presentationString` varchar(50) DEFAULT NULL,
  `skrivemaade` varchar(50) DEFAULT NULL,
  `skrivemaade_officiel` varchar(50) DEFAULT NULL,
  `skrivemaader_uofficiel` varchar(50) DEFAULT NULL,
  UNIQUE KEY `lokalitet_id` (`lokalitet_id`)
) ENGINE=InnoDB  DEFAULT CHARSET=utf8 AUTO_INCREMENT=14 ;

--
-- Dumping data for table `lokalitet`
--

INSERT INTO `lokalitet` (`lokalitet_id`, `X_GPS`, `Y_GPS`, `latitude`, `longitude`, `locked`, `showPolygon`, `showMarker`, `showPopup`, `geometryWkt`, `type`, `subtype`, `presentationString`, `skrivemaade`, `skrivemaade_officiel`, `skrivemaader_uofficiel`) VALUES
(6, NULL, NULL, '55.68670047844154', '12.573629606021866', 1, 1, 1, 1, 'POLYGON((724838.42 6177041.48,724879.7 6177089.83,724881.2 6177093.11,724880.6 6177096.23,724864.64 6177114.02,724861.51 6177118.46,724859.78 6177121.49,724826.03 6177159.37,724807.72 6177179.06,724795.55 6177190.11,724779.94 6177201.48,724744.98 6177226.66,724743.77 6177227.41,724726.97 6177199.73,724721.6 6177204.53,724692.46 6177164.69,724687.96 6177159.72,724674.5 6177140.68,724672.35 6177138.31,724667.91 6177141.4,724661.77 6177146.5,724640.95 6177162.46,724636.36 6177166.25,724616.91 6177159.72,724610.81 6177152.34,724589.15 6177145.82,724586.22 6177147.5,724574.54 6177156.21,724571.77 6177158.14,724570.37 6177155.48,724550.31 6177128.27,724515.7 6177080.64,724489.43 6177045.67,724462.17 6177009.15,724437.03 6176976.56,724415.04 6176946.72,724403.27 6176930.87,724391.74 6176913.26,724372.23 6176881.4,724373.12 6176878.4,724445.04 6176849.17,724506.47 6176824.29,724571.54 6176797.8,724617.71 6176779.6,724620.71 6176778.77,724625.03 6176779.38,724630.13 6176780.92,724632.59 6176782.87,724648.96 6176804.96,724698.17 6176868.45,724738.73 6176918.61,724750.05 6176933.24,724787.28 6176981.36,724836.49 6177039.21,724838.42 6177041.48))', 'sevaerdighed', 'botaniskHave', 'Botanisk Have (Botanisk have i København K)', 'Botanisk Have', 'Botanisk Have', 'Botanisk Have, København'),
(7, NULL, NULL, '57.00935135976307', '10.198944645124964', 0, 1, 1, 1, 'MULTILINESTRING((573292.79 6319910.86,573289.71 6319907.96,573284.58 6319903.14,573157.78 6319773.63,573062.42 6319674.74,572978.02 6319586.45,572974.57 6319582.72,572971.2 6319579.09,572968.03 6319574.16,572966.21 6319569.55,572966.98 6319557.51,572972.27 6319510.89,572977.9 6319461.4,572982.72 6319418.38,572985.52 6319389.83,572992.02 6319331.87,572993.61 6319312.49,572998.88 6319260.68,573003.91 6319219.38,573003.36 6319214.31,573002.81 6319211.8),(572390.59 6318619.97,572462.07 6318712.28,572524.21 6318792.24,572585.02 6318871.1,572623 6318920),(572333.36 6318566.92,572315.51 6318539.64,572303.03 6318517.18,572300.06 6318510.05,572298.68 6318507.29,572284.06 6318484.17,572266.09 6318454.55,572252.83 6318432.32,572239.07 6318407.87,572236.22 6318400.35),(573002.81 6319211.8,573002.41 6319210,572994.65 6319202.45,572949.19 6319174.02,572946.83 6319172.66,572944.54 6319171.35,572876.16 6319127.54,572798.06 6319077.83,572724.17 6319030.43,572703.13 6319016.56,572697.37 6319011.37,572683.98 6318996.75,572664.66 6318974.21,572649.35 6318953.62,572625.16 6318922.79,572623 6318920))', 'vandloeb', 'vandløb', 'Vadet (Gandrup)', 'Vadet', 'Vadet', ''),
(8, NULL, NULL, '55.12906793847719', '14.735422031372048', 0, 1, 1, 1, 'MULTILINESTRING((868149.07 6123777.45,868107.07 6123832.82,868007.21 6123831.11),(869282.87 6124573.53,869095.08 6124405.56,868987.06 6124432.63,868992.79 6124469.1,868882.17 6124466.49,868875.84 6124396.45,868684.32 6124293.98,868637.29 6124193.87,868694.14 6124176.85,868684.32 6124129.42,868605.82 6124123.16,868617.32 6124065.5,868521.6 6123977.52,868538.2 6123919.88,868417 6123929.24,868354.96 6123879.92,868318.49 6123932.38,868246.67 6123909.55,868149.07 6123777.45),(864006.43 6125597.62,864036.78 6125654.82,864133.07 6125673.57,864136.33 6125501.88,864406.19 6125382.7,864558.04 6125257.31,864585.51 6125147.33),(863976.76 6125686.45,864006.43 6125597.62),(871633.67 6126322.16,871560.2 6126118.35,871446.8 6126133.52,871413.29 6125845.78,871277.39 6125662.92),(864607.28 6125069.5,864585.51 6125147.33),(869797.95 6124436.06,869734.64 6124382.82),(868007.21 6123831.11,867980.54 6123864.76),(871277.39 6125662.92,871220.52 6125583.77),(866980.85 6124236.04,866999.2 6124042.36,867146.76 6124080.76,867199.91 6124010.02,867311.06 6124139.55,867409.21 6124077.92,867504.05 6124102.98,867620.93 6124020.28,867702.78 6124041.93,867838.46 6123933.06,867940.32 6123932.8,867980.54 6123864.76),(870708.51 6124991.65,870743.51 6124999.48),(869504.21 6124463.37,869282.87 6124573.53),(871633.67 6126322.16,871964.98 6127201.56,872246.57 6127476.49,872136.77 6127617.56,872164.35 6127763.92,872267.66 6127873.63,872224.46 6128025.01),(865282.39 6124422.93,865293.35 6124466.11,865219.43 6124541.15,865139.93 6124472.34,865110.75 6124530.03,865033.15 6124551.14,864607.28 6125069.5),(863976.76 6125686.45,863824.41 6125548.32,863749.67 6125644.7,863642 6125644.59,863559.96 6125571.97,863554.33 6125483.91),(865683.92 6123942.26,865787.41 6123888.51,865897.79 6123946.41,866020.96 6123903.88,866054.15 6123974.13,866146.01 6123930.04,866246.34 6123951.31,866251.16 6123901.47,866335.78 6123870.11,866466.18 6123922.94,866612.58 6123879.68,866644.63 6123946.65,866599.06 6124085.11,866698.68 6124095.58,866674.34 6124202.88,866865.84 6124292.64,866980.85 6124236.04),(870743.51 6124999.48,871220.52 6125583.77),(869734.64 6124382.82,869707.17 6124272.98,869600.62 6124291.48,869504.21 6124463.37),(870708.51 6124991.65,870649.46 6124950.13,870631.29 6124862.6,870445.89 6124825.49,870460.9 6124741.09,870386.52 6124777.64,870345.44 6124714.59,870176 6124741.5,870032.82 6124655.02,870048.12 6124581.33,869998.74 6124492.76,869797.95 6124436.06),(865683.92 6123942.26,865700.99 6124047.27,865613.74 6124065.46,865585.86 6124151.33,865503.89 6124102.64,865416.35 6124126.02,865387.37 6124240.34,865450.71 6124285.65,865383.77 6124325.77,865409.8 6124419.42,865364.42 6124387.28,865282.39 6124422.93))', 'vandloeb', 'vandløb', 'Blykobbe Å (Rønne)', 'Blykobbe Å', 'Blykobbe Å', ''),
(9, NULL, NULL, '55.81093807724537', '9.718321739596817', 0, 1, 1, 1, NULL, NULL, NULL, 'qwertyu', NULL, NULL, NULL),
(10, NULL, NULL, '55.28046854958542', '10.056693797528812', 0, 1, 1, 1, 'POLYGON((567041.89 6126586.88,567035.72 6126581.47,567034.01 6126570.85,567035.3 6126551.53,567035.48 6126535.6,567039.26 6126521.95,567047.23 6126509.38,567061.04 6126493.23,567087.37 6126459.76,567106.82 6126429.94,567129.51 6126397.63,567138.32 6126403.61,567145.7 6126414.88,567142.3 6126422.63,567143.32 6126428.31,567149.66 6126426.81,567157.61 6126434.26,567163.11 6126442.06,567166.37 6126433.48,567171.85 6126428.03,567187.01 6126420.63,567196.88 6126427.31,567209.17 6126438.79,567199.92 6126451.45,567193.33 6126473.81,567189.7 6126495.66,567190.32 6126510.92,567198.35 6126532.79,567199.59 6126541.62,567195.7 6126549.48,567173.82 6126572.15,567167.2 6126580.09,567177.9 6126597.29,567182.53 6126601.7,567192.69 6126614.64,567194.96 6126622.69,567192.16 6126625.91,567186.44 6126625.83,567176.43 6126621.84,567167.54 6126616.56,567163.23 6126610.15,567142.73 6126593.52,567125.14 6126597.78,567102.43 6126601.29,567086.14 6126600.09,567064.47 6126595.42,567041.89 6126586.88))', 'naturareal', 'moseSump', 'Tagmose (Mose i Glamsbjerg)', 'Tagmose', 'Tagmose', ''),
(11, NULL, NULL, '56.25455749503317', '9.923183389306214', 0, 1, 1, 1, 'POLYGON((557057.97 6234979.42,557079.51 6234967.68,557074.92 6234953.12,557075.43 6234941.12,557078.36 6234924.85,557092.13 6234907.16,557102.18 6234913.52,557116.56 6234928.04,557121.98 6234935,557160.52 6234914.68,557172.74 6234908.02,557191.75 6234886.68,557204.66 6234883.26,557211.57 6234878.17,557215.43 6234877.96,557215.93 6234875.38,557218.51 6234871.05,557221.19 6234866.84,557220.82 6234860.77,557221.47 6234854.77,557224.09 6234851.59,557224.71 6234846.21,557219.12 6234846.25,557216.82 6234843.84,557209.6 6234846.36,557205.39 6234844.56,557200.89 6234829.03,557200.49 6234820.02,557200.29 6234813.48,557193.61 6234810.11,557191.32 6234813.54,557187.19 6234813.21,557185.75 6234806.97,557184.69 6234798.18,557189.72 6234787.36,557191.26 6234777.71,557193.28 6234777.15,557195.86 6234782.17,557199.92 6234784.34,557204.16 6234785.16,557209.44 6234783.57,557211.06 6234779.18,557210.98 6234772.89,557213.55 6234767.46,557220.54 6234763.1,557229.47 6234761.3,557237.85 6234760.28,557244.27 6234762.66,557245.85 6234758.09,557242.89 6234751.38,557249.71 6234743.49,557254.26 6234741.1,557262.67 6234744.57,557258.2 6234738.2,557260.17 6234735.1,557268.2 6234736.73,557271.72 6234740.19,557275.17 6234749,557276.77 6234746.26,557279.86 6234750.84,557281.56 6234756.67,557285.7 6234764.33,557288.88 6234771.04,557294.8 6234772.44,557301.71 6234771.21,557312.29 6234764.84,557324.93 6234753.78,557341.6 6234735.36,557360.05 6234713.44,557373.2 6234701.64,557392.58 6234686.41,557407.89 6234677.02,557420.76 6234667.72,557417.93 6234662.01,557412.74 6234657.04,557406.69 6234655.84,557403.21 6234657.82,557400.71 6234662.66,557397.61 6234665.14,557393.16 6234661.65,557392.89 6234654.07,557391.54 6234646.17,557385.31 6234640.48,557375.88 6234633.45,557366.44 6234625.99,557359.24 6234618.46,557355.74 6234612.24,557354.36 6234604.89,557351.93 6234595.49,557349.45 6234584.66,557346.98 6234578.79,557340.83 6234578.07,557334.41 6234580.07,557333.01 6234574.52,557335.85 6234571.56,557345.66 6234569.16,557352.33 6234566.61,557363.23 6234563.18,557371.47 6234562.23,557374.46 6234559.49,557376.76 6234556.56,557380.42 6234554.4,557377.7 6234549.68,557370.93 6234545.42,557369.65 6234541.02,557377.4 6234535.22,557386.87 6234532.42,557397.14 6234532.75,557405.54 6234534.75,557413.12 6234534.76,557414.16 6234540.45,557416.84 6234545.14,557423.53 6234548.58,557424.34 6234544.64,557421.88 6234539.88,557421.54 6234534.81,557424.07 6234533.5,557426.65 6234538.52,557427.98 6234544.95,557430.86 6234550.11,557435.92 6234553.35,557440.86 6234558.64,557443.08 6234565.65,557445.82 6234573.1,557450.26 6234580.6,557454.06 6234586.24,557457.24 6234587.04,557477.1 6234610.83,557482.72 6234618.01,557479.47 6234621.82,557471.36 6234629.1,557470.78 6234634.8,557476.42 6234641.38,557483.06 6234648.72,557482.33 6234658.3,557473.6 6234671.68,557470.42 6234683.66,557463.83 6234692.43,557451.2 6234700.29,557442.56 6234710.4,557441.34 6234719.57,557443.53 6234726.98,557440.85 6234732.82,557412.46 6234758.31,557383.24 6234780.13,557353.6 6234800.08,557330.97 6234814.89,557314.89 6234824.03,557306.58 6234833.44,557302.87 6234844.02,557292.44 6234856.1,557273.67 6234873.39,557245.03 6234890.01,557237.97 6234890.88,557231.95 6234892.99,557142.12 6235038.57,557130.58 6235046.75,557109.52 6235058.77,557099.2 6235054,557088.79 6235047.62,557076.96 6235044.55,557055.71 6235035.76,556999.64 6235039.3,556949.57 6235039.88,556909.63 6235034.74,556970.94 6235012.27,557057.97 6234979.42))', 'naturareal', 'moseSump', 'Rakkersø (Mose i Hammel)', 'Rakkersø', 'Rakkersø', ''),
(12, NULL, NULL, '55.23922262895059', '9.129199624995799', 0, 1, 1, 1, 'MULTILINESTRING((507778.45 6121398.55,507713.47 6121420.8),(507713.47 6121420.8,507316.2 6121539.01,507143.4 6121353.51),(513364.57 6120172.5,513201.26 6120301.47,513239.38 6120375.74,513024.28 6120607.52,512833.37 6120761.69,512767.45 6120779.77),(512767.45 6120779.77,512391.48 6120880.98,512042.05 6121030.75,511699.33 6121315.8,511268.19 6121553.01,510817.66 6121741.42),(510817.66 6121741.42,510450.97 6121825.5,510111.02 6121963.95,509901.26 6121939.61,509746.36 6122017.44,509308.08 6121931.53,509151.33 6121706.14,509074.77 6121516.49,508853.95 6121434.25,508652.49 6121432.31),(507778.45 6121398.55,508185.44 6121440.63,508652.49 6121432.31))', 'vandloeb', 'vandløb', 'Gabøl Bæk (Bevtoft)', 'Gabøl Bæk', 'Gabøl Bæk', ''),
(13, NULL, NULL, '56.44451510362519', '8.83755342893857', 0, 1, 1, 1, NULL, NULL, NULL, NULL, NULL, NULL, NULL);

-- --------------------------------------------------------

--
-- Table structure for table `proeve`
--

CREATE TABLE IF NOT EXISTS `proeve` (
  `proeve_id` int(11) NOT NULL AUTO_INCREMENT,
  `proeve_nr` varchar(40) DEFAULT NULL,
  `lokalitet_id` mediumint(11) DEFAULT NULL,
  `indsamlingsdato` date DEFAULT NULL,
  `Analyseret` date DEFAULT NULL,
  `Indsamler` varchar(40) DEFAULT NULL,
  `Mailadresse` varchar(40) DEFAULT NULL,
  `ProeverModtaget` date DEFAULT NULL,
  `DatoForEkst` date DEFAULT NULL,
  `ElueretI` varchar(40) DEFAULT NULL,
  `ngUl` varchar(40) DEFAULT NULL,
  `AntalKuverter` varchar(40) DEFAULT NULL,
  `SNM_Adresse` int(100) DEFAULT NULL,
  `kommentar` text,
  `dataset` varchar(20) DEFAULT NULL,
  PRIMARY KEY (`proeve_id`)
) ENGINE=InnoDB  DEFAULT CHARSET=utf8 AUTO_INCREMENT=186 ;

--
-- Dumping data for table `proeve`
--

INSERT INTO `proeve` (`proeve_id`, `proeve_nr`, `lokalitet_id`, `indsamlingsdato`, `Analyseret`, `Indsamler`, `Mailadresse`, `ProeverModtaget`, `DatoForEkst`, `ElueretI`, `ngUl`, `AntalKuverter`, `SNM_Adresse`, `kommentar`, `dataset`) VALUES
(1, 'DL_SNM_2014_0001', 0, '2014-07-27', '0000-00-00', 'Katja Toft', 'ktoft@snm.ku.dk', '0000-00-00', '2014-08-26', '2 x 50 µl EB', '', '', 0, '', 'SNM2014'),
(2, 'DL_SNM_2014_0002', 0, '2014-07-24', '0000-00-00', 'Leise Fjeldberg', '', '0000-00-00', '2014-08-26', '2 x 50 µl EB', '', '2', 0, '', 'SNM2014'),
(3, 'DL_SNM_2014_0003', 0, '2014-07-24', '0000-00-00', 'Leise Fjeldberg', '', '0000-00-00', '2014-08-26', '2 x 50 µl EB', '', '2', 0, '', 'SNM2014'),
(4, 'DL_SNM_2014_0004', 0, '2014-08-12', '0000-00-00', 'Jonas Septrup Sørensen', 'jonas.sorensen@snm.ku.dk', '2014-08-13', '2014-08-26', '2 x 50 µl EB', '', '1', 0, '', 'SNM2014'),
(5, 'DL_SNM_2014_0005', 0, '2014-05-30', '0000-00-00', 'Kirstine Bohmann', 'Kristinebohmann@gmail.com', '2014-06-02', '2014-08-26', '2 x 50 µl EB', '', '3', 0, '', 'SNM2014'),
(6, 'DL_SNM_2014_0006', 0, '2014-07-03', '0000-00-00', 'Christian Lange', 'christianl@snm.ku.dk', '2014-07-09', '2014-08-26', '2 x 50 µl EB', '', '', 0, '', 'SNM2014'),
(7, 'DL_SNM_2014_0007', 0, '2014-07-16', '0000-00-00', 'Keld Jyding Vennervald', '', '0000-00-00', '2014-08-26', '2 x 50 µl EB', '', '2', 0, '', 'SNM2014'),
(8, 'DL_SNM_2014_0008', 0, '2014-08-02', '0000-00-00', 'Pernille Selmer Olsen', 'pvsolsen@snm.ku.dk', '0000-00-00', '2014-08-26', '2 x 50 µl EB', '', '', 0, '', 'SNM2014'),
(9, 'DL_SNM_2014_0009', 0, '2014-06-29', '0000-00-00', 'Tina Brand', 'tbbrand@snm.ku.dk', '0000-00-00', '2014-08-26', '2 x 50 µl EB', '', '1', 0, '', 'SNM2014'),
(10, 'DL_SNM_2014_0010', 0, '2014-07-04', '0000-00-00', 'Christian Lange', 'christianl@snm.ku.dk', '2014-07-09', '2014-08-26', '2 x 50 µl EB', '', '', 0, '', 'SNM2014'),
(11, 'DL_SNM_2014_0011', 0, '2014-05-31', '0000-00-00', 'Kirstine Bohmann', 'Kristinebohmann@gmail.com', '2014-06-02', '2014-08-26', '2 x 50 µl EB', '', '', 0, 'Stør', 'SNM2014'),
(12, 'DL_SNM_2014_0012', 0, '2014-07-05', '0000-00-00', 'Christian Lange', 'christianl@snm.ku.dk', '2014-07-09', '2014-08-29', '2 x 30 µl H2O', '', '3', 0, '', 'SNM2014'),
(13, 'DL_SNM_2014_0013', 0, '2014-06-20', '0000-00-00', 'Jesper Johannes Madsen', 'jjmadsen@snm.ku.dk', '0000-00-00', '2014-08-29', '2 x 30 µl H2O', '', '', 0, '', 'SNM2014'),
(14, 'DL_SNM_2014_0014', 0, '2014-07-31', '0000-00-00', 'Pernille Selmer Olsen', 'pvsolsen@snm.ku.dk', '0000-00-00', '2014-08-29', '2 x 30 µl H2O', '', '', 0, '', 'SNM2014'),
(15, 'DL_SNM_2014_0015', 0, '2014-07-16', '0000-00-00', 'Keld Jyding Vennervald', '', '0000-00-00', '2014-08-29', '2 x 30 µl H2O', '', '2', 0, '', 'SNM2014'),
(16, 'DL_SNM_2014_0016', 0, '2014-06-10', '0000-00-00', 'Charlotte Hansen', 'charloth@snm.ku.dk', '0000-00-00', '2014-08-29', '2 x 30 µl H2O', '', '2', 0, '', 'SNM2014'),
(17, 'DL_SNM_2014_0017', 0, '2014-06-10', '0000-00-00', 'Charlotte Hansen', 'charloth@snm.ku.dk', '0000-00-00', '2014-08-29', '2 x 30 µl H2O', '', '', 0, '', 'SNM2014'),
(18, 'DL_SNM_2014_0018', 0, '2014-05-31', '0000-00-00', 'Kirstine Bohmann', 'Kristinebohmann@gmail.com', '2014-06-02', '2014-08-29', '2 x 30 µl H2O', '', '', 0, 'Frøer', 'SNM2014'),
(19, 'DL_SNM_2014_0019', 0, '2014-07-16', '0000-00-00', 'Camilla Albech Kleis', 'camilla.kleis@snm.ku.dk', '0000-00-00', '2014-08-29', '2 x 30 µl H2O', '', '2', 0, '', 'SNM2014'),
(20, 'DL_SNM_2014_0020', 0, '2014-06-01', '0000-00-00', 'Pernille Hjort', 'phjort@snm.ku.dk', '2014-06-02', '2014-08-29', '2 x 30 µl H2O', '', '2', 0, '', 'SNM2014'),
(21, 'DL_SNM_2014_0021', 0, '2014-06-09', '2015-04-21', 'Christina Dahl', 'cmdahl@snm.ku.dk', '2014-06-09', '2014-08-29', '2 x 30 µl H2O', '', '1', 0, '', 'SNM2014'),
(22, 'DL_SNM_2014_0022', 0, '2014-05-25', '0000-00-00', 'Marie Ratchke Lillemark', 'marie.lillemark@snm.ku.dk', '0000-00-00', '2014-08-29', '2 x 30 µl H2O', '', '1', 0, '', 'SNM2014'),
(23, 'DL_SNM_2014_0023', 0, '2014-06-21', '0000-00-00', 'Jesper Johannes Madsen', 'jjmadsen@snm.ku.dk', '0000-00-00', '2014-08-29', '2 x 30 µl H2O', '', '5', 0, '', 'SNM2014'),
(24, 'DL_SNM_2014_0024', 0, '2014-07-14', '0000-00-00', 'Hans Kofod', 'hk@cagb.dk', '2014-07-17', '2014-08-29', '2 x 30 µl H2O', '', '1', 0, '', 'SNM2014'),
(25, 'DL_SNM_2014_0025', 0, '2014-08-08', '0000-00-00', 'Mette Wenøe', 'mette.wenoe@snm.ku.dk', '2014-08-20', '0000-00-00', '', '', '1', 0, '', 'SNM2014'),
(26, 'DL_SNM_2014_0026', 0, '2014-07-27', '0000-00-00', 'Nina Rønsted', 'nronsted@snm.ku.dk', '2014-08-18', '0000-00-00', '', '', '', 0, '', 'SNM2014'),
(27, 'DL_SNM_2014_0027', 0, '2014-08-19', '0000-00-00', 'Mia Bjørg Stolberg Olsen', 'hps648@alumni.ku.dk', '2014-08-21', '0000-00-00', '', '', '3', 0, '', 'SNM2014'),
(28, 'DL_SNM_2014_0028', 0, '2014-08-19', '0000-00-00', 'Mia Bjørg Stolberg Olsen', 'hps648@alumni.ku.dk', '2014-08-21', '0000-00-00', '', '', '3', 0, '', 'SNM2014'),
(29, 'DL_SNM_2014_0029', 0, '2014-08-19', '0000-00-00', 'Mia Bjørg Stolberg Olsen', 'hps648@alumni.ku.dk', '2014-08-21', '0000-00-00', '', '', '3', 0, '', 'SNM2014'),
(30, 'DL_SNM_2014_0030', 0, '2014-08-25', '0000-00-00', 'Mattias Lange Nielsen', 'mattias.nielsen@snm.ku.dk', '2014-08-25', '0000-00-00', '', '', '1', 0, '', 'SNM2014'),
(31, 'DL_SNM_2014_0031', 0, '2014-08-24', '0000-00-00', 'Kristian Gregersen', 'kgregersen@snm.ku.dk', '2014-08-26', '0000-00-00', '', '', '3', 0, '', 'SNM2014'),
(32, 'DL_SNM_2014_0032', 0, '2014-08-24', '0000-00-00', 'Kristian Gregersen', 'kgregersen@snm.ku.dk', '2014-08-26', '0000-00-00', '', '', '3', 0, '', 'SNM2014'),
(33, 'DL_SNM_2014_0033', 0, '2014-08-24', '0000-00-00', 'Kristian Gregersen', 'kgregersen@snm.ku.dk', '2014-08-26', '0000-00-00', '', '', '3', 0, '', 'SNM2014'),
(34, 'DL_SNM_2014_0034', 0, '2014-08-23', '0000-00-00', 'Maja Balle', 'maja.balle@snm.ku.dk', '2014-08-27', '0000-00-00', '', '', '4', 0, '', 'SNM2014'),
(35, 'DL_SNM_2014_0035', 0, '2014-08-23', '0000-00-00', 'Maja Balle', 'maja.balle@snm.ku.dk', '2014-08-27', '0000-00-00', '', '', '4', 0, '', 'SNM2014'),
(36, 'DL_SNM_2014_0036', 0, '2014-08-23', '0000-00-00', 'Maja Balle', 'maja.balle@snm.ku.dk', '2014-08-27', '0000-00-00', '', '', '4', 0, '', 'SNM2014'),
(37, 'DL_SNM_2014_0037', 0, '2014-08-24', '0000-00-00', 'Maja Balle', 'maja.balle@snm.ku.dk', '2014-08-27', '0000-00-00', '', '', '4', 0, '', 'SNM2014'),
(38, 'DL_SNM_2014_0038A', 0, '2014-08-23', '0000-00-00', 'Vært Nina & Kristian', 'tina.joe@snm.ku.dk', '2014-08-23', '0000-00-00', '', '', '1', 0, '', 'SNM2014'),
(39, 'DL_SNM_2014_0038B', 0, '2014-08-23', '0000-00-00', 'Vært Nina & Kristian', 'tina.joe@snm.ku.dk', '2014-08-23', '0000-00-00', '', '', '1', 0, '', 'SNM2014'),
(40, 'DL_SNM_2014_0038C', 0, '2014-08-23', '0000-00-00', 'Vært Nina & Kristian', 'tina.joe@snm.ku.dk', '2014-08-23', '0000-00-00', '', '', '1', 0, '', 'SNM2014'),
(41, 'DL_SNM_2014_0038D', 0, '2014-08-23', '0000-00-00', 'Vært Nina & Kristian', 'tina.joe@snm.ku.dk', '2014-08-23', '0000-00-00', '', '', '1', 0, '', 'SNM2014'),
(42, 'DL_SNM_2014_0039A', 0, '2014-08-23', '0000-00-00', 'Vært Nina & Kristian', 'tina.joe@snm.ku.dk', '2014-08-23', '0000-00-00', '', '', '1', 0, '', 'SNM2014'),
(43, 'DL_SNM_2014_0039A', 0, '2014-08-23', '0000-00-00', 'Vært Nina & Kristian', 'tina.joe@snm.ku.dk', '2014-08-23', '0000-00-00', '', '', '1', 0, '', 'SNM2014'),
(44, 'DL_SNM_2014_0039B', 0, '2014-08-23', '0000-00-00', 'Vært Nina & Kristian', 'tina.joe@snm.ku.dk', '2014-08-23', '0000-00-00', '', '', '1', 0, '', 'SNM2014'),
(45, 'DL_SNM_2014_0039C', 0, '2014-08-23', '0000-00-00', 'Vært Nina & Kristian', 'tina.joe@snm.ku.dk', '2014-08-23', '0000-00-00', '', '', '1', 0, '', 'SNM2014'),
(46, 'DL_SNM_2014_0040A', 0, '2014-08-23', '0000-00-00', 'Vært Nina & Kristian', 'tina.joe@snm.ku.dk', '2014-08-23', '0000-00-00', '', '', '1', 0, '', 'SNM2014'),
(47, 'DL_SNM_2014_0040B', 0, '2014-08-23', '0000-00-00', 'Vært Nina & Kristian', 'tina.joe@snm.ku.dk', '2014-08-23', '0000-00-00', '', '', '1', 0, '', 'SNM2014'),
(48, 'DL_SNM_2014_0040C', 0, '2014-08-23', '0000-00-00', 'Vært Nina & Kristian', 'tina.joe@snm.ku.dk', '2014-08-23', '0000-00-00', '', '', '1', 0, '', 'SNM2014'),
(49, 'DL_SNM_2014_0040D', 0, '2014-08-23', '0000-00-00', 'Vært Nina & Kristian', 'tina.joe@snm.ku.dk', '2014-08-23', '0000-00-00', '', '', '1', 0, '', 'SNM2014'),
(50, 'DL_SNM_2014_0041A', 0, '2014-08-23', '0000-00-00', 'Vært Nina & Kristian', 'tina.joe@snm.ku.dk', '2014-08-23', '0000-00-00', '', '', '1', 0, '', 'SNM2014'),
(51, 'DL_SNM_2014_0041B', 0, '2014-08-23', '0000-00-00', 'Vært Nina & Kristian', 'tina.joe@snm.ku.dk', '2014-08-23', '0000-00-00', '', '', '1', 0, '', 'SNM2014'),
(52, 'DL_SNM_2014_0041C', 0, '2014-08-23', '0000-00-00', 'Vært Nina & Kristian', 'tina.joe@snm.ku.dk', '2014-08-23', '0000-00-00', '', '', '1', 0, '', 'SNM2014'),
(53, 'DL_SNM_2014_0041D', 0, '2014-08-23', '0000-00-00', 'Vært Nina & Kristian', 'tina.joe@snm.ku.dk', '2014-08-23', '0000-00-00', '', '', '1', 0, '', 'SNM2014'),
(54, 'DL_SNM_2014_0042A', 0, '2014-08-23', '0000-00-00', 'Vært Nina & Kristian', 'tina.joe@snm.ku.dk', '2014-08-23', '0000-00-00', '', '', '1', 0, '', 'SNM2014'),
(55, 'DL_SNM_2014_0042B', 0, '2014-08-23', '0000-00-00', 'Vært Nina & Kristian', 'tina.joe@snm.ku.dk', '2014-08-23', '0000-00-00', '', '', '1', 0, '', 'SNM2014'),
(56, 'DL_SNM_2014_0042C', 0, '2014-08-23', '0000-00-00', 'Vært Nina & Kristian', 'tina.joe@snm.ku.dk', '2014-08-23', '0000-00-00', '', '', '1', 0, '', 'SNM2014'),
(57, 'DL_SNM_2014_0042D', 0, '2014-08-23', '0000-00-00', 'Vært Nina & Kristian', 'tina.joe@snm.ku.dk', '2014-08-23', '0000-00-00', '', '', '1', 0, '', 'SNM2014'),
(58, 'DL_SNM_2014_0043A', 0, '2014-08-23', '0000-00-00', 'Vært Nina & Kristian', 'tina.joe@snm.ku.dk', '2014-08-23', '0000-00-00', '', '', '1', 0, '', 'SNM2014'),
(59, 'DL_SNM_2014_0043B', 0, '2014-08-23', '0000-00-00', 'Vært Nina & Kristian', 'tina.joe@snm.ku.dk', '2014-08-23', '0000-00-00', '', '', '1', 0, '', 'SNM2014'),
(60, 'DL_SNM_2014_0043C', 0, '2014-08-23', '0000-00-00', 'Vært Nina & Kristian', 'tina.joe@snm.ku.dk', '2014-08-23', '0000-00-00', '', '', '1', 0, '', 'SNM2014'),
(61, 'DL_SNM_2014_0043D', 0, '2014-08-23', '0000-00-00', 'Vært Nina & Kristian', 'tina.joe@snm.ku.dk', '2014-08-23', '0000-00-00', '', '', '1', 0, '', 'SNM2014'),
(62, 'DL_SNM_2014_0044A', 0, '2014-08-24', '0000-00-00', 'Vært Simone & Kristian', 'tina.joe@snm.ku.dk', '2014-08-24', '0000-00-00', '', '', '1', 0, '4 prøver per sø koordinat (kaldet A, B, C, D)', 'SNM2014'),
(63, 'DL_SNM_2014_0044B', 0, '2014-08-24', '0000-00-00', 'Vært Simone & Kristian', 'tina.joe@snm.ku.dk', '2014-08-24', '0000-00-00', '', '', '1', 0, '4 prøver per sø koordinat (kaldet A, B, C, D)', 'SNM2014'),
(64, 'DL_SNM_2014_0044C', 0, '2014-08-24', '0000-00-00', 'Vært Simone & Kristian', 'tina.joe@snm.ku.dk', '2014-08-24', '0000-00-00', '', '', '1', 0, '4 prøver per sø koordinat (kaldet A, B, C, D)', 'SNM2014'),
(65, 'DL_SNM_2014_0044D', 0, '2014-08-24', '0000-00-00', 'Vært Simone & Kristian', 'tina.joe@snm.ku.dk', '2014-08-24', '0000-00-00', '', '', '1', 0, '4 prøver per sø koordinat (kaldet A, B, C, D)', 'SNM2014'),
(66, 'DL_SNM_2014_0045A', 0, '2014-08-24', '0000-00-00', 'Vært Simone & Kristian', 'tina.joe@snm.ku.dk', '2014-08-24', '0000-00-00', '', '', '1', 0, '2 prøver per sø koordinat (kaldet A, B)', 'SNM2014'),
(67, 'DL_SNM_2014_0045B', 0, '2014-08-24', '0000-00-00', 'Vært Simone & Kristian', 'tina.joe@snm.ku.dk', '2014-08-24', '0000-00-00', '', '', '1', 0, '2 prøver per sø koordinat (kaldet A, B)', 'SNM2014'),
(68, 'DL_SNM_2014_0046A', 0, '2014-08-24', '0000-00-00', 'Vært Simone & Kristian', 'tina.joe@snm.ku.dk', '2014-08-24', '0000-00-00', '', '', '1', 0, '4 prøver per sø koordinat (kaldet A, B, C, D)', 'SNM2014'),
(69, 'DL_SNM_2014_0046B', 0, '2014-08-24', '0000-00-00', 'Vært Simone & Kristian', 'tina.joe@snm.ku.dk', '2014-08-24', '0000-00-00', '', '', '1', 0, '4 prøver per sø koordinat (kaldet A, B, C, D)', 'SNM2014'),
(70, 'DL_SNM_2014_0046C', 0, '2014-08-24', '0000-00-00', 'Vært Simone & Kristian', 'tina.joe@snm.ku.dk', '2014-08-24', '0000-00-00', '', '', '1', 0, '4 prøver per sø koordinat (kaldet A, B, C, D)', 'SNM2014'),
(71, 'DL_SNM_2014_0046D', 0, '2014-08-24', '0000-00-00', 'Vært Simone & Kristian', 'tina.joe@snm.ku.dk', '2014-08-24', '0000-00-00', '', '', '1', 0, '4 prøver per sø koordinat (kaldet A, B, C, D)', 'SNM2014'),
(72, 'DL_SNM_2014_0047A', 0, '2014-08-24', '0000-00-00', 'Vært Simone & Kristian', 'tina.joe@snm.ku.dk', '2014-08-24', '0000-00-00', '', '', '1', 0, '4 prøver per sø koordinat (kaldet A, B, C, D)', 'SNM2014'),
(73, 'DL_SNM_2014_0047B', 0, '2014-08-24', '0000-00-00', 'Vært Simone & Kristian', 'tina.joe@snm.ku.dk', '2014-08-24', '0000-00-00', '', '', '1', 0, '4 prøver per sø koordinat (kaldet A, B, C, D)', 'SNM2014'),
(74, 'DL_SNM_2014_0047C', 0, '2014-08-24', '0000-00-00', 'Vært Simone & Kristian', 'tina.joe@snm.ku.dk', '2014-08-24', '0000-00-00', '', '', '1', 0, '4 prøver per sø koordinat (kaldet A, B, C, D)', 'SNM2014'),
(75, 'DL_SNM_2014_0047D', 0, '2014-08-24', '0000-00-00', 'Vært Simone & Kristian', 'tina.joe@snm.ku.dk', '2014-08-24', '0000-00-00', '', '', '1', 0, '4 prøver per sø koordinat (kaldet A, B, C, D)', 'SNM2014'),
(76, 'DL_SNM_2014_0048A', 0, '2014-08-24', '0000-00-00', 'Vært Simone & Kristian', 'tina.joe@snm.ku.dk', '2014-08-24', '0000-00-00', '', '', '1', 0, '4 prøver per sø koordinat (kaldet A, B, C, D)', 'SNM2014'),
(77, 'DL_SNM_2014_0048B', 0, '2014-08-24', '0000-00-00', 'Vært Simone & Kristian', 'tina.joe@snm.ku.dk', '2014-08-24', '0000-00-00', '', '', '1', 0, '4 prøver per sø koordinat (kaldet A, B, C, D)', 'SNM2014'),
(78, 'DL_SNM_2014_0048C', 0, '2014-08-24', '0000-00-00', 'Vært Simone & Kristian', 'tina.joe@snm.ku.dk', '2014-08-24', '0000-00-00', '', '', '1', 0, '4 prøver per sø koordinat (kaldet A, B, C, D)', 'SNM2014'),
(79, 'DL_SNM_2014_0048D', 0, '2014-08-24', '0000-00-00', 'Vært Simone & Kristian', 'tina.joe@snm.ku.dk', '2014-08-24', '0000-00-00', '', '', '1', 0, '4 prøver per sø koordinat (kaldet A, B, C, D)', 'SNM2014'),
(80, 'DL_SNM_2014_0049A', 0, '2014-08-24', '0000-00-00', 'Vært Simone & Kristian', 'tina.joe@snm.ku.dk', '2014-08-24', '0000-00-00', '', '', '1', 0, '4 prøver per sø koordinat (kaldet A, B, C, D)', 'SNM2014'),
(81, 'DL_SNM_2014_0049B', 0, '2014-08-24', '0000-00-00', 'Vært Simone & Kristian', 'tina.joe@snm.ku.dk', '2014-08-24', '0000-00-00', '', '', '1', 0, '4 prøver per sø koordinat (kaldet A, B, C, D)', 'SNM2014'),
(82, 'DL_SNM_2014_0049C', 0, '2014-08-24', '0000-00-00', 'Vært Simone & Kristian', 'tina.joe@snm.ku.dk', '2014-08-24', '0000-00-00', '', '', '1', 0, '4 prøver per sø koordinat (kaldet A, B, C, D)', 'SNM2014'),
(83, 'DL_SNM_2014_0049D', 0, '2014-08-24', '0000-00-00', 'Vært Simone & Kristian', 'tina.joe@snm.ku.dk', '2014-08-24', '0000-00-00', '', '', '1', 0, '4 prøver per sø koordinat (kaldet A, B, C, D)', 'SNM2014'),
(84, 'DL_SNM_2014_0050A', 0, '2014-08-24', '0000-00-00', 'Vært Simone & Kristian', 'tina.joe@snm.ku.dk', '2014-08-24', '0000-00-00', '', '', '1', 0, '4 prøver per sø koordinat (kaldet A, B, C, D)', 'SNM2014'),
(85, 'DL_SNM_2014_0050B', 0, '2014-08-24', '0000-00-00', 'Vært Simone & Kristian', 'tina.joe@snm.ku.dk', '2014-08-24', '0000-00-00', '', '', '1', 0, '4 prøver per sø koordinat (kaldet A, B, C, D)', 'SNM2014'),
(86, 'DL_SNM_2014_0050C', 0, '2014-08-24', '0000-00-00', 'Vært Simone & Kristian', 'tina.joe@snm.ku.dk', '2014-08-24', '0000-00-00', '', '', '1', 0, '4 prøver per sø koordinat (kaldet A, B, C, D)', 'SNM2014'),
(87, 'DL_SNM_2014_0050D', 0, '2014-08-24', '0000-00-00', 'Vært Simone & Kristian', 'tina.joe@snm.ku.dk', '2014-08-24', '0000-00-00', '', '', '1', 0, '4 prøver per sø koordinat (kaldet A, B, C, D)', 'SNM2014'),
(88, 'DL_SNM_2014_0051A', 0, '2014-08-24', '0000-00-00', 'Vært Simone & Kristian', 'tina.joe@snm.ku.dk', '2014-08-24', '0000-00-00', '', '', '1', 0, '2 prøver per sø koordinat (kaldet A, B)', 'SNM2014'),
(89, 'DL_SNM_2014_0051B', 0, '2014-08-24', '0000-00-00', 'Vært Simone & Kristian', 'tina.joe@snm.ku.dk', '2014-08-24', '0000-00-00', '', '', '1', 0, '2 prøver per sø koordinat (kaldet A, B)', 'SNM2014'),
(90, 'DL_SNM_2014_0052', 0, '2014-08-31', '0000-00-00', 'Camilla Albech Kleis', 'camilla.kleis@snm.ku.dk', '2014-09-02', '0000-00-00', '', '', '2', 0, '', 'SNM2014'),
(91, 'DL_SNM_2014_0053', 0, '2014-09-04', '0000-00-00', 'Tina Jørgensen', 'tina.joe@snm.ku.dk', '0000-00-00', '2014-09-05', '2x50 EB buffer', '', '', 0, '500 ml gennem sterivex filter, til sammenligning med DL_SNM_2014_0002', 'SNM2014'),
(92, 'DL_SNM_2014_0054', 0, '2014-09-07', '0000-00-00', 'Lotte Endsleff', 'lendsleff@snm.ku.dk', '2014-09-09', '0000-00-00', '', '', '2', 0, '', 'SNM2014'),
(93, 'DL_SNM_2014_0055', 0, '2014-09-07', '0000-00-00', 'Lotte Endsleff', 'lendsleff@snm.ku.dk', '2014-09-09', '0000-00-00', '', '', '2', 0, '', 'SNM2014'),
(94, 'DL_SNM_2014_0056', 0, '2014-09-16', '0000-00-00', 'Svend Erik Jørgensen', 'msijapan@hotmail.com', '2014-09-17', '0000-00-00', '', '', '', 0, '', 'SNM2014'),
(95, 'DL_SNM_2014_0057', 0, '2014-09-16', '0000-00-00', 'Svend Erik Jørgensen', 'msijapan@hotmail.com', '2014-09-19', '0000-00-00', '', '', '', 0, '', 'SNM2014'),
(96, 'DL_SNM_2014_0058', 0, '2014-09-16', '0000-00-00', 'Svend Erik Jørgensen', 'msijapan@hotmail.com', '2014-09-19', '0000-00-00', '', '', '', 0, '', 'SNM2014'),
(97, 'DL_SNM_2014_0059', 0, '2014-08-23', '0000-00-00', 'Emma Sørgaard', 'emma.sorgaard@snm.ku.dk', '2014-08-29', '0000-00-00', '', '', '1', 0, '', 'SNM2014'),
(98, '', 12, '2016-04-04', '2016-04-04', '', '', '2016-04-04', '2016-04-04', '', '', '', 0, '', 'SNM2014'),
(99, 'sss', 13, '0000-00-00', '0000-00-00', '', '', '0000-00-00', '0000-00-00', '', '', '', 0, '', 'SNM2014'),
(100, '', 0, '2016-04-05', '0000-00-00', '', '', '2016-04-04', '2016-04-04', '', '', '', 0, '', 'SNM2014'),
(101, '', 0, '0000-00-00', '0000-00-00', '', '', '0000-00-00', '0000-00-00', '', '', '', 0, '', 'SNM2014'),
(102, '', 0, '0000-00-00', '0000-00-00', '', '', '0000-00-00', '0000-00-00', '', '', '', 0, '', 'SNM2014'),
(103, '', 0, '0000-00-00', '0000-00-00', '', '', '0000-00-00', '0000-00-00', '', '', '', 0, '', 'SNM2014'),
(104, '', 0, '0000-00-00', '0000-00-00', '', '', '0000-00-00', '0000-00-00', '', '', '', 0, '', 'SNM2014'),
(105, '', 0, '0000-00-00', '0000-00-00', '', '', '0000-00-00', '0000-00-00', '', '', '', 0, '', 'SNM2014'),
(106, '', 0, '0000-00-00', '0000-00-00', '', '', '0000-00-00', '0000-00-00', '', '', '', 0, '', 'SNM2014'),
(107, '', 0, '0000-00-00', '0000-00-00', '', '', '0000-00-00', '0000-00-00', '', '', '', 0, '', 'SNM2014'),
(108, '', 0, '0000-00-00', '0000-00-00', '', '', '0000-00-00', '0000-00-00', '', '', '', 0, '', 'SNM2014'),
(109, '', 0, '0000-00-00', '0000-00-00', '', '', '0000-00-00', '0000-00-00', '', '', '', 0, '', 'SNM2014'),
(110, '', 0, '0000-00-00', '0000-00-00', '', '', '0000-00-00', '0000-00-00', '', '', '', 0, '', 'SNM2014'),
(111, '', 0, '0000-00-00', '0000-00-00', '', '', '0000-00-00', '0000-00-00', '', '', '', 0, '', 'SNM2014'),
(112, '', 0, '0000-00-00', '0000-00-00', '', '', '0000-00-00', '0000-00-00', '', '', '', 0, '', 'SNM2014'),
(113, '', 0, '0000-00-00', '0000-00-00', '', '', '0000-00-00', '0000-00-00', '', '', '', 0, '', 'SNM2014'),
(114, '', 0, '0000-00-00', '0000-00-00', '', '', '0000-00-00', '0000-00-00', '', '', '', 0, '', 'SNM2014'),
(115, '', 0, '0000-00-00', '0000-00-00', '', '', '0000-00-00', '0000-00-00', '', '', '', 0, '', 'SNM2014'),
(116, '', 0, '0000-00-00', '0000-00-00', '', '', '0000-00-00', '0000-00-00', '', '', '', 0, '', 'SNM2014'),
(117, '', 0, '0000-00-00', '0000-00-00', 'Andaine Seguin-Orlando', 'asorlando@snm.ku.dk', '0000-00-00', '0000-00-00', '', '', '', 0, '', 'SNM2014'),
(118, '', 0, '0000-00-00', '0000-00-00', 'Anna-Marie Elmkær Chwastek', 'amchwastek@snm.ku.dk', '0000-00-00', '0000-00-00', '', '', '1', 0, '', 'SNM2014'),
(119, '', 0, '0000-00-00', '0000-00-00', 'Beate Sløk-Andersen', 'beate.sa@snm.ku.dk', '0000-00-00', '0000-00-00', '', '', '1', 0, '', 'SNM2014'),
(120, '', 0, '0000-00-00', '0000-00-00', 'Bent Erik Kramer Lindow', 'lindow@snm.ku.dk', '0000-00-00', '0000-00-00', '', '', '1', 0, '', 'SNM2014'),
(121, '', 0, '0000-00-00', '0000-00-00', 'Christina Ritzl Vejlgaard', 'christina.ritzl@snm.ku.dk', '0000-00-00', '0000-00-00', '', '', '3', 0, '', 'SNM2014'),
(122, '', 0, '0000-00-00', '0000-00-00', 'Elisabeth Wulffeld', 'elisabethw@snm.ku.dk', '0000-00-00', '0000-00-00', '', '', '1', 0, '', 'SNM2014'),
(123, '', 0, '0000-00-00', '0000-00-00', 'Hanne Strager', 'hanne@snm.ku.dk', '0000-00-00', '0000-00-00', '', '', '1', 0, '', 'SNM2014'),
(124, '', 0, '0000-00-00', '0000-00-00', 'Henning Haack', 'hh@snm.ku.dk', '0000-00-00', '0000-00-00', '', '', '3', 0, '', 'SNM2014'),
(125, '', 0, '0000-00-00', '0000-00-00', 'Johnny Busch', 'johnnyb@snm.ku.dk', '0000-00-00', '0000-00-00', '', '', '2', 0, '', 'SNM2014'),
(126, '', 0, '0000-00-00', '0000-00-00', 'Karsten Elmose Vad', 'kevad@snm.ku.dk', '0000-00-00', '0000-00-00', '', '', '2', 0, '', 'SNM2014'),
(127, '', 0, '0000-00-00', '0000-00-00', 'Katrine Minddal', 'katrine.minddal@snm.ku.dk', '0000-00-00', '0000-00-00', '', '', '3', 0, '', 'SNM2014'),
(128, '', 0, '0000-00-00', '0000-00-00', '', '', '0000-00-00', '0000-00-00', '', '', '', 0, '', 'SNM2014'),
(129, '', 0, '0000-00-00', '0000-00-00', 'Kristian Greisen', 'kristian.greisen@snm.ku.dk', '0000-00-00', '0000-00-00', '', '', '3', 0, '', 'SNM2014'),
(130, '', 0, '0000-00-00', '0000-00-00', 'Lisbeth Hansen', 'lisbethha@snm.ku.dk', '0000-00-00', '0000-00-00', '', '', '2', 0, '', 'SNM2014'),
(131, '', 0, '0000-00-00', '0000-00-00', '', '', '0000-00-00', '0000-00-00', '', '', '', 0, '', 'SNM2014'),
(132, '', 0, '0000-00-00', '0000-00-00', '', '', '0000-00-00', '0000-00-00', '', '', '', 0, '', 'SNM2014'),
(133, '', 0, '0000-00-00', '0000-00-00', '', '', '0000-00-00', '0000-00-00', '', '', '', 0, '', 'SNM2014'),
(134, '', 0, '0000-00-00', '0000-00-00', '', '', '0000-00-00', '0000-00-00', '', '', '', 0, '', 'SNM2014'),
(135, '', 0, '0000-00-00', '0000-00-00', '', '', '0000-00-00', '0000-00-00', '', '', '', 0, '', 'SNM2014'),
(136, '', 0, '0000-00-00', '0000-00-00', 'Mia Lindegaard-Petersen', 'mia.pedersen@snm.ku.dk', '0000-00-00', '0000-00-00', '', '', '1', 0, '', 'SNM2014'),
(137, '', 0, '0000-00-00', '0000-00-00', 'Morten Winther Ravn', 'morten.ravn@snm.ku.dk', '0000-00-00', '0000-00-00', '', '', '2', 0, '', 'SNM2014'),
(138, '', 0, '0000-00-00', '0000-00-00', 'Rikke Danø', 'rsdanoe@snm.ku.dk', '0000-00-00', '0000-00-00', '', '', '3', 0, '', 'SNM2014'),
(139, '', 0, '0000-00-00', '0000-00-00', 'Sidsel Willemann', 'sidsel.willemann@snm.ku.dk', '0000-00-00', '0000-00-00', '', '', '1', 0, '', 'SNM2014'),
(140, '', 0, '0000-00-00', '0000-00-00', 'Skjalm Asser Biba', 'skjalm.biba@snm.ku.dk', '0000-00-00', '0000-00-00', '', '', '1', 0, '', 'SNM2014'),
(141, '', 0, '0000-00-00', '0000-00-00', 'SNM-drektionen', '', '0000-00-00', '0000-00-00', '', '', '10', 0, '', 'SNM2014'),
(142, '', 0, '0000-00-00', '0000-00-00', 'Tobias Guldberg Frøslev', 'skjalm.biba@snm.ku.dk', '0000-00-00', '0000-00-00', '', '', '3', 0, '', 'SNM2014'),
(143, '', 0, '0000-00-00', '0000-00-00', 'Tobias Valentin Rasmussen', 'tobiasvalentin@snm.ku.dk', '0000-00-00', '0000-00-00', '', '', '1', 0, '', 'SNM2014'),
(144, '', 0, '0000-00-00', '0000-00-00', 'Tore Hejl Holm -Hansen', 'tore.holm.hansen@snm.ku.dk', '0000-00-00', '0000-00-00', '', '', '2', 0, '', 'SNM2014'),
(145, 'DL_SNM_2015_001', 0, '2015-04-20', '2015-11-24', 'Skjalm Biba', 'Skjalm.Biba@snm.ku.dk', '2015-04-24', '2015-04-27', '125 µl EB', '92.6', '', 0, '', 'SNM2015'),
(146, 'DL_SNM_2015_002', 0, '2015-05-03', '2015-07-10', 'Luise Ørsted Brandt', 'lbrandt@hum.ku.dk', '2015-05-04', '2015-05-06', '125µl', '4.26', '', 0, '', 'SNM2015'),
(147, 'DL_SNM_2015_003', 0, '2015-05-17', '0000-00-00', '?', '', '2015-05-19', '0000-00-00', '', '', '', 0, '', 'SNM2015'),
(148, 'DL_SNM_2015_004', 0, '2015-05-17', '0000-00-00', 'Marie Lillemark', 'marie.lillemark@snm.ku.dk', '2015-05-19', '0000-00-00', '', '', '', 0, '', 'SNM2015'),
(149, 'DL_SNM_2015_005', 0, '2015-05-23', '0000-00-00', 'Trine Sørensen', 'trines@snm.ku.dk', '2015-05-26', '0000-00-00', '', '', '', 0, '', 'SNM2015'),
(150, 'DL_SNM_2015_006', 0, '2015-05-25', '0000-00-00', 'Nina Rønsted', 'nronsted@snm.ku.dk', '2015-05-26', '0000-00-00', '', '', '', 0, '', 'SNM2015'),
(151, 'DL_SNM_2015_007', 0, '2015-05-22', '0000-00-00', 'Morten Meldgaard', 'mmeldgaard@snm.ku.dk', '2015-05-26', '0000-00-00', '', '', '', 0, '', 'SNM2015'),
(152, 'DL_SNM_2015_008', 0, '2015-05-24', '0000-00-00', 'Kristian Bjergbakke', 'kbjergbakke@snm.ku.dk', '2015-05-26', '0000-00-00', '', '', '', 0, '', 'SNM2015'),
(153, 'DL_SNM_2015_009', 0, '2015-05-24', '0000-00-00', 'Marie Lillemark', 'marie.lillemark@snm.ku.dk', '2015-05-26', '0000-00-00', '', '', '', 0, '', 'SNM2015'),
(154, 'DL_SNM_2015_010', 0, '2015-05-31', '2015-12-09', 'Henning Haack', 'hh@snm.ku.dk', '2015-06-02', '2015-08-17', '125 µl EB', '19.9', '', 0, '', 'SNM2015'),
(155, 'DL_SNM_2015_011', 0, '2015-05-31', '2016-01-08', 'Henning Haack', 'hh@snm.ku.dk', '2015-06-02', '2015-08-17', '125 µl EB', '3.92', '', 0, '', 'SNM2015'),
(156, 'DL_SNM_2015_012', 0, '2015-05-31', '0000-00-00', 'Lykke Maria Jensen', 'lykkemjensen@snm.ku.dk', '2015-06-01', '2015-08-17', '125 µl EB', '28.4', '', 0, '', 'SNM2015'),
(157, 'DL_SNM_2015_013', 0, '2015-05-31', '2016-02-02', 'Marie-Louise Siggaard-Andersen', 'mlsandersen@snm.ku.dk', '2015-06-01', '2015-08-17', '125 µl EB', '16.7', '', 0, '', 'SNM2015'),
(158, 'DL_SNM_2015_014', 0, '2015-05-30', '2015-11-05', 'Cecilie Toudal Pedersen', 'cecilie.toudal@snm.ku.dk', '2015-06-01', '2015-08-25', '125 µl EB', '41.6', '', 0, '', 'SNM2015'),
(159, 'DL_SNM_2015_015', 0, '2015-06-06', '0000-00-00', 'Rikke Danø', 'rsdanoe@snm.ku.dk', '2015-06-08', '2015-11-05', '125 µl EB', '3.78', '', 0, '', 'SNM2015'),
(160, 'DL_SNM_2015_016', 0, '2015-06-06', '0000-00-00', 'Marie Lillemark', 'marie.lillemark@snm.ku.dk', '2015-06-08', '0000-00-00', '', '', '', 0, '', 'SNM2015'),
(161, 'DL_SNM_2015_017', 0, '2015-06-07', '0000-00-00', 'Elisabeth Wulffeld', 'elisabethw@snm.ku.dk', '2015-06-10', '2015-11-05', '125 µl EB', '7.96', '', 0, '', 'SNM2015'),
(162, 'DL_SNM_2015_018', 0, '2015-06-07', '0000-00-00', 'Elisabeth Wulffeld', 'elisabethw@snm.ku.dk', '2015-06-11', '2015-08-17', '125 µl EB', '5.3', '', 0, '', 'SNM2015'),
(163, 'DL_SNM_2015_019', 0, '2015-06-06', '0000-00-00', 'Bjørn Hermannsen', 'bhermansen@snm.ku.dk', '2015-06-10', '2015-11-05', '125 µl EB', '2.04', '', 0, '', 'SNM2015'),
(164, 'DL_SNM_2015_020', 0, '2015-06-04', '2016-02-04', 'Anna-Sofie Stensgaard', 'asstensgaard@snm.ku.dk', '2015-06-10', '2015-11-05', '125 µl EB', '23.2', '', 0, '', 'SNM2015'),
(165, 'DL_SNM_2015_021', 0, '2015-06-23', '0000-00-00', '?', '', '2015-06-29', '2015-08-17', '125 µl EB', '10.3', '', 0, '', 'SNM2015'),
(166, 'DL_SNM_2015_022', 0, '2015-06-14', '2015-11-06', 'Anna-Sofie Stensgaard', 'asstensgaard@snm.ku.dk', '2015-07-01', '2015-08-25', '125 µl EB', '1.58', '', 0, '', 'SNM2015'),
(167, 'DL_SNM_2015_023', 0, '2015-06-26', '2015-07-10', 'Marie Lillemark & Andreas Kelager', 'marie.lillemark@snm.ku.dk; akelager@snm.', '2015-06-26', '2015-07-07', '125 µl EB', '0.68', '', 0, '', 'SNM2015'),
(168, 'DL_SNM_2015_024', 0, '2015-06-26', '2015-11-25', 'Marie Lillemark & Andreas Kelager', 'marie.lillemark@snm.ku.dk; akelager@snm.', '2015-06-26', '2015-07-07', '125 µl EB', '0.886', '', 0, '', 'SNM2015'),
(169, 'DL_SNM_2015_025', 0, '2015-06-26', '2015-12-03', 'Marie Lillemark & Andreas Kelager', 'marie.lillemark@snm.ku.dk; akelager@snm.', '2015-06-26', '2015-07-07', '125 µl EB', '0.99', '', 0, '', 'SNM2015'),
(170, 'DL_SNM_2015_026', 0, '2015-07-02', '2015-01-26', 'Rikke Høvring', 'rikkemai@snm.ku.dk', '2015-07-07', '2015-08-25', '125 µl EB', '56.8', '', 0, '', 'SNM2015'),
(171, 'DL_SNM_2015_027', 0, '2015-06-05', '0000-00-00', 'Andreas Kelager', 'akelager@snm.ku.dk', '2015-07-07', '2015-08-17', '125 µl EB', '11.4', '', 0, '', 'SNM2015'),
(172, 'DL_SNM_2015_028', 0, '2015-07-02', '0000-00-00', 'Rikke Høvring', 'rikkemai@snm.ku.dk', '2015-07-08', '0000-00-00', '', '', '', 0, '', 'SNM2015'),
(173, 'DL_SNM_2015_029', 0, '2015-07-02', '0000-00-00', 'Rikke Høvring', 'rikkemai@snm.ku.dk', '2015-07-08', '0000-00-00', '', '', '', 0, '', 'SNM2015'),
(174, 'DL_SNM_2015_030', 0, '2015-07-16', '0000-00-00', 'Mia Lindegaard Pedersen', 'mia.pedersen@snm.ku.dk', '2015-07-24', '2015-08-25', '125 µl EB', '2.4', '', 0, '', 'SNM2015'),
(175, 'DL_SNM_2015_031', 0, '2015-07-24', '0000-00-00', 'Nanna Heidemann', 'nanna.heidemann@snm.ku.dk', '2015-07-31', '2015-08-25', '125 µl EB', '25.4', '', 0, '', 'SNM2015'),
(176, 'DL_SNM_2015_032', 0, '2015-08-09', '2016-02-03', 'Maiken Engelhardt', 'mengelhardt@snm.ku.dk', '0000-00-00', '2015-08-25', '125 µl EB', '2.72', '', 0, '', 'SNM2015'),
(177, 'DL_SNM_2015_033', 0, '2015-08-09', '0000-00-00', 'Maiken Engelhardt', 'mengelhardt@snm.ku.dk', '0000-00-00', '2015-08-25', '125 µl EB', '2.06', '', 0, '', 'SNM2015'),
(178, 'DL_SNM_2015_034', 0, '2015-09-13', '0000-00-00', 'Mette Wenøe', 'mette.wenoe@snm.ku.dk', '2015-09-17', '0000-00-00', '', '', '', 0, '', 'SNM2015'),
(179, 'DL_SNM_2015_035', 0, '2015-09-18', '0000-00-00', 'Vivi Malmkvist Andersen', 'vivi.andersen@snm.ku.dk', '2015-09-25', '0000-00-00', '', '', '', 0, '', 'SNM2015'),
(180, 'DL_SNM_2015_036', 0, '2015-09-18', '0000-00-00', 'Vivi Malmkvist Andersen', 'vivi.andersen@snm.ku.dk', '2015-09-25', '0000-00-00', '', '', '', 0, '', 'SNM2015'),
(181, 'DL_SNM_2015_037', 0, '2015-09-27', '0000-00-00', 'Tonni Eilersen', 'teilersen@snm.ku.dk', '2015-10-02', '0000-00-00', '', '', '', 0, '', 'SNM2015'),
(182, 'DL_SNM_2015_038', 0, '2015-09-27', '0000-00-00', 'Tonni Eilersen', 'teilersen@snm.ku.dk', '2015-10-02', '0000-00-00', '', '', '', 0, '', 'SNM2015'),
(183, 'DL_SNM_2015_039', 0, '2015-11-26', '0000-00-00', 'Mette Grøn', 'meddi@hotmail.com', '2015-11-26', '0000-00-00', '', '', '', 0, 'Der er to ens prøver.', 'SNM2015'),
(184, 'TEST', NULL, NULL, NULL, NULL, NULL, NULL, NULL, NULL, NULL, NULL, NULL, NULL, NULL),
(185, 'TEST', NULL, NULL, NULL, NULL, NULL, NULL, NULL, NULL, NULL, NULL, NULL, NULL, NULL);

-- --------------------------------------------------------

--
-- Table structure for table `resultat`
--

CREATE TABLE IF NOT EXISTS `resultat` (
  `resultat_id` int(11) NOT NULL AUTO_INCREMENT,
  `booking_id` int(11) NOT NULL,
  `proeve_id` int(11) NOT NULL,
  PRIMARY KEY (`resultat_id`)
) ENGINE=InnoDB  DEFAULT CHARSET=utf8 AUTO_INCREMENT=9 ;

--
-- Dumping data for table `resultat`
--

INSERT INTO `resultat` (`resultat_id`, `booking_id`, `proeve_id`) VALUES
(1, 6, 13),
(2, 5, 17),
(3, 14, 15),
(4, 14, 0),
(5, 0, 0),
(6, 0, 0),
(7, 0, 0),
(8, 1, 0);

-- --------------------------------------------------------

--
-- Table structure for table `resultat_taxon`
--

CREATE TABLE IF NOT EXISTS `resultat_taxon` (
  `resultat_taxon_id` int(11) NOT NULL AUTO_INCREMENT,
  `resultat_id` int(11) NOT NULL,
  `taxon_id` int(11) NOT NULL,
  `analyseret` tinyint(1) DEFAULT NULL,
  `positiv` tinyint(1) DEFAULT NULL,
  `negativ` tinyint(1) DEFAULT NULL,
  `eDNA` tinyint(1) DEFAULT NULL,
  `paalidelig` tinyint(1) DEFAULT NULL,
  PRIMARY KEY (`resultat_taxon_id`)
) ENGINE=InnoDB  DEFAULT CHARSET=utf8 AUTO_INCREMENT=185 ;

--
-- Dumping data for table `resultat_taxon`
--

INSERT INTO `resultat_taxon` (`resultat_taxon_id`, `resultat_id`, `taxon_id`, `analyseret`, `positiv`, `negativ`, `eDNA`, `paalidelig`) VALUES
(1, 1, 1, 1, 1, NULL, 1, NULL),
(2, 1, 2, 1, 1, NULL, 1, NULL),
(3, 1, 3, 1, NULL, NULL, 1, NULL),
(4, 1, 4, NULL, 1, NULL, NULL, NULL),
(5, 1, 5, 1, NULL, NULL, NULL, NULL),
(6, 1, 6, 1, 1, NULL, NULL, NULL),
(7, 1, 7, 1, 0, NULL, NULL, NULL),
(8, 1, 8, 1, 0, NULL, NULL, NULL),
(9, 1, 9, 1, NULL, NULL, NULL, NULL),
(10, 1, 10, 1, 0, NULL, NULL, NULL),
(11, 1, 11, 1, NULL, NULL, NULL, NULL),
(12, 1, 12, 1, 1, 1, 0, NULL),
(13, 1, 13, NULL, NULL, 1, NULL, NULL),
(14, 1, 14, NULL, 1, 1, NULL, NULL),
(15, 1, 15, NULL, NULL, NULL, NULL, NULL),
(16, 1, 16, NULL, NULL, NULL, NULL, NULL),
(17, 1, 17, NULL, NULL, NULL, NULL, NULL),
(18, 1, 18, NULL, NULL, NULL, NULL, NULL),
(19, 1, 19, NULL, NULL, NULL, NULL, NULL),
(20, 1, 20, NULL, NULL, NULL, NULL, NULL),
(21, 1, 21, NULL, NULL, NULL, NULL, NULL),
(22, 1, 22, NULL, NULL, NULL, 1, NULL),
(23, 1, 23, NULL, NULL, NULL, NULL, NULL),
(24, 2, 1, 1, 1, 1, 1, NULL),
(25, 2, 2, 1, 1, NULL, NULL, NULL),
(26, 2, 3, 1, NULL, NULL, NULL, NULL),
(27, 2, 4, NULL, 0, NULL, NULL, NULL),
(28, 2, 5, NULL, 0, NULL, NULL, 1),
(29, 2, 6, 1, 0, NULL, NULL, NULL),
(30, 2, 7, 1, NULL, NULL, NULL, NULL),
(31, 2, 8, NULL, NULL, NULL, NULL, NULL),
(32, 2, 10, NULL, NULL, NULL, NULL, NULL),
(33, 2, 11, NULL, NULL, NULL, NULL, NULL),
(34, 2, 9, NULL, NULL, NULL, NULL, NULL),
(35, 2, 12, NULL, NULL, NULL, NULL, NULL),
(36, 2, 13, NULL, NULL, NULL, NULL, NULL),
(37, 2, 14, NULL, NULL, 1, NULL, NULL),
(38, 2, 15, NULL, NULL, 1, NULL, NULL),
(39, 2, 16, NULL, NULL, NULL, NULL, NULL),
(40, 2, 17, NULL, NULL, NULL, NULL, NULL),
(41, 2, 18, NULL, NULL, NULL, NULL, NULL),
(42, 2, 19, NULL, NULL, NULL, NULL, NULL),
(43, 2, 20, NULL, NULL, NULL, NULL, NULL),
(44, 2, 21, NULL, NULL, 1, NULL, NULL),
(45, 2, 22, NULL, NULL, NULL, NULL, NULL),
(46, 2, 23, NULL, NULL, NULL, NULL, NULL),
(47, 3, 1, 1, NULL, NULL, 0, 0),
(48, 3, 2, 1, 1, NULL, NULL, NULL),
(49, 3, 3, 1, 1, NULL, NULL, NULL),
(50, 3, 4, NULL, 1, NULL, NULL, NULL),
(51, 3, 5, NULL, NULL, NULL, NULL, NULL),
(52, 3, 6, NULL, NULL, NULL, NULL, NULL),
(53, 3, 7, NULL, NULL, NULL, NULL, NULL),
(54, 3, 8, NULL, NULL, NULL, NULL, NULL),
(55, 3, 9, NULL, NULL, NULL, NULL, NULL),
(56, 3, 10, NULL, NULL, NULL, NULL, NULL),
(57, 3, 11, NULL, NULL, NULL, NULL, NULL),
(58, 3, 12, NULL, NULL, NULL, NULL, NULL),
(59, 3, 13, NULL, NULL, NULL, NULL, NULL),
(60, 3, 14, NULL, NULL, NULL, NULL, NULL),
(61, 3, 15, NULL, NULL, NULL, NULL, NULL),
(62, 3, 16, NULL, NULL, NULL, NULL, NULL),
(63, 3, 17, NULL, NULL, NULL, NULL, NULL),
(64, 3, 18, NULL, NULL, NULL, NULL, NULL),
(65, 3, 19, NULL, NULL, NULL, NULL, NULL),
(66, 3, 20, NULL, NULL, NULL, NULL, NULL),
(67, 3, 21, NULL, NULL, NULL, NULL, NULL),
(68, 3, 22, NULL, NULL, NULL, NULL, NULL),
(69, 3, 23, NULL, NULL, NULL, NULL, NULL),
(70, 4, 1, 1, 1, 1, NULL, NULL),
(71, 4, 2, 1, 1, 1, NULL, NULL),
(72, 4, 3, NULL, NULL, NULL, NULL, NULL),
(73, 4, 4, NULL, NULL, NULL, NULL, NULL),
(74, 4, 5, NULL, NULL, NULL, NULL, NULL),
(75, 4, 6, NULL, NULL, NULL, NULL, NULL),
(76, 4, 7, NULL, NULL, NULL, NULL, NULL),
(77, 4, 8, NULL, NULL, NULL, NULL, NULL),
(78, 4, 10, NULL, NULL, NULL, NULL, NULL),
(79, 4, 9, NULL, NULL, NULL, NULL, NULL),
(80, 4, 11, NULL, NULL, NULL, NULL, NULL),
(81, 4, 12, NULL, NULL, NULL, NULL, NULL),
(82, 4, 13, NULL, NULL, NULL, NULL, NULL),
(83, 4, 14, NULL, NULL, NULL, NULL, NULL),
(84, 4, 15, NULL, NULL, NULL, NULL, NULL),
(85, 4, 16, NULL, NULL, NULL, NULL, NULL),
(86, 4, 17, NULL, NULL, NULL, NULL, NULL),
(87, 4, 18, NULL, NULL, NULL, NULL, NULL),
(88, 4, 19, NULL, NULL, NULL, NULL, NULL),
(89, 4, 20, NULL, NULL, NULL, NULL, NULL),
(90, 4, 21, NULL, NULL, NULL, NULL, NULL),
(91, 4, 22, NULL, NULL, NULL, NULL, NULL),
(92, 4, 23, NULL, NULL, NULL, NULL, NULL),
(93, 5, 1, 1, 1, 1, 1, 1),
(94, 5, 2, 1, 1, 1, 1, 1),
(95, 5, 3, 1, 1, 1, 1, 1),
(96, 5, 4, NULL, NULL, NULL, NULL, NULL),
(97, 5, 6, NULL, NULL, NULL, NULL, NULL),
(98, 5, 5, NULL, NULL, NULL, NULL, NULL),
(99, 5, 7, NULL, NULL, NULL, NULL, NULL),
(100, 5, 8, NULL, NULL, NULL, NULL, NULL),
(101, 5, 9, NULL, NULL, NULL, NULL, NULL),
(102, 5, 10, NULL, NULL, NULL, NULL, NULL),
(103, 5, 11, NULL, NULL, NULL, NULL, NULL),
(104, 5, 12, NULL, NULL, NULL, NULL, NULL),
(105, 5, 13, NULL, NULL, NULL, NULL, NULL),
(106, 5, 14, NULL, NULL, NULL, NULL, NULL),
(107, 5, 15, NULL, NULL, NULL, NULL, NULL),
(108, 5, 16, NULL, NULL, NULL, NULL, NULL),
(109, 5, 17, NULL, NULL, NULL, NULL, NULL),
(110, 5, 18, NULL, NULL, NULL, NULL, NULL),
(111, 5, 19, NULL, NULL, NULL, NULL, NULL),
(112, 5, 22, NULL, NULL, NULL, NULL, NULL),
(113, 5, 20, NULL, NULL, NULL, NULL, NULL),
(114, 5, 21, NULL, NULL, NULL, NULL, NULL),
(115, 5, 23, NULL, NULL, NULL, NULL, NULL),
(116, 6, 1, NULL, NULL, NULL, NULL, NULL),
(117, 6, 2, NULL, NULL, NULL, NULL, NULL),
(118, 6, 3, NULL, NULL, NULL, NULL, NULL),
(119, 6, 4, NULL, NULL, NULL, NULL, NULL),
(120, 6, 5, NULL, NULL, NULL, NULL, NULL),
(121, 6, 6, NULL, NULL, NULL, NULL, NULL),
(122, 6, 7, NULL, NULL, NULL, NULL, NULL),
(123, 6, 8, NULL, NULL, NULL, NULL, NULL),
(124, 6, 9, NULL, NULL, NULL, NULL, NULL),
(125, 6, 10, NULL, NULL, NULL, NULL, NULL),
(126, 6, 11, NULL, NULL, NULL, NULL, NULL),
(127, 6, 12, NULL, NULL, NULL, NULL, NULL),
(128, 6, 13, NULL, NULL, NULL, NULL, NULL),
(129, 6, 14, NULL, NULL, NULL, NULL, NULL),
(130, 6, 15, NULL, NULL, NULL, NULL, NULL),
(131, 6, 16, NULL, NULL, NULL, NULL, NULL),
(132, 6, 17, NULL, NULL, NULL, NULL, NULL),
(133, 6, 18, NULL, NULL, NULL, NULL, NULL),
(134, 6, 19, NULL, NULL, NULL, NULL, NULL),
(135, 6, 20, NULL, NULL, NULL, NULL, NULL),
(136, 6, 21, NULL, NULL, NULL, NULL, NULL),
(137, 6, 22, NULL, NULL, NULL, NULL, NULL),
(138, 6, 23, NULL, NULL, NULL, NULL, NULL),
(139, 7, 1, NULL, NULL, NULL, NULL, NULL),
(140, 7, 2, NULL, NULL, NULL, NULL, NULL),
(141, 7, 3, NULL, NULL, NULL, NULL, NULL),
(142, 7, 4, NULL, NULL, NULL, NULL, NULL),
(143, 7, 5, NULL, NULL, NULL, NULL, NULL),
(144, 7, 6, NULL, NULL, NULL, NULL, NULL),
(145, 7, 7, NULL, NULL, NULL, NULL, NULL),
(146, 7, 8, NULL, NULL, NULL, NULL, NULL),
(147, 7, 9, NULL, NULL, NULL, NULL, NULL),
(148, 7, 10, NULL, NULL, NULL, NULL, NULL),
(149, 7, 11, NULL, NULL, NULL, NULL, NULL),
(150, 7, 12, NULL, NULL, NULL, NULL, NULL),
(151, 7, 13, NULL, NULL, NULL, NULL, NULL),
(152, 7, 14, NULL, NULL, NULL, NULL, NULL),
(153, 7, 15, NULL, NULL, NULL, NULL, NULL),
(154, 7, 16, NULL, NULL, NULL, NULL, NULL),
(155, 7, 17, NULL, NULL, NULL, NULL, NULL),
(156, 7, 18, NULL, NULL, NULL, NULL, NULL),
(157, 7, 19, NULL, NULL, NULL, NULL, NULL),
(158, 7, 20, NULL, NULL, NULL, NULL, NULL),
(159, 7, 21, NULL, NULL, NULL, NULL, NULL),
(160, 7, 22, NULL, NULL, NULL, NULL, NULL),
(161, 7, 23, NULL, NULL, NULL, NULL, NULL),
(162, 8, 1, 1, 0, 0, 0, 0),
(163, 8, 2, 1, NULL, NULL, NULL, NULL),
(164, 8, 3, 1, NULL, NULL, NULL, NULL),
(165, 8, 4, 1, NULL, NULL, NULL, NULL),
(166, 8, 5, NULL, NULL, NULL, NULL, NULL),
(167, 8, 6, NULL, NULL, NULL, NULL, NULL),
(168, 8, 7, NULL, NULL, NULL, NULL, NULL),
(169, 8, 8, NULL, NULL, NULL, NULL, NULL),
(170, 8, 9, NULL, NULL, NULL, NULL, NULL),
(171, 8, 11, NULL, NULL, NULL, NULL, NULL),
(172, 8, 10, NULL, NULL, NULL, NULL, NULL),
(173, 8, 12, NULL, NULL, NULL, NULL, NULL),
(174, 8, 14, NULL, NULL, NULL, NULL, NULL),
(175, 8, 13, NULL, NULL, NULL, NULL, NULL),
(176, 8, 15, NULL, NULL, NULL, NULL, NULL),
(177, 8, 16, NULL, NULL, NULL, NULL, NULL),
(178, 8, 17, NULL, NULL, NULL, NULL, NULL),
(179, 8, 18, NULL, NULL, NULL, NULL, NULL),
(180, 8, 19, NULL, NULL, NULL, NULL, NULL),
(181, 8, 21, NULL, NULL, NULL, NULL, NULL),
(182, 8, 22, NULL, NULL, NULL, NULL, NULL),
(183, 8, 20, NULL, NULL, NULL, NULL, NULL),
(184, 8, 23, NULL, NULL, NULL, NULL, NULL);

-- --------------------------------------------------------

--
-- Table structure for table `taxon`
--

CREATE TABLE IF NOT EXISTS `taxon` (
  `taxon_id` int(11) NOT NULL AUTO_INCREMENT,
  `taxon_navn` varchar(100) NOT NULL,
  `taxon_navn_dk` varchar(100) DEFAULT NULL,
  `taxon_artsgruppe` varchar(50) DEFAULT NULL,
  `taxon_basisliste` tinyint(1) NOT NULL DEFAULT '0',
  PRIMARY KEY (`taxon_id`),
  UNIQUE KEY `taxon_navn` (`taxon_navn`)
) ENGINE=InnoDB  DEFAULT CHARSET=utf8 AUTO_INCREMENT=24 ;

--
-- Dumping data for table `taxon`
--

INSERT INTO `taxon` (`taxon_id`, `taxon_navn`, `taxon_navn_dk`, `taxon_artsgruppe`, `taxon_basisliste`) VALUES
(1, 'Perca fluviatilis', 'Aborre', 'Fisk', 1),
(2, 'Abramis brama', 'Brasen', 'Fisk', 0),
(3, 'Misgurnus fossilis', 'Dyndsmerling', 'Fisk', 1),
(4, 'Anguilla anguilla', 'Ål', 'Fisk', 0),
(5, 'Esox lucius', 'Gedde', 'Fisk', 1),
(6, 'Ctenopharyngodon idella', 'Græskarpe', 'Fisk', 0),
(7, 'Carassius carassius', 'Karusse', 'Fisk', 0),
(8, 'Cobitis taenia', 'Pigsmerling', 'Fisk', 1),
(9, 'Rutilus rutilus', 'Skalle', 'Fisk', 1),
(10, 'Gasterosteus aculeatus', 'Trepigget hundestejle', 'Fisk', 1),
(11, 'Dytiscus latissimus', 'Bred vandkalv', 'Biller', 1),
(12, 'Graphoderus bilineatus', 'Lys skivevandkalv', 'Biller', 1),
(13, 'Leucorrhinia pectoralis', 'Stor kærguldsmed', 'Guldsmede', 1),
(14, 'Astacus astacus', 'Flodkrebs', 'Tibenede krebsdyr', 1),
(15, 'Pacifastacus leniusculus', 'Signalkrebs', 'Tibenede krebsdyr', 1),
(16, 'Bufotes variabilis', 'Grønbroget tudse', 'Padder', 1),
(17, 'Pelobates fuscus', 'Løgfrø', 'Padder', 1),
(18, 'Hyla arborea', 'Løvfrø', 'Padder', 1),
(19, 'Rana arvalis', 'Spidssnudet frø', 'Padder', 1),
(20, 'Lissotriton vulgaris', 'Lille vandsalamander', 'Padder', 1),
(21, 'Triturus cristatus', 'Stor vandsalamander', 'Padder', 1),
(22, 'Rana temporaria', 'Butsnudet frø', 'Padder', 1),
(23, 'Scardinius erythrophthalmus', 'Rudskalle', 'Fisk', 1);

/*!40101 SET CHARACTER_SET_CLIENT=@OLD_CHARACTER_SET_CLIENT */;
/*!40101 SET CHARACTER_SET_RESULTS=@OLD_CHARACTER_SET_RESULTS */;
/*!40101 SET COLLATION_CONNECTION=@OLD_COLLATION_CONNECTION */;
